{"type":"FeatureCollection","features":[{"type":"Feature","geometry":{"type":"Point","coordinates":[-81.4687,7.7176]},"properties":{"title":"Green earthquake (Magnitude 6.6M, Depth:10km) in Panama 09/10/2026 20:25 UTC, 10 thousand (in MMI>=VII).","summary":"On 10/9/2026 8:25:39 PM, an earthquake occurred in Panama potentially affecting 10 thousand (in MMI>=VII). The earthquake had Magnitude 6.6M, Depth:10km.","date":"2026-10-09T20:25:39Z","ts":1791577539,"severity":3,"source":"gdacs_live","url":"https://www.gdacs.org/report.aspx?eventtype=EQ&eventid=1570370","layer":"gdacs","alert_level":"Green","event_type":"EQ","country":"Panama"}},{"type":"Feature","geometry":{"type":"Point","coordinates":[-80.4012,7.4362]},"properties":{"title":"Green earthquake (Magnitude 5.8M, Depth:10km) in Panama 09/10/2026 18:37 UTC, 5 thousand (in MMI>=VII).","summary":"On 10/9/2026 6:37:46 PM, an earthquake occurred in Panama potentially affecting 5 thousand (in MMI>=VII). The earthquake had Magnitude 5.8M, Depth:10km.","date":"2026-10-09T18:37:46Z","ts":1791571066,"severity":3,"source":"gdacs_live","url":"https://www.gdacs.org/report.aspx?eventtype=EQ&eventid=1570350","layer":"gdacs","alert_level":"Green","event_type":"EQ","country":"Panama"}},{"type":"Feature","geometry":{"type":"Point","coordinates":[-80.2885,7.586]},"properties":{"title":"Green earthquake (Magnitude 5.5M, Depth:10km) in Panama 09/10/2026 18:22 UTC, Few people affected (in MMI>=VII).","summary":"On 10/9/2026 6:22:15 PM, an earthquake occurred in Panama potentially affecting Few people affected (in MMI>=VII). The earthquake had Magnitude 5.5M, Depth:10km.","date":"2026-10-09T18:22:15Z","ts":1791570135,"severity":3,"source":"gdacs_live","url":"https://www.gdacs.org/report.aspx?eventtype=EQ&eventid=1570346","layer":"gdacs","alert_level":"Green","event_type":"EQ","country":"Panama"}},{"type":"Feature","geometry":{"type":"Point","coordinates":[-80.769,7.5868]},"properties":{"title":"Orange earthquake (Magnitude 7.7M, Depth:12.647km) in Panama 09/10/2026 17:56 UTC, 590 thousand (in MMI>=VII).","summary":"On 10/9/2026 5:56:06 PM, an earthquake occurred in Panama potentially affecting 590 thousand (in MMI>=VII). The earthquake had Magnitude 7.7M, Depth:12.647km.","date":"2026-10-09T17:56:06Z","ts":1791568566,"severity":6,"source":"gdacs_live","url":"https://www.gdacs.org/report.aspx?eventtype=EQ&eventid=1570339","layer":"gdacs","alert_level":"Orange","event_type":"EQ","country":"Panama"}},{"type":"Feature","geometry":{"type":"Point","coordinates":[154.4619,-60.9758]},"properties":{"title":"Green earthquake (Magnitude 5.9M, Depth:10km) in West Of Macquarie Island 09/10/2026 14:49 UTC, [unknown].","summary":"On 10/9/2026 2:49:41 PM, an earthquake occurred in West Of Macquarie Island potentially affecting [unknown]. The earthquake had Magnitude 5.9M, Depth:10km.","date":"2026-10-09T14:49:41Z","ts":1791557381,"severity":3,"source":"gdacs_live","url":"https://www.gdacs.org/report.aspx?eventtype=EQ&eventid=1570318","layer":"gdacs","alert_level":"Green","event_type":"EQ","country":"West Of Macquarie Island"}},{"type":"Feature","geometry":{"type":"Point","coordinates":[120.9975,14.0106]},"properties":{"title":"Volcanic eruption is on going for Taal in Philippines","summary":"Volcano Taal is emitting ash clouds according to the regional VAAC. The aviation alert level is Orange.","date":"2026-10-08T10:29:00Z","ts":1791455340,"severity":6,"source":"gdacs_live","url":"https://www.gdacs.org/report.aspx?eventtype=VO&eventid=1000151","layer":"gdacs","alert_level":"Orange","event_type":"VO","country":"Philippines"}},{"type":"Feature","geometry":{"type":"Point","coordinates":[168.1889,-15.5411]},"properties":{"title":"Orange earthquake (Magnitude 6.3M, Depth:10km) in Vanuatu 08/10/2026 09:00 UTC, 10 thousand (in MMI>=VII).","summary":"On 10/8/2026 9:00:07 AM, an earthquake occurred in Vanuatu potentially affecting 10 thousand (in MMI>=VII). The earthquake had Magnitude 6.3M, Depth:10km.","date":"2026-10-08T09:00:07Z","ts":1791450007,"severity":6,"source":"gdacs_live","url":"https://www.gdacs.org/report.aspx?eventtype=EQ&eventid=1570077","layer":"gdacs","alert_level":"Orange","event_type":"EQ","country":"Vanuatu"}},{"type":"Feature","geometry":{"type":"Point","coordinates":[125.1521,5.6006]},"properties":{"title":"Green earthquake (Magnitude 5.5M, Depth:52.054km) in Philippines 08/10/2026 08:07 UTC, 80 thousand in MMI V.","summary":"On 10/8/2026 8:07:59 AM, an earthquake occurred in Philippines potentially affecting 80 thousand in MMI V. The earthquake had Magnitude 5.5M, Depth:52.054km.","date":"2026-10-08T08:07:59Z","ts":1791446879,"severity":3,"source":"gdacs_live","url":"https://www.gdacs.org/report.aspx?eventtype=EQ&eventid=1570075","layer":"gdacs","alert_level":"Green","event_type":"EQ","country":"Philippines"}},{"type":"Feature","geometry":{"type":"Point","coordinates":[140.2121,-52.5475]},"properties":{"title":"Green earthquake (Magnitude 5.5M, Depth:10km) in West Of Macquarie Island 08/10/2026 06:46 UTC, [unknown].","summary":"On 10/8/2026 6:46:47 AM, an earthquake occurred in West Of Macquarie Island potentially affecting [unknown]. The earthquake had Magnitude 5.5M, Depth:10km.","date":"2026-10-08T06:46:47Z","ts":1791442007,"severity":3,"source":"gdacs_live","url":"https://www.gdacs.org/report.aspx?eventtype=EQ&eventid=1570064","layer":"gdacs","alert_level":"Green","event_type":"EQ","country":"West Of Macquarie Island"}},{"type":"Feature","geometry":{"type":"Point","coordinates":[133.66127,-23.03651]},"properties":{"title":"Green forest fire notification in Australia","summary":"On 08/10/2026, a forest fire started in Australia, until 08/10/2026.","date":"2026-10-08T00:00:00Z","ts":1791417600,"severity":3,"source":"gdacs_live","url":"https://www.gdacs.org/report.aspx?eventtype=WF&eventid=1032636","layer":"gdacs","alert_level":"Green","event_type":"WF","country":"Australia"}},{"type":"Feature","geometry":{"type":"Point","coordinates":[119.22845,46.99447]},"properties":{"title":"Green forest fire notification in Mongolia","summary":"On 08/10/2026, a forest fire started in Mongolia, until 08/10/2026.","date":"2026-10-08T00:00:00Z","ts":1791417600,"severity":3,"source":"gdacs_live","url":"https://www.gdacs.org/report.aspx?eventtype=WF&eventid=1032652","layer":"gdacs","alert_level":"Green","event_type":"WF","country":"Mongolia"}},{"type":"Feature","geometry":{"type":"Point","coordinates":[119.26723,46.94113]},"properties":{"title":"Green forest fire notification in Mongolia","summary":"On 08/10/2026, a forest fire started in Mongolia, until 09/10/2026.","date":"2026-10-08T00:00:00Z","ts":1791417600,"severity":3,"source":"gdacs_live","url":"https://www.gdacs.org/report.aspx?eventtype=WF&eventid=1032663","layer":"gdacs","alert_level":"Green","event_type":"WF","country":"Mongolia"}},{"type":"Feature","geometry":{"type":"Point","coordinates":[142.92119,-17.11051]},"properties":{"title":"Green forest fire notification in Australia","summary":"On 08/10/2026, a forest fire started in Australia, until 09/10/2026.","date":"2026-10-08T00:00:00Z","ts":1791417600,"severity":3,"source":"gdacs_live","url":"https://www.gdacs.org/report.aspx?eventtype=WF&eventid=1032653","layer":"gdacs","alert_level":"Green","event_type":"WF","country":"Australia"}},{"type":"Feature","geometry":{"type":"Point","coordinates":[135.85427,48.67287]},"properties":{"title":"Green forest fire notification in Russian Federation","summary":"On 08/10/2026, a forest fire started in Russian Federation, until 09/10/2026.","date":"2026-10-08T00:00:00Z","ts":1791417600,"severity":3,"source":"gdacs_live","url":"https://www.gdacs.org/report.aspx?eventtype=WF&eventid=1032683","layer":"gdacs","alert_level":"Green","event_type":"WF","country":"Russian Federation"}},{"type":"Feature","geometry":{"type":"Point","coordinates":[-44.05305,-11.07377]},"properties":{"title":"Green forest fire notification in Brazil","summary":"On 08/10/2026, a forest fire started in Brazil, until 09/10/2026.","date":"2026-10-08T00:00:00Z","ts":1791417600,"severity":3,"source":"gdacs_live","url":"https://www.gdacs.org/report.aspx?eventtype=WF&eventid=1032684","layer":"gdacs","alert_level":"Green","event_type":"WF","country":"Brazil"}},{"type":"Feature","geometry":{"type":"Point","coordinates":[-104.7,16.2]},"properties":{"title":"Orange notification for tropical cyclone SIMON-26. Population affected by Category 1 (120 km/h) wind speeds or higher is 0.729 million .","summary":"From 07/10/2026 to 09/10/2026, a Hurricane/Typhoon > 74 mph (maximum wind speed of 231 km/h) SIMON-26 was active in EastPacific. The cyclone affects these countries: Mexico (vulnerability Medium). Estimated population affected by category…","date":"2026-10-07T15:00:00Z","ts":1791385200,"severity":6,"source":"gdacs_live","url":"https://www.gdacs.org/report.aspx?eventtype=TC&eventid=1001335","layer":"gdacs","alert_level":"Orange","event_type":"TC","country":"Mexico"}},{"type":"Feature","geometry":{"type":"Point","coordinates":[130.04298,-20.66068]},"properties":{"title":"Green forest fire notification in Australia","summary":"On 07/10/2026, a forest fire started in Australia, until 09/10/2026.","date":"2026-10-07T00:00:00Z","ts":1791331200,"severity":3,"source":"gdacs_live","url":"https://www.gdacs.org/report.aspx?eventtype=WF&eventid=1032685","layer":"gdacs","alert_level":"Green","event_type":"WF","country":"Australia"}},{"type":"Feature","geometry":{"type":"Point","coordinates":[-63.14604,-13.16662]},"properties":{"title":"Green forest fire notification in Bolivia","summary":"On 07/10/2026, a forest fire started in Bolivia, until 09/10/2026.","date":"2026-10-07T00:00:00Z","ts":1791331200,"severity":3,"source":"gdacs_live","url":"https://www.gdacs.org/report.aspx?eventtype=WF&eventid=1032686","layer":"gdacs","alert_level":"Green","event_type":"WF","country":"Bolivia"}},{"type":"Feature","geometry":{"type":"Point","coordinates":[-45.15319,-8.95162]},"properties":{"title":"Green forest fire notification in Brazil","summary":"On 07/10/2026, a forest fire started in Brazil, until 09/10/2026.","date":"2026-10-07T00:00:00Z","ts":1791331200,"severity":3,"source":"gdacs_live","url":"https://www.gdacs.org/report.aspx?eventtype=WF&eventid=1032687","layer":"gdacs","alert_level":"Green","event_type":"WF","country":"Brazil"}},{"type":"Feature","geometry":{"type":"Point","coordinates":[135.69068,48.56183]},"properties":{"title":"Green forest fire notification in Russian Federation","summary":"On 07/10/2026, a forest fire started in Russian Federation, until 09/10/2026.","date":"2026-10-07T00:00:00Z","ts":1791331200,"severity":3,"source":"gdacs_live","url":"https://www.gdacs.org/report.aspx?eventtype=WF&eventid=1032637","layer":"gdacs","alert_level":"Green","event_type":"WF","country":"Russian Federation"}},{"type":"Feature","geometry":{"type":"Point","coordinates":[130.96134,-22.46808]},"properties":{"title":"Green forest fire notification in Australia","summary":"On 07/10/2026, a forest fire started in Australia, until 08/10/2026.","date":"2026-10-07T00:00:00Z","ts":1791331200,"severity":3,"source":"gdacs_live","url":"https://www.gdacs.org/report.aspx?eventtype=WF&eventid=1032617","layer":"gdacs","alert_level":"Green","event_type":"WF","country":"Australia"}},{"type":"Feature","geometry":{"type":"Point","coordinates":[134.06725,-16.2097]},"properties":{"title":"Green forest fire notification in Australia","summary":"On 07/10/2026, a forest fire started in Australia, until 07/10/2026.","date":"2026-10-07T00:00:00Z","ts":1791331200,"severity":3,"source":"gdacs_live","url":"https://www.gdacs.org/report.aspx?eventtype=WF&eventid=1032616","layer":"gdacs","alert_level":"Green","event_type":"WF","country":"Australia"}},{"type":"Feature","geometry":{"type":"Point","coordinates":[-87.0,29.2]},"properties":{"title":"Orange notification for tropical cyclone ISAIAS-26. Population affected by Category 1 (120 km/h) wind speeds or higher is 0.852 million .","summary":"From 06/10/2026 to 09/10/2026, a Hurricane/Typhoon > 74 mph (maximum wind speed of 194 km/h) ISAIAS-26 was active in Atlantic. The cyclone affects these countries: United States (vulnerability Low). Estimated population affected by categor…","date":"2026-10-06T21:00:00Z","ts":1791320400,"severity":6,"source":"gdacs_live","url":"https://www.gdacs.org/report.aspx?eventtype=TC&eventid=1001334","layer":"gdacs","alert_level":"Orange","event_type":"TC","country":"United States"}},{"type":"Feature","geometry":{"type":"Point","coordinates":[-153.57,58.814]},"properties":{"title":"Green earthquake (Magnitude 5.6M, Depth:88.2km) in United States 06/10/2026 18:34 UTC, 70 thousand in MMI III.","summary":"On 10/6/2026 6:34:37 PM, an earthquake occurred in United States potentially affecting 70 thousand in MMI III. The earthquake had Magnitude 5.6M, Depth:88.2km.","date":"2026-10-06T18:34:37Z","ts":1791311677,"severity":3,"source":"gdacs_live","url":"https://www.gdacs.org/report.aspx?eventtype=EQ&eventid=1569807","layer":"gdacs","alert_level":"Green","event_type":"EQ","country":"United States"}},{"type":"Feature","geometry":{"type":"Point","coordinates":[154.9316,48.4437]},"properties":{"title":"Green earthquake (Magnitude 5.8M, Depth:29km) in Russia 06/10/2026 16:48 UTC, Few people affected in MMI>=III.","summary":"On 10/6/2026 4:48:22 PM, an earthquake occurred in Russia potentially affecting Few people affected in MMI>=III. The earthquake had Magnitude 5.8M, Depth:29km.","date":"2026-10-06T16:48:22Z","ts":1791305302,"severity":3,"source":"gdacs_live","url":"https://www.gdacs.org/report.aspx?eventtype=EQ&eventid=1569799","layer":"gdacs","alert_level":"Green","event_type":"EQ","country":"Russia"}},{"type":"Feature","geometry":{"type":"Point","coordinates":[-70.70458,-33.59229]},"properties":{"title":"Green flood alert in Chile","summary":"On 06/10/2026, a flood started in Chile, lasting until 08/10/2026 (last update). The flood caused 1 deaths and 100 displaced .","date":"2026-10-06T01:00:00Z","ts":1791248400,"severity":3,"source":"gdacs_live","url":"https://www.gdacs.org/report.aspx?eventtype=FL&eventid=1104217","layer":"gdacs","alert_level":"Green","event_type":"FL","country":"Chile"}},{"type":"Feature","geometry":{"type":"Point","coordinates":[134.5801,-15.06855]},"properties":{"title":"Green forest fire notification in Australia","summary":"On 06/10/2026, a forest fire started in Australia, until 08/10/2026.","date":"2026-10-06T00:00:00Z","ts":1791244800,"severity":3,"source":"gdacs_live","url":"https://www.gdacs.org/report.aspx?eventtype=WF&eventid=1032661","layer":"gdacs","alert_level":"Green","event_type":"WF","country":"Australia"}},{"type":"Feature","geometry":{"type":"Point","coordinates":[34.21246,-6.91771]},"properties":{"title":"Green forest fire notification in Tanzania","summary":"On 06/10/2026, a forest fire started in Tanzania, until 06/10/2026.","date":"2026-10-06T00:00:00Z","ts":1791244800,"severity":3,"source":"gdacs_live","url":"https://www.gdacs.org/report.aspx?eventtype=WF&eventid=1032590","layer":"gdacs","alert_level":"Green","event_type":"WF","country":"Tanzania"}},{"type":"Feature","geometry":{"type":"Point","coordinates":[35.38912,-11.99253]},"properties":{"title":"Green forest fire notification in Mozambique","summary":"On 06/10/2026, a forest fire started in Mozambique, until 09/10/2026.","date":"2026-10-06T00:00:00Z","ts":1791244800,"severity":3,"source":"gdacs_live","url":"https://www.gdacs.org/report.aspx?eventtype=WF&eventid=1032638","layer":"gdacs","alert_level":"Green","event_type":"WF","country":"Mozambique"}},{"type":"Feature","geometry":{"type":"Point","coordinates":[33.20939,-10.33216]},"properties":{"title":"Green forest fire notification in Zambia","summary":"On 06/10/2026, a forest fire started in Zambia, until 09/10/2026.","date":"2026-10-06T00:00:00Z","ts":1791244800,"severity":3,"source":"gdacs_live","url":"https://www.gdacs.org/report.aspx?eventtype=WF&eventid=1032639","layer":"gdacs","alert_level":"Green","event_type":"WF","country":"Zambia"}},{"type":"Feature","geometry":{"type":"Point","coordinates":[-46.37698,-8.20966]},"properties":{"title":"Green forest fire notification in Brazil","summary":"On 06/10/2026, a forest fire started in Brazil, until 09/10/2026.","date":"2026-10-06T00:00:00Z","ts":1791244800,"severity":3,"source":"gdacs_live","url":"https://www.gdacs.org/report.aspx?eventtype=WF&eventid=1032670","layer":"gdacs","alert_level":"Green","event_type":"WF","country":"Brazil"}},{"type":"Feature","geometry":{"type":"Point","coordinates":[36.64481,-15.96836]},"properties":{"title":"Green forest fire notification in Mozambique","summary":"On 06/10/2026, a forest fire started in Mozambique, until 09/10/2026.","date":"2026-10-06T00:00:00Z","ts":1791244800,"severity":3,"source":"gdacs_live","url":"https://www.gdacs.org/report.aspx?eventtype=WF&eventid=1032671","layer":"gdacs","alert_level":"Green","event_type":"WF","country":"Mozambique"}},{"type":"Feature","geometry":{"type":"Point","coordinates":[98.99539,17.10536]},"properties":{"title":"Green flood alert in Thailand","summary":"On 05/10/2026, a flood started in Thailand, lasting until 07/10/2026 (last update). The flood caused 0 deaths and 0 displaced .","date":"2026-10-05T01:00:00Z","ts":1791162000,"severity":3,"source":"gdacs_live","url":"https://www.gdacs.org/report.aspx?eventtype=FL&eventid=1104169","layer":"gdacs","alert_level":"Green","event_type":"FL","country":"Thailand"}},{"type":"Feature","geometry":{"type":"Point","coordinates":[-100.0,17.66667]},"properties":{"title":"Green flood alert in Mexico","summary":"On 05/10/2026, a flood started in Mexico, lasting until 07/10/2026 (last update). The flood caused 0 deaths and 51 displaced .","date":"2026-10-05T01:00:00Z","ts":1791162000,"severity":3,"source":"gdacs_live","url":"https://www.gdacs.org/report.aspx?eventtype=FL&eventid=1104191","layer":"gdacs","alert_level":"Green","event_type":"FL","country":"Mexico"}},{"type":"Feature","geometry":{"type":"Point","coordinates":[-42.41942,-22.27528]},"properties":{"title":"Green flood alert in Brazil","summary":"On 05/10/2026, a flood started in Brazil, lasting until 07/10/2026 (last update). The flood caused 0 deaths and 56 displaced .","date":"2026-10-05T01:00:00Z","ts":1791162000,"severity":3,"source":"gdacs_live","url":"https://www.gdacs.org/report.aspx?eventtype=FL&eventid=1104216","layer":"gdacs","alert_level":"Green","event_type":"FL","country":"Brazil"}},{"type":"Feature","geometry":{"type":"Point","coordinates":[14.91723,-15.87079]},"properties":{"title":"Green forest fire notification in Angola","summary":"On 05/10/2026, a forest fire started in Angola, until 07/10/2026.","date":"2026-10-05T00:00:00Z","ts":1791158400,"severity":3,"source":"gdacs_live","url":"https://www.gdacs.org/report.aspx?eventtype=WF&eventid=1032604","layer":"gdacs","alert_level":"Green","event_type":"WF","country":"Angola"}},{"type":"Feature","geometry":{"type":"Point","coordinates":[18.00993,-16.53157]},"properties":{"title":"Green forest fire notification in Angola","summary":"On 05/10/2026, a forest fire started in Angola, until 07/10/2026.","date":"2026-10-05T00:00:00Z","ts":1791158400,"severity":3,"source":"gdacs_live","url":"https://www.gdacs.org/report.aspx?eventtype=WF&eventid=1032618","layer":"gdacs","alert_level":"Green","event_type":"WF","country":"Angola"}},{"type":"Feature","geometry":{"type":"Point","coordinates":[19.19565,-17.4644]},"properties":{"title":"Green forest fire notification in Angola","summary":"On 05/10/2026, a forest fire started in Angola, until 07/10/2026.","date":"2026-10-05T00:00:00Z","ts":1791158400,"severity":3,"source":"gdacs_live","url":"https://www.gdacs.org/report.aspx?eventtype=WF&eventid=1032619","layer":"gdacs","alert_level":"Green","event_type":"WF","country":"Angola"}},{"type":"Feature","geometry":{"type":"Point","coordinates":[132.57369,-21.86934]},"properties":{"title":"Green forest fire notification in Australia","summary":"On 05/10/2026, a forest fire started in Australia, until 09/10/2026.","date":"2026-10-05T00:00:00Z","ts":1791158400,"severity":3,"source":"gdacs_live","url":"https://www.gdacs.org/report.aspx?eventtype=WF&eventid=1032605","layer":"gdacs","alert_level":"Green","event_type":"WF","country":"Australia"}},{"type":"Feature","geometry":{"type":"Point","coordinates":[36.37438,-16.40695]},"properties":{"title":"Green forest fire notification in Mozambique","summary":"On 05/10/2026, a forest fire started in Mozambique, until 09/10/2026.","date":"2026-10-05T00:00:00Z","ts":1791158400,"severity":3,"source":"gdacs_live","url":"https://www.gdacs.org/report.aspx?eventtype=WF&eventid=1032672","layer":"gdacs","alert_level":"Green","event_type":"WF","country":"Mozambique"}},{"type":"Feature","geometry":{"type":"Point","coordinates":[33.22734,-12.81186]},"properties":{"title":"Green forest fire notification in Malawi","summary":"On 05/10/2026, a forest fire started in Malawi, until 09/10/2026.","date":"2026-10-05T00:00:00Z","ts":1791158400,"severity":3,"source":"gdacs_live","url":"https://www.gdacs.org/report.aspx?eventtype=WF&eventid=1032673","layer":"gdacs","alert_level":"Green","event_type":"WF","country":"Malawi"}},{"type":"Feature","geometry":{"type":"Point","coordinates":[35.83277,-13.66291]},"properties":{"title":"Green forest fire notification in Mozambique","summary":"On 05/10/2026, a forest fire started in Mozambique, until 09/10/2026.","date":"2026-10-05T00:00:00Z","ts":1791158400,"severity":3,"source":"gdacs_live","url":"https://www.gdacs.org/report.aspx?eventtype=WF&eventid=1032674","layer":"gdacs","alert_level":"Green","event_type":"WF","country":"Mozambique"}},{"type":"Feature","geometry":{"type":"Point","coordinates":[36.75014,-16.01929]},"properties":{"title":"Green forest fire notification in Mozambique","summary":"On 05/10/2026, a forest fire started in Mozambique, until 09/10/2026.","date":"2026-10-05T00:00:00Z","ts":1791158400,"severity":3,"source":"gdacs_live","url":"https://www.gdacs.org/report.aspx?eventtype=WF&eventid=1032675","layer":"gdacs","alert_level":"Green","event_type":"WF","country":"Mozambique"}},{"type":"Feature","geometry":{"type":"Point","coordinates":[35.8662,-13.27319]},"properties":{"title":"Green forest fire notification in Mozambique","summary":"On 05/10/2026, a forest fire started in Mozambique, until 09/10/2026.","date":"2026-10-05T00:00:00Z","ts":1791158400,"severity":3,"source":"gdacs_live","url":"https://www.gdacs.org/report.aspx?eventtype=WF&eventid=1032676","layer":"gdacs","alert_level":"Green","event_type":"WF","country":"Mozambique"}},{"type":"Feature","geometry":{"type":"Point","coordinates":[36.80843,-16.13087]},"properties":{"title":"Green forest fire notification in Mozambique","summary":"On 05/10/2026, a forest fire started in Mozambique, until 09/10/2026.","date":"2026-10-05T00:00:00Z","ts":1791158400,"severity":3,"source":"gdacs_live","url":"https://www.gdacs.org/report.aspx?eventtype=WF&eventid=1032677","layer":"gdacs","alert_level":"Green","event_type":"WF","country":"Mozambique"}},{"type":"Feature","geometry":{"type":"Point","coordinates":[-43.46415,-12.00548]},"properties":{"title":"Green forest fire notification in Brazil","summary":"On 05/10/2026, a forest fire started in Brazil, until 09/10/2026.","date":"2026-10-05T00:00:00Z","ts":1791158400,"severity":3,"source":"gdacs_live","url":"https://www.gdacs.org/report.aspx?eventtype=WF&eventid=1032688","layer":"gdacs","alert_level":"Green","event_type":"WF","country":"Brazil"}},{"type":"Feature","geometry":{"type":"Point","coordinates":[136.45023,-16.10769]},"properties":{"title":"Green forest fire notification in Australia","summary":"On 05/10/2026, a forest fire started in Australia, until 09/10/2026.","date":"2026-10-05T00:00:00Z","ts":1791158400,"severity":3,"source":"gdacs_live","url":"https://www.gdacs.org/report.aspx?eventtype=WF&eventid=1032640","layer":"gdacs","alert_level":"Green","event_type":"WF","country":"Australia"}},{"type":"Feature","geometry":{"type":"Point","coordinates":[34.18447,-6.90853]},"properties":{"title":"Green forest fire notification in Tanzania","summary":"On 05/10/2026, a forest fire started in Tanzania, until 08/10/2026.","date":"2026-10-05T00:00:00Z","ts":1791158400,"severity":3,"source":"gdacs_live","url":"https://www.gdacs.org/report.aspx?eventtype=WF&eventid=1032641","layer":"gdacs","alert_level":"Green","event_type":"WF","country":"Tanzania"}},{"type":"Feature","geometry":{"type":"Point","coordinates":[39.66313,-15.65433]},"properties":{"title":"Green forest fire notification in Mozambique","summary":"On 05/10/2026, a forest fire started in Mozambique, until 08/10/2026.","date":"2026-10-05T00:00:00Z","ts":1791158400,"severity":3,"source":"gdacs_live","url":"https://www.gdacs.org/report.aspx?eventtype=WF&eventid=1032642","layer":"gdacs","alert_level":"Green","event_type":"WF","country":"Mozambique"}},{"type":"Feature","geometry":{"type":"Point","coordinates":[-46.67908,-11.35693]},"properties":{"title":"Green forest fire notification in Brazil","summary":"On 05/10/2026, a forest fire started in Brazil, until 09/10/2026.","date":"2026-10-05T00:00:00Z","ts":1791158400,"severity":3,"source":"gdacs_live","url":"https://www.gdacs.org/report.aspx?eventtype=WF&eventid=1032654","layer":"gdacs","alert_level":"Green","event_type":"WF","country":"Brazil"}},{"type":"Feature","geometry":{"type":"Point","coordinates":[-47.35754,-11.85141]},"properties":{"title":"Green forest fire notification in Brazil","summary":"On 05/10/2026, a forest fire started in Brazil, until 09/10/2026.","date":"2026-10-05T00:00:00Z","ts":1791158400,"severity":3,"source":"gdacs_live","url":"https://www.gdacs.org/report.aspx?eventtype=WF&eventid=1032655","layer":"gdacs","alert_level":"Green","event_type":"WF","country":"Brazil"}},{"type":"Feature","geometry":{"type":"Point","coordinates":[151.5,21.4]},"properties":{"title":"Green notification for tropical cyclone KOGUMA-26. Population affected by Category 1 (120 km/h) wind speeds or higher is 0 (0 in Tropical Storm).","summary":"From 05/10/2026 to 10/10/2026, a Hurricane/Typhoon > 74 mph (maximum wind speed of 222 km/h) KOGUMA-26 was active in NWPacific. The cyclone affects these countries: [unknown] (vulnerability [unknown]). Estimated population affected by cate…","date":"2026-10-05T00:00:00Z","ts":1791158400,"severity":3,"source":"gdacs_live","url":"https://www.gdacs.org/report.aspx?eventtype=TC&eventid=1001333","layer":"gdacs","alert_level":"Green","event_type":"TC"}},{"type":"Feature","geometry":{"type":"Point","coordinates":[18.1742,-16.01524]},"properties":{"title":"Green forest fire notification in Angola","summary":"On 05/10/2026, a forest fire started in Angola, until 09/10/2026.","date":"2026-10-05T00:00:00Z","ts":1791158400,"severity":3,"source":"gdacs_live","url":"https://www.gdacs.org/report.aspx?eventtype=WF&eventid=1032591","layer":"gdacs","alert_level":"Green","event_type":"WF","country":"Angola"}},{"type":"Feature","geometry":{"type":"Point","coordinates":[142.60154,-11.8311]},"properties":{"title":"Green forest fire notification in Australia","summary":"On 04/10/2026, a forest fire started in Australia, until 09/10/2026.","date":"2026-10-04T00:00:00Z","ts":1791072000,"severity":3,"source":"gdacs_live","url":"https://www.gdacs.org/report.aspx?eventtype=WF&eventid=1032664","layer":"gdacs","alert_level":"Green","event_type":"WF","country":"Australia"}},{"type":"Feature","geometry":{"type":"Point","coordinates":[142.3523,-8.69205]},"properties":{"title":"Green forest fire notification in Papua New Guinea","summary":"On 04/10/2026, a forest fire started in Papua New Guinea, until 09/10/2026.","date":"2026-10-04T00:00:00Z","ts":1791072000,"severity":3,"source":"gdacs_live","url":"https://www.gdacs.org/report.aspx?eventtype=WF&eventid=1032665","layer":"gdacs","alert_level":"Green","event_type":"WF","country":"Papua New Guinea"}},{"type":"Feature","geometry":{"type":"Point","coordinates":[142.54425,-9.17427]},"properties":{"title":"Green forest fire notification in Papua New Guinea","summary":"On 04/10/2026, a forest fire started in Papua New Guinea, until 09/10/2026.","date":"2026-10-04T00:00:00Z","ts":1791072000,"severity":3,"source":"gdacs_live","url":"https://www.gdacs.org/report.aspx?eventtype=WF&eventid=1032666","layer":"gdacs","alert_level":"Green","event_type":"WF","country":"Papua New Guinea"}},{"type":"Feature","geometry":{"type":"Point","coordinates":[31.85375,-5.78564]},"properties":{"title":"Green forest fire notification in Tanzania","summary":"On 04/10/2026, a forest fire started in Tanzania, until 09/10/2026.","date":"2026-10-04T00:00:00Z","ts":1791072000,"severity":3,"source":"gdacs_live","url":"https://www.gdacs.org/report.aspx?eventtype=WF&eventid=1032667","layer":"gdacs","alert_level":"Green","event_type":"WF","country":"Tanzania"}},{"type":"Feature","geometry":{"type":"Point","coordinates":[-45.41414,-10.96868]},"properties":{"title":"Green forest fire notification in Brazil","summary":"On 04/10/2026, a forest fire started in Brazil, until 09/10/2026.","date":"2026-10-04T00:00:00Z","ts":1791072000,"severity":3,"source":"gdacs_live","url":"https://www.gdacs.org/report.aspx?eventtype=WF&eventid=1032656","layer":"gdacs","alert_level":"Green","event_type":"WF","country":"Brazil"}},{"type":"Feature","geometry":{"type":"Point","coordinates":[34.851,-12.92627]},"properties":{"title":"Green forest fire notification in Mozambique","summary":"On 04/10/2026, a forest fire started in Mozambique, until 09/10/2026.","date":"2026-10-04T00:00:00Z","ts":1791072000,"severity":3,"source":"gdacs_live","url":"https://www.gdacs.org/report.aspx?eventtype=WF&eventid=1032678","layer":"gdacs","alert_level":"Green","event_type":"WF","country":"Mozambique"}},{"type":"Feature","geometry":{"type":"Point","coordinates":[136.78077,-16.1184]},"properties":{"title":"Green forest fire notification in Australia","summary":"On 04/10/2026, a forest fire started in Australia, until 09/10/2026.","date":"2026-10-04T00:00:00Z","ts":1791072000,"severity":3,"source":"gdacs_live","url":"https://www.gdacs.org/report.aspx?eventtype=WF&eventid=1032606","layer":"gdacs","alert_level":"Green","event_type":"WF","country":"Australia"}},{"type":"Feature","geometry":{"type":"Point","coordinates":[136.15315,-13.44628]},"properties":{"title":"Green forest fire notification in [unknown]","summary":"On 04/10/2026, a forest fire started in [unknown], until 09/10/2026.","date":"2026-10-04T00:00:00Z","ts":1791072000,"severity":3,"source":"gdacs_live","url":"https://www.gdacs.org/report.aspx?eventtype=WF&eventid=1032632","layer":"gdacs","alert_level":"Green","event_type":"WF"}},{"type":"Feature","geometry":{"type":"Point","coordinates":[136.70472,-16.2099]},"properties":{"title":"Green forest fire notification in Australia","summary":"On 04/10/2026, a forest fire started in Australia, until 09/10/2026.","date":"2026-10-04T00:00:00Z","ts":1791072000,"severity":3,"source":"gdacs_live","url":"https://www.gdacs.org/report.aspx?eventtype=WF&eventid=1032620","layer":"gdacs","alert_level":"Green","event_type":"WF","country":"Australia"}},{"type":"Feature","geometry":{"type":"Point","coordinates":[35.14659,6.07327]},"properties":{"title":"Green forest fire notification in Ethiopia","summary":"On 04/10/2026, a forest fire started in Ethiopia, until 08/10/2026.","date":"2026-10-04T00:00:00Z","ts":1791072000,"severity":3,"source":"gdacs_live","url":"https://www.gdacs.org/report.aspx?eventtype=WF&eventid=1032562","layer":"gdacs","alert_level":"Green","event_type":"WF","country":"Ethiopia"}},{"type":"Feature","geometry":{"type":"Point","coordinates":[16.58367,-15.85496]},"properties":{"title":"Green forest fire notification in Angola","summary":"On 04/10/2026, a forest fire started in Angola, until 08/10/2026.","date":"2026-10-04T00:00:00Z","ts":1791072000,"severity":3,"source":"gdacs_live","url":"https://www.gdacs.org/report.aspx?eventtype=WF&eventid=1032643","layer":"gdacs","alert_level":"Green","event_type":"WF","country":"Angola"}},{"type":"Feature","geometry":{"type":"Point","coordinates":[132.74945,-21.07624]},"properties":{"title":"Green forest fire notification in Australia","summary":"On 04/10/2026, a forest fire started in Australia, until 08/10/2026.","date":"2026-10-04T00:00:00Z","ts":1791072000,"severity":3,"source":"gdacs_live","url":"https://www.gdacs.org/report.aspx?eventtype=WF&eventid=1032621","layer":"gdacs","alert_level":"Green","event_type":"WF","country":"Australia"}},{"type":"Feature","geometry":{"type":"Point","coordinates":[18.64224,-16.42128]},"properties":{"title":"Green forest fire notification in Angola","summary":"On 04/10/2026, a forest fire started in Angola, until 08/10/2026.","date":"2026-10-04T00:00:00Z","ts":1791072000,"severity":3,"source":"gdacs_live","url":"https://www.gdacs.org/report.aspx?eventtype=WF&eventid=1032592","layer":"gdacs","alert_level":"Green","event_type":"WF","country":"Angola"}},{"type":"Feature","geometry":{"type":"Point","coordinates":[15.95703,-19.61056]},"properties":{"title":"Green forest fire notification in Namibia","summary":"On 04/10/2026, a forest fire started in Namibia, until 06/10/2026.","date":"2026-10-04T00:00:00Z","ts":1791072000,"severity":3,"source":"gdacs_live","url":"https://www.gdacs.org/report.aspx?eventtype=WF&eventid=1032593","layer":"gdacs","alert_level":"Green","event_type":"WF","country":"Namibia"}},{"type":"Feature","geometry":{"type":"Point","coordinates":[21.63861,-17.4452]},"properties":{"title":"Green forest fire notification in Angola","summary":"On 04/10/2026, a forest fire started in Angola, until 06/10/2026.","date":"2026-10-04T00:00:00Z","ts":1791072000,"severity":3,"source":"gdacs_live","url":"https://www.gdacs.org/report.aspx?eventtype=WF&eventid=1032571","layer":"gdacs","alert_level":"Green","event_type":"WF","country":"Angola"}},{"type":"Feature","geometry":{"type":"Point","coordinates":[-54.25421,-3.0684]},"properties":{"title":"Green forest fire notification in Brazil","summary":"On 03/10/2026, a forest fire started in Brazil, until 08/10/2026.","date":"2026-10-03T00:00:00Z","ts":1790985600,"severity":3,"source":"gdacs_live","url":"https://www.gdacs.org/report.aspx?eventtype=WF&eventid=1032607","layer":"gdacs","alert_level":"Green","event_type":"WF","country":"Brazil"}},{"type":"Feature","geometry":{"type":"Point","coordinates":[-54.11613,-2.80258]},"properties":{"title":"Green forest fire notification in Brazil","summary":"On 03/10/2026, a forest fire started in Brazil, until 07/10/2026.","date":"2026-10-03T00:00:00Z","ts":1790985600,"severity":3,"source":"gdacs_live","url":"https://www.gdacs.org/report.aspx?eventtype=WF&eventid=1032572","layer":"gdacs","alert_level":"Green","event_type":"WF","country":"Brazil"}},{"type":"Feature","geometry":{"type":"Point","coordinates":[143.84566,-14.72749]},"properties":{"title":"Green forest fire notification in Australia","summary":"On 03/10/2026, a forest fire started in Australia, until 09/10/2026.","date":"2026-10-03T00:00:00Z","ts":1790985600,"severity":3,"source":"gdacs_live","url":"https://www.gdacs.org/report.aspx?eventtype=WF&eventid=1032596","layer":"gdacs","alert_level":"Green","event_type":"WF","country":"Australia"}},{"type":"Feature","geometry":{"type":"Point","coordinates":[131.91098,-13.12917]},"properties":{"title":"Green forest fire notification in Australia","summary":"On 03/10/2026, a forest fire started in Australia, until 09/10/2026.","date":"2026-10-03T00:00:00Z","ts":1790985600,"severity":3,"source":"gdacs_live","url":"https://www.gdacs.org/report.aspx?eventtype=WF&eventid=1032565","layer":"gdacs","alert_level":"Green","event_type":"WF","country":"Australia"}},{"type":"Feature","geometry":{"type":"Point","coordinates":[-54.6575,-3.54015]},"properties":{"title":"Green forest fire notification in Brazil","summary":"On 03/10/2026, a forest fire started in Brazil, until 09/10/2026.","date":"2026-10-03T00:00:00Z","ts":1790985600,"severity":3,"source":"gdacs_live","url":"https://www.gdacs.org/report.aspx?eventtype=WF&eventid=1032622","layer":"gdacs","alert_level":"Green","event_type":"WF","country":"Brazil"}},{"type":"Feature","geometry":{"type":"Point","coordinates":[37.51994,-13.35078]},"properties":{"title":"Green forest fire notification in Mozambique","summary":"On 03/10/2026, a forest fire started in Mozambique, until 09/10/2026.","date":"2026-10-03T00:00:00Z","ts":1790985600,"severity":3,"source":"gdacs_live","url":"https://www.gdacs.org/report.aspx?eventtype=WF&eventid=1032679","layer":"gdacs","alert_level":"Green","event_type":"WF","country":"Mozambique"}},{"type":"Feature","geometry":{"type":"Point","coordinates":[14.06618,-18.84478]},"properties":{"title":"Green forest fire notification in Namibia","summary":"On 03/10/2026, a forest fire started in Namibia, until 09/10/2026.","date":"2026-10-03T00:00:00Z","ts":1790985600,"severity":3,"source":"gdacs_live","url":"https://www.gdacs.org/report.aspx?eventtype=WF&eventid=1032680","layer":"gdacs","alert_level":"Green","event_type":"WF","country":"Namibia"}},{"type":"Feature","geometry":{"type":"Point","coordinates":[-47.27162,-10.49944]},"properties":{"title":"Green forest fire notification in Brazil","summary":"On 03/10/2026, a forest fire started in Brazil, until 09/10/2026.","date":"2026-10-03T00:00:00Z","ts":1790985600,"severity":3,"source":"gdacs_live","url":"https://www.gdacs.org/report.aspx?eventtype=WF&eventid=1032689","layer":"gdacs","alert_level":"Green","event_type":"WF","country":"Brazil"}},{"type":"Feature","geometry":{"type":"Point","coordinates":[-67.2066,-12.75989]},"properties":{"title":"Green forest fire notification in Bolivia","summary":"On 03/10/2026, a forest fire started in Bolivia, until 09/10/2026.","date":"2026-10-03T00:00:00Z","ts":1790985600,"severity":3,"source":"gdacs_live","url":"https://www.gdacs.org/report.aspx?eventtype=WF&eventid=1032690","layer":"gdacs","alert_level":"Green","event_type":"WF","country":"Bolivia"}},{"type":"Feature","geometry":{"type":"Point","coordinates":[37.59717,-12.21658]},"properties":{"title":"Green forest fire notification in Mozambique","summary":"On 03/10/2026, a forest fire started in Mozambique, until 08/10/2026.","date":"2026-10-03T00:00:00Z","ts":1790985600,"severity":3,"source":"gdacs_live","url":"https://www.gdacs.org/report.aspx?eventtype=WF&eventid=1032644","layer":"gdacs","alert_level":"Green","event_type":"WF","country":"Mozambique"}},{"type":"Feature","geometry":{"type":"Point","coordinates":[141.69896,-8.87547]},"properties":{"title":"Green forest fire notification in Papua New Guinea","summary":"On 03/10/2026, a forest fire started in Papua New Guinea, until 09/10/2026.","date":"2026-10-03T00:00:00Z","ts":1790985600,"severity":3,"source":"gdacs_live","url":"https://www.gdacs.org/report.aspx?eventtype=WF&eventid=1032668","layer":"gdacs","alert_level":"Green","event_type":"WF","country":"Papua New Guinea"}},{"type":"Feature","geometry":{"type":"Point","coordinates":[-55.13712,-7.2044]},"properties":{"title":"Green forest fire notification in Brazil","summary":"On 02/10/2026, a forest fire started in Brazil, until 09/10/2026.","date":"2026-10-02T00:00:00Z","ts":1790899200,"severity":3,"source":"gdacs_live","url":"https://www.gdacs.org/report.aspx?eventtype=WF&eventid=1032691","layer":"gdacs","alert_level":"Green","event_type":"WF","country":"Brazil"}},{"type":"Feature","geometry":{"type":"Point","coordinates":[141.13289,-7.4461]},"properties":{"title":"Green forest fire notification in Papua New Guinea","summary":"On 02/10/2026, a forest fire started in Papua New Guinea, until 09/10/2026.","date":"2026-10-02T00:00:00Z","ts":1790899200,"severity":3,"source":"gdacs_live","url":"https://www.gdacs.org/report.aspx?eventtype=WF&eventid=1032692","layer":"gdacs","alert_level":"Green","event_type":"WF","country":"Papua New Guinea"}},{"type":"Feature","geometry":{"type":"Point","coordinates":[-44.18963,-7.87042]},"properties":{"title":"Green forest fire notification in Brazil","summary":"On 02/10/2026, a forest fire started in Brazil, until 09/10/2026.","date":"2026-10-02T00:00:00Z","ts":1790899200,"severity":3,"source":"gdacs_live","url":"https://www.gdacs.org/report.aspx?eventtype=WF&eventid=1032623","layer":"gdacs","alert_level":"Green","event_type":"WF","country":"Brazil"}},{"type":"Feature","geometry":{"type":"Point","coordinates":[32.71485,7.2468]},"properties":{"title":"Green forest fire notification in Sudan","summary":"On 02/10/2026, a forest fire started in Sudan, until 08/10/2026.","date":"2026-10-02T00:00:00Z","ts":1790899200,"severity":3,"source":"gdacs_live","url":"https://www.gdacs.org/report.aspx?eventtype=WF&eventid=1032624","layer":"gdacs","alert_level":"Green","event_type":"WF","country":"Sudan"}},{"type":"Feature","geometry":{"type":"Point","coordinates":[-55.76476,1.90014]},"properties":{"title":"Green forest fire notification in Brazil","summary":"On 02/10/2026, a forest fire started in Brazil, until 08/10/2026.","date":"2026-10-02T00:00:00Z","ts":1790899200,"severity":3,"source":"gdacs_live","url":"https://www.gdacs.org/report.aspx?eventtype=WF&eventid=1032573","layer":"gdacs","alert_level":"Green","event_type":"WF","country":"Brazil"}},{"type":"Feature","geometry":{"type":"Point","coordinates":[-63.12763,-13.03465]},"properties":{"title":"Green forest fire notification in Bolivia","summary":"On 02/10/2026, a forest fire started in Bolivia, until 08/10/2026.","date":"2026-10-02T00:00:00Z","ts":1790899200,"severity":3,"source":"gdacs_live","url":"https://www.gdacs.org/report.aspx?eventtype=WF&eventid=1032574","layer":"gdacs","alert_level":"Green","event_type":"WF","country":"Bolivia"}},{"type":"Feature","geometry":{"type":"Point","coordinates":[34.72797,-7.79598]},"properties":{"title":"Green forest fire notification in Tanzania","summary":"On 02/10/2026, a forest fire started in Tanzania, until 09/10/2026.","date":"2026-10-02T00:00:00Z","ts":1790899200,"severity":3,"source":"gdacs_live","url":"https://www.gdacs.org/report.aspx?eventtype=WF&eventid=1032585","layer":"gdacs","alert_level":"Green","event_type":"WF","country":"Tanzania"}},{"type":"Feature","geometry":{"type":"Point","coordinates":[133.92883,-15.01319]},"properties":{"title":"Green forest fire notification in Australia","summary":"On 02/10/2026, a forest fire started in Australia, until 09/10/2026.","date":"2026-10-02T00:00:00Z","ts":1790899200,"severity":3,"source":"gdacs_live","url":"https://www.gdacs.org/report.aspx?eventtype=WF&eventid=1032556","layer":"gdacs","alert_level":"Green","event_type":"WF","country":"Australia"}},{"type":"Feature","geometry":{"type":"Point","coordinates":[139.56265,-6.36463]},"properties":{"title":"Green forest fire notification in Indonesia","summary":"On 02/10/2026, a forest fire started in Indonesia, until 08/10/2026.","date":"2026-10-02T00:00:00Z","ts":1790899200,"severity":3,"source":"gdacs_live","url":"https://www.gdacs.org/report.aspx?eventtype=WF&eventid=1032597","layer":"gdacs","alert_level":"Green","event_type":"WF","country":"Indonesia"}},{"type":"Feature","geometry":{"type":"Point","coordinates":[115.55046,-33.86372]},"properties":{"title":"Green forest fire notification in Australia","summary":"On 02/10/2026, a forest fire started in Australia, until 06/10/2026.","date":"2026-10-02T00:00:00Z","ts":1790899200,"severity":3,"source":"gdacs_live","url":"https://www.gdacs.org/report.aspx?eventtype=WF&eventid=1032586","layer":"gdacs","alert_level":"Green","event_type":"WF","country":"Australia"}},{"type":"Feature","geometry":{"type":"Point","coordinates":[30.07436,-7.26091]},"properties":{"title":"Green forest fire notification in The Democratic Republic of Congo","summary":"On 01/10/2026, a forest fire started in The Democratic Republic of Congo, until 06/10/2026.","date":"2026-10-01T00:00:00Z","ts":1790812800,"severity":3,"source":"gdacs_live","url":"https://www.gdacs.org/report.aspx?eventtype=WF&eventid=1032552","layer":"gdacs","alert_level":"Green","event_type":"WF","country":"The Democratic Republic of Congo"}},{"type":"Feature","geometry":{"type":"Point","coordinates":[113.71513,-3.0474]},"properties":{"title":"Green forest fire notification in Indonesia","summary":"On 01/10/2026, a forest fire started in Indonesia, until 08/10/2026.","date":"2026-10-01T00:00:00Z","ts":1790812800,"severity":3,"source":"gdacs_live","url":"https://www.gdacs.org/report.aspx?eventtype=WF&eventid=1032615","layer":"gdacs","alert_level":"Green","event_type":"WF","country":"Indonesia"}},{"type":"Feature","geometry":{"type":"Point","coordinates":[-52.84191,-6.22022]},"properties":{"title":"Green forest fire notification in Brazil","summary":"On 01/10/2026, a forest fire started in Brazil, until 09/10/2026.","date":"2026-10-01T00:00:00Z","ts":1790812800,"severity":3,"source":"gdacs_live","url":"https://www.gdacs.org/report.aspx?eventtype=WF&eventid=1032633","layer":"gdacs","alert_level":"Green","event_type":"WF","country":"Brazil"}},{"type":"Feature","geometry":{"type":"Point","coordinates":[-44.7183,-12.19802]},"properties":{"title":"Green forest fire notification in Brazil","summary":"On 01/10/2026, a forest fire started in Brazil, until 09/10/2026.","date":"2026-10-01T00:00:00Z","ts":1790812800,"severity":3,"source":"gdacs_live","url":"https://www.gdacs.org/report.aspx?eventtype=WF&eventid=1032657","layer":"gdacs","alert_level":"Green","event_type":"WF","country":"Brazil"}},{"type":"Feature","geometry":{"type":"Point","coordinates":[112.2145,-3.14882]},"properties":{"title":"Green forest fire notification in Indonesia","summary":"On 01/10/2026, a forest fire started in Indonesia, until 09/10/2026.","date":"2026-10-01T00:00:00Z","ts":1790812800,"severity":3,"source":"gdacs_live","url":"https://www.gdacs.org/report.aspx?eventtype=WF&eventid=1032631","layer":"gdacs","alert_level":"Green","event_type":"WF","country":"Indonesia"}},{"type":"Feature","geometry":{"type":"Point","coordinates":[14.12804,-8.6791]},"properties":{"title":"Green forest fire notification in Angola","summary":"On 30/09/2026, a forest fire started in Angola, until 08/10/2026.","date":"2026-09-30T00:00:00Z","ts":1790726400,"severity":3,"source":"gdacs_live","url":"https://www.gdacs.org/report.aspx?eventtype=WF&eventid=1032645","layer":"gdacs","alert_level":"Green","event_type":"WF","country":"Angola"}},{"type":"Feature","geometry":{"type":"Point","coordinates":[34.84798,-10.58408]},"properties":{"title":"Green forest fire notification in Tanzania","summary":"On 30/09/2026, a forest fire started in Tanzania, until 09/10/2026.","date":"2026-09-30T00:00:00Z","ts":1790726400,"severity":3,"source":"gdacs_live","url":"https://www.gdacs.org/report.aspx?eventtype=WF&eventid=1032681","layer":"gdacs","alert_level":"Green","event_type":"WF","country":"Tanzania"}},{"type":"Feature","geometry":{"type":"Point","coordinates":[14.17159,-8.59721]},"properties":{"title":"Green forest fire notification in Angola","summary":"On 30/09/2026, a forest fire started in Angola, until 08/10/2026.","date":"2026-09-30T00:00:00Z","ts":1790726400,"severity":3,"source":"gdacs_live","url":"https://www.gdacs.org/report.aspx?eventtype=WF&eventid=1032564","layer":"gdacs","alert_level":"Green","event_type":"WF","country":"Angola"}},{"type":"Feature","geometry":{"type":"Point","coordinates":[-53.7415,-3.1179]},"properties":{"title":"Green forest fire notification in Brazil","summary":"On 30/09/2026, a forest fire started in Brazil, until 09/10/2026.","date":"2026-09-30T00:00:00Z","ts":1790726400,"severity":3,"source":"gdacs_live","url":"https://www.gdacs.org/report.aspx?eventtype=WF&eventid=1032575","layer":"gdacs","alert_level":"Green","event_type":"WF","country":"Brazil"}},{"type":"Feature","geometry":{"type":"Point","coordinates":[14.03248,-8.59475]},"properties":{"title":"Green forest fire notification in Angola","summary":"On 30/09/2026, a forest fire started in Angola, until 08/10/2026.","date":"2026-09-30T00:00:00Z","ts":1790726400,"severity":3,"source":"gdacs_live","url":"https://www.gdacs.org/report.aspx?eventtype=WF&eventid=1032646","layer":"gdacs","alert_level":"Green","event_type":"WF","country":"Angola"}},{"type":"Feature","geometry":{"type":"Point","coordinates":[-50.7775,-4.27899]},"properties":{"title":"Green forest fire notification in Brazil","summary":"On 30/09/2026, a forest fire started in Brazil, until 09/10/2026.","date":"2026-09-30T00:00:00Z","ts":1790726400,"severity":3,"source":"gdacs_live","url":"https://www.gdacs.org/report.aspx?eventtype=WF&eventid=1032517","layer":"gdacs","alert_level":"Green","event_type":"WF","country":"Brazil"}},{"type":"Feature","geometry":{"type":"Point","coordinates":[149.5,36.3]},"properties":{"title":"Green notification for tropical cyclone CHOI-WAN-26. Population affected by Category 1 (120 km/h) wind speeds or higher is 0 (0 in Tropical Storm).","summary":"From 30/09/2026 to 06/10/2026, a Hurricane/Typhoon > 74 mph (maximum wind speed of 250 km/h) CHOI-WAN-26 was active in NWPacific. The cyclone affects these countries: Guam, Northern Mariana Islands, Russian Federation (vulnerability [unkno…","date":"2026-09-30T00:00:00Z","ts":1790726400,"severity":3,"source":"gdacs_live","url":"https://www.gdacs.org/report.aspx?eventtype=TC&eventid=1001332","layer":"gdacs","alert_level":"Green","event_type":"TC","country":"Guam, Northern Mariana Islands, Russian Federation"}},{"type":"Feature","geometry":{"type":"Point","coordinates":[3.09917,43.75745]},"properties":{"title":"Green flood alert in France","summary":"On 29/09/2026, a flood started in France, lasting until 08/10/2026 (last update). The flood caused 0 deaths and 136 displaced .","date":"2026-09-29T01:00:00Z","ts":1790643600,"severity":3,"source":"gdacs_live","url":"https://www.gdacs.org/report.aspx?eventtype=FL&eventid=1104202","layer":"gdacs","alert_level":"Green","event_type":"FL","country":"France"}},{"type":"Feature","geometry":{"type":"Point","coordinates":[123.21031,-17.12554]},"properties":{"title":"Green forest fire notification in Australia","summary":"On 29/09/2026, a forest fire started in Australia, until 09/10/2026.","date":"2026-09-29T00:00:00Z","ts":1790640000,"severity":3,"source":"gdacs_live","url":"https://www.gdacs.org/report.aspx?eventtype=WF&eventid=1032544","layer":"gdacs","alert_level":"Green","event_type":"WF","country":"Australia"}},{"type":"Feature","geometry":{"type":"Point","coordinates":[134.31092,-15.1531]},"properties":{"title":"Green forest fire notification in Australia","summary":"On 29/09/2026, a forest fire started in Australia, until 09/10/2026.","date":"2026-09-29T00:00:00Z","ts":1790640000,"severity":3,"source":"gdacs_live","url":"https://www.gdacs.org/report.aspx?eventtype=WF&eventid=1032546","layer":"gdacs","alert_level":"Green","event_type":"WF","country":"Australia"}},{"type":"Feature","geometry":{"type":"Point","coordinates":[105.75481,-3.59482]},"properties":{"title":"Green forest fire notification in Indonesia","summary":"On 29/09/2026, a forest fire started in Indonesia, until 09/10/2026.","date":"2026-09-29T00:00:00Z","ts":1790640000,"severity":3,"source":"gdacs_live","url":"https://www.gdacs.org/report.aspx?eventtype=WF&eventid=1032578","layer":"gdacs","alert_level":"Green","event_type":"WF","country":"Indonesia"}},{"type":"Feature","geometry":{"type":"Point","coordinates":[126.49625,-7.65855]},"properties":{"title":"Green forest fire notification in Indonesia","summary":"On 29/09/2026, a forest fire started in Indonesia, until 09/10/2026.","date":"2026-09-29T00:00:00Z","ts":1790640000,"severity":3,"source":"gdacs_live","url":"https://www.gdacs.org/report.aspx?eventtype=WF&eventid=1032598","layer":"gdacs","alert_level":"Green","event_type":"WF","country":"Indonesia"}},{"type":"Feature","geometry":{"type":"Point","coordinates":[105.61615,-3.26549]},"properties":{"title":"Green forest fire notification in Indonesia","summary":"On 29/09/2026, a forest fire started in Indonesia, until 06/10/2026.","date":"2026-09-29T00:00:00Z","ts":1790640000,"severity":3,"source":"gdacs_live","url":"https://www.gdacs.org/report.aspx?eventtype=WF&eventid=1032570","layer":"gdacs","alert_level":"Green","event_type":"WF","country":"Indonesia"}},{"type":"Feature","geometry":{"type":"Point","coordinates":[141.39867,-8.07606]},"properties":{"title":"Green forest fire notification in Papua New Guinea","summary":"On 29/09/2026, a forest fire started in Papua New Guinea, until 06/10/2026.","date":"2026-09-29T00:00:00Z","ts":1790640000,"severity":3,"source":"gdacs_live","url":"https://www.gdacs.org/report.aspx?eventtype=WF&eventid=1032599","layer":"gdacs","alert_level":"Green","event_type":"WF","country":"Papua New Guinea"}},{"type":"Feature","geometry":{"type":"Point","coordinates":[141.82332,-8.62459]},"properties":{"title":"Green forest fire notification in Papua New Guinea","summary":"On 29/09/2026, a forest fire started in Papua New Guinea, until 08/10/2026.","date":"2026-09-29T00:00:00Z","ts":1790640000,"severity":3,"source":"gdacs_live","url":"https://www.gdacs.org/report.aspx?eventtype=WF&eventid=1032608","layer":"gdacs","alert_level":"Green","event_type":"WF","country":"Papua New Guinea"}},{"type":"Feature","geometry":{"type":"Point","coordinates":[133.57607,-14.39944]},"properties":{"title":"Green forest fire notification in Australia","summary":"On 29/09/2026, a forest fire started in Australia, until 08/10/2026.","date":"2026-09-29T00:00:00Z","ts":1790640000,"severity":3,"source":"gdacs_live","url":"https://www.gdacs.org/report.aspx?eventtype=WF&eventid=1032566","layer":"gdacs","alert_level":"Green","event_type":"WF","country":"Australia"}},{"type":"Feature","geometry":{"type":"Point","coordinates":[33.07073,8.88828]},"properties":{"title":"Green forest fire notification in Sudan","summary":"On 29/09/2026, a forest fire started in Sudan, until 09/10/2026.","date":"2026-09-29T00:00:00Z","ts":1790640000,"severity":3,"source":"gdacs_live","url":"https://www.gdacs.org/report.aspx?eventtype=WF&eventid=1032682","layer":"gdacs","alert_level":"Green","event_type":"WF","country":"Sudan"}},{"type":"Feature","geometry":{"type":"Point","coordinates":[127.96894,0.57621]},"properties":{"title":"Green forest fire notification in Indonesia","summary":"On 29/09/2026, a forest fire started in Indonesia, until 09/10/2026.","date":"2026-09-29T00:00:00Z","ts":1790640000,"severity":3,"source":"gdacs_live","url":"https://www.gdacs.org/report.aspx?eventtype=WF&eventid=1032693","layer":"gdacs","alert_level":"Green","event_type":"WF","country":"Indonesia"}},{"type":"Feature","geometry":{"type":"Point","coordinates":[133.43239,-2.83982]},"properties":{"title":"Green forest fire notification in Indonesia","summary":"On 29/09/2026, a forest fire started in Indonesia, until 08/10/2026.","date":"2026-09-29T00:00:00Z","ts":1790640000,"severity":3,"source":"gdacs_live","url":"https://www.gdacs.org/report.aspx?eventtype=WF&eventid=1032658","layer":"gdacs","alert_level":"Green","event_type":"WF","country":"Indonesia"}},{"type":"Feature","geometry":{"type":"Point","coordinates":[128.23654,0.63433]},"properties":{"title":"Green forest fire notification in Indonesia","summary":"On 29/09/2026, a forest fire started in Indonesia, until 09/10/2026.","date":"2026-09-29T00:00:00Z","ts":1790640000,"severity":3,"source":"gdacs_live","url":"https://www.gdacs.org/report.aspx?eventtype=WF&eventid=1032659","layer":"gdacs","alert_level":"Green","event_type":"WF","country":"Indonesia"}},{"type":"Feature","geometry":{"type":"Point","coordinates":[-3.77156,40.52483]},"properties":{"title":"Green flood alert in Spain","summary":"On 28/09/2026, a flood started in Spain, lasting until 08/10/2026 (last update). The flood caused 1 deaths and 1341 displaced .","date":"2026-09-28T01:00:00Z","ts":1790557200,"severity":3,"source":"gdacs_live","url":"https://www.gdacs.org/report.aspx?eventtype=FL&eventid=1104199","layer":"gdacs","alert_level":"Green","event_type":"FL","country":"Spain"}},{"type":"Feature","geometry":{"type":"Point","coordinates":[134.98785,-17.06294]},"properties":{"title":"Green forest fire notification in Australia","summary":"On 28/09/2026, a forest fire started in Australia, until 09/10/2026.","date":"2026-09-28T00:00:00Z","ts":1790553600,"severity":3,"source":"gdacs_live","url":"https://www.gdacs.org/report.aspx?eventtype=WF&eventid=1032497","layer":"gdacs","alert_level":"Green","event_type":"WF","country":"Australia"}},{"type":"Feature","geometry":{"type":"Point","coordinates":[144.58357,-15.58348]},"properties":{"title":"Green forest fire notification in Australia","summary":"On 28/09/2026, a forest fire started in Australia, until 09/10/2026.","date":"2026-09-28T00:00:00Z","ts":1790553600,"severity":3,"source":"gdacs_live","url":"https://www.gdacs.org/report.aspx?eventtype=WF&eventid=1032498","layer":"gdacs","alert_level":"Green","event_type":"WF","country":"Australia"}},{"type":"Feature","geometry":{"type":"Point","coordinates":[-55.60207,1.79018]},"properties":{"title":"Green forest fire notification in Brazil","summary":"On 28/09/2026, a forest fire started in Brazil, until 09/10/2026.","date":"2026-09-28T00:00:00Z","ts":1790553600,"severity":3,"source":"gdacs_live","url":"https://www.gdacs.org/report.aspx?eventtype=WF&eventid=1032507","layer":"gdacs","alert_level":"Green","event_type":"WF","country":"Brazil"}},{"type":"Feature","geometry":{"type":"Point","coordinates":[133.78209,-15.25581]},"properties":{"title":"Green forest fire notification in Australia","summary":"On 28/09/2026, a forest fire started in Australia, until 09/10/2026.","date":"2026-09-28T00:00:00Z","ts":1790553600,"severity":3,"source":"gdacs_live","url":"https://www.gdacs.org/report.aspx?eventtype=WF&eventid=1032508","layer":"gdacs","alert_level":"Green","event_type":"WF","country":"Australia"}},{"type":"Feature","geometry":{"type":"Point","coordinates":[110.45456,-2.78717]},"properties":{"title":"Green forest fire notification in Indonesia","summary":"On 28/09/2026, a forest fire started in Indonesia, until 09/10/2026.","date":"2026-09-28T00:00:00Z","ts":1790553600,"severity":3,"source":"gdacs_live","url":"https://www.gdacs.org/report.aspx?eventtype=WF&eventid=1032600","layer":"gdacs","alert_level":"Green","event_type":"WF","country":"Indonesia"}},{"type":"Feature","geometry":{"type":"Point","coordinates":[30.14626,-7.77167]},"properties":{"title":"Green forest fire notification in The Democratic Republic of Congo","summary":"On 28/09/2026, a forest fire started in The Democratic Republic of Congo, until 06/10/2026.","date":"2026-09-28T00:00:00Z","ts":1790553600,"severity":3,"source":"gdacs_live","url":"https://www.gdacs.org/report.aspx?eventtype=WF&eventid=1032587","layer":"gdacs","alert_level":"Green","event_type":"WF","country":"The Democratic Republic of Congo"}},{"type":"Feature","geometry":{"type":"Point","coordinates":[-53.91035,-3.03057]},"properties":{"title":"Green forest fire notification in Brazil","summary":"On 28/09/2026, a forest fire started in Brazil, until 09/10/2026.","date":"2026-09-28T00:00:00Z","ts":1790553600,"severity":3,"source":"gdacs_live","url":"https://www.gdacs.org/report.aspx?eventtype=WF&eventid=1032625","layer":"gdacs","alert_level":"Green","event_type":"WF","country":"Brazil"}},{"type":"Feature","geometry":{"type":"Point","coordinates":[134.59979,-15.64872]},"properties":{"title":"Green forest fire notification in Australia","summary":"On 28/09/2026, a forest fire started in Australia, until 08/10/2026.","date":"2026-09-28T00:00:00Z","ts":1790553600,"severity":3,"source":"gdacs_live","url":"https://www.gdacs.org/report.aspx?eventtype=WF&eventid=1032567","layer":"gdacs","alert_level":"Green","event_type":"WF","country":"Australia"}},{"type":"Feature","geometry":{"type":"Point","coordinates":[110.71977,-2.87867]},"properties":{"title":"Green forest fire notification in Indonesia","summary":"On 28/09/2026, a forest fire started in Indonesia, until 07/10/2026.","date":"2026-09-28T00:00:00Z","ts":1790553600,"severity":3,"source":"gdacs_live","url":"https://www.gdacs.org/report.aspx?eventtype=WF&eventid=1032579","layer":"gdacs","alert_level":"Green","event_type":"WF","country":"Indonesia"}},{"type":"Feature","geometry":{"type":"Point","coordinates":[130.09581,-16.7219]},"properties":{"title":"Green forest fire notification in Australia","summary":"On 28/09/2026, a forest fire started in Australia, until 07/10/2026.","date":"2026-09-28T00:00:00Z","ts":1790553600,"severity":3,"source":"gdacs_live","url":"https://www.gdacs.org/report.aspx?eventtype=WF&eventid=1032478","layer":"gdacs","alert_level":"Green","event_type":"WF","country":"Australia"}},{"type":"Feature","geometry":{"type":"Point","coordinates":[111.56256,-2.64566]},"properties":{"title":"Green forest fire notification in Indonesia","summary":"On 28/09/2026, a forest fire started in Indonesia, until 09/10/2026.","date":"2026-09-28T00:00:00Z","ts":1790553600,"severity":3,"source":"gdacs_live","url":"https://www.gdacs.org/report.aspx?eventtype=WF&eventid=1032660","layer":"gdacs","alert_level":"Green","event_type":"WF","country":"Indonesia"}},{"type":"Feature","geometry":{"type":"Point","coordinates":[-56.12799,-2.49]},"properties":{"title":"Green forest fire notification in Brazil","summary":"On 28/09/2026, a forest fire started in Brazil, until 09/10/2026.","date":"2026-09-28T00:00:00Z","ts":1790553600,"severity":3,"source":"gdacs_live","url":"https://www.gdacs.org/report.aspx?eventtype=WF&eventid=1032662","layer":"gdacs","alert_level":"Green","event_type":"WF","country":"Brazil"}},{"type":"Feature","geometry":{"type":"Point","coordinates":[140.89515,-6.38293]},"properties":{"title":"Green forest fire notification in Indonesia","summary":"On 28/09/2026, a forest fire started in Indonesia, until 09/10/2026.","date":"2026-09-28T00:00:00Z","ts":1790553600,"severity":3,"source":"gdacs_live","url":"https://www.gdacs.org/report.aspx?eventtype=WF&eventid=1032647","layer":"gdacs","alert_level":"Green","event_type":"WF","country":"Indonesia"}},{"type":"Feature","geometry":{"type":"Point","coordinates":[104.09856,-1.35033]},"properties":{"title":"Green forest fire notification in Indonesia","summary":"On 28/09/2026, a forest fire started in Indonesia, until 08/10/2026.","date":"2026-09-28T00:00:00Z","ts":1790553600,"severity":3,"source":"gdacs_live","url":"https://www.gdacs.org/report.aspx?eventtype=WF&eventid=1032648","layer":"gdacs","alert_level":"Green","event_type":"WF","country":"Indonesia"}},{"type":"Feature","geometry":{"type":"Point","coordinates":[-53.51027,-6.03061]},"properties":{"title":"Green forest fire notification in Brazil","summary":"On 28/09/2026, a forest fire started in Brazil, until 09/10/2026.","date":"2026-09-28T00:00:00Z","ts":1790553600,"severity":3,"source":"gdacs_live","url":"https://www.gdacs.org/report.aspx?eventtype=WF&eventid=1032694","layer":"gdacs","alert_level":"Green","event_type":"WF","country":"Brazil"}},{"type":"Feature","geometry":{"type":"Point","coordinates":[105.56025,-2.65483]},"properties":{"title":"Green forest fire notification in Indonesia","summary":"On 28/09/2026, a forest fire started in Indonesia, until 09/10/2026.","date":"2026-09-28T00:00:00Z","ts":1790553600,"severity":3,"source":"gdacs_live","url":"https://www.gdacs.org/report.aspx?eventtype=WF&eventid=1032594","layer":"gdacs","alert_level":"Green","event_type":"WF","country":"Indonesia"}},{"type":"Feature","geometry":{"type":"Point","coordinates":[-124.0,23.3]},"properties":{"title":"Green notification for tropical cyclone RACHEL-26. Population affected by Category 1 (120 km/h) wind speeds or higher is 0 (0 in Tropical Storm).","summary":"From 27/09/2026 to 09/10/2026, a Tropical Storm (maximum wind speed of 194 km/h) RACHEL-26 was active in EastPacific. The cyclone affects these countries: Mexico (vulnerability [unknown]). Estimated population affected by category 1 (120 k…","date":"2026-09-27T09:00:00Z","ts":1790499600,"severity":3,"source":"gdacs_live","url":"https://www.gdacs.org/report.aspx?eventtype=TC&eventid=1001329","layer":"gdacs","alert_level":"Green","event_type":"TC","country":"Mexico"}},{"type":"Feature","geometry":{"type":"Point","coordinates":[-17.43151,14.76073]},"properties":{"title":"Green flood alert in Senegal","summary":"On 27/09/2026, a flood started in Senegal, lasting until 06/10/2026 (last update). The flood caused 2 deaths and 0 displaced .","date":"2026-09-27T01:00:00Z","ts":1790470800,"severity":3,"source":"gdacs_live","url":"https://www.gdacs.org/report.aspx?eventtype=FL&eventid=1104203","layer":"gdacs","alert_level":"Green","event_type":"FL","country":"Senegal"}},{"type":"Feature","geometry":{"type":"Point","coordinates":[-45.60793,-6.70926]},"properties":{"title":"Green forest fire notification in Brazil","summary":"On 27/09/2026, a forest fire started in Brazil, until 08/10/2026.","date":"2026-09-27T00:00:00Z","ts":1790467200,"severity":3,"source":"gdacs_live","url":"https://www.gdacs.org/report.aspx?eventtype=WF&eventid=1032509","layer":"gdacs","alert_level":"Green","event_type":"WF","country":"Brazil"}},{"type":"Feature","geometry":{"type":"Point","coordinates":[-54.03865,-3.28452]},"properties":{"title":"Green forest fire notification in Brazil","summary":"On 27/09/2026, a forest fire started in Brazil, until 09/10/2026.","date":"2026-09-27T00:00:00Z","ts":1790467200,"severity":3,"source":"gdacs_live","url":"https://www.gdacs.org/report.aspx?eventtype=WF&eventid=1032634","layer":"gdacs","alert_level":"Green","event_type":"WF","country":"Brazil"}},{"type":"Feature","geometry":{"type":"Point","coordinates":[141.2206,-9.11023]},"properties":{"title":"Green forest fire notification in Papua New Guinea","summary":"On 27/09/2026, a forest fire started in Papua New Guinea, until 09/10/2026.","date":"2026-09-27T00:00:00Z","ts":1790467200,"severity":3,"source":"gdacs_live","url":"https://www.gdacs.org/report.aspx?eventtype=WF&eventid=1032609","layer":"gdacs","alert_level":"Green","event_type":"WF","country":"Papua New Guinea"}},{"type":"Feature","geometry":{"type":"Point","coordinates":[134.24707,-16.07671]},"properties":{"title":"Green forest fire notification in Australia","summary":"On 27/09/2026, a forest fire started in Australia, until 09/10/2026.","date":"2026-09-27T00:00:00Z","ts":1790467200,"severity":3,"source":"gdacs_live","url":"https://www.gdacs.org/report.aspx?eventtype=WF&eventid=1032518","layer":"gdacs","alert_level":"Green","event_type":"WF","country":"Australia"}},{"type":"Feature","geometry":{"type":"Point","coordinates":[142.25085,-11.06468]},"properties":{"title":"Green forest fire notification in Australia","summary":"On 27/09/2026, a forest fire started in Australia, until 09/10/2026.","date":"2026-09-27T00:00:00Z","ts":1790467200,"severity":3,"source":"gdacs_live","url":"https://www.gdacs.org/report.aspx?eventtype=WF&eventid=1032547","layer":"gdacs","alert_level":"Green","event_type":"WF","country":"Australia"}},{"type":"Feature","geometry":{"type":"Point","coordinates":[-45.22027,-11.21413]},"properties":{"title":"Green forest fire notification in Brazil","summary":"On 27/09/2026, a forest fire started in Brazil, until 09/10/2026.","date":"2026-09-27T00:00:00Z","ts":1790467200,"severity":3,"source":"gdacs_live","url":"https://www.gdacs.org/report.aspx?eventtype=WF&eventid=1032524","layer":"gdacs","alert_level":"Green","event_type":"WF","country":"Brazil"}},{"type":"Feature","geometry":{"type":"Point","coordinates":[35.95986,-9.97535]},"properties":{"title":"Green forest fire notification in Tanzania","summary":"On 27/09/2026, a forest fire started in Tanzania, until 09/10/2026.","date":"2026-09-27T00:00:00Z","ts":1790467200,"severity":3,"source":"gdacs_live","url":"https://www.gdacs.org/report.aspx?eventtype=WF&eventid=1032695","layer":"gdacs","alert_level":"Green","event_type":"WF","country":"Tanzania"}},{"type":"Feature","geometry":{"type":"Point","coordinates":[14.52936,-9.20156]},"properties":{"title":"Green forest fire notification in Angola","summary":"On 27/09/2026, a forest fire started in Angola, until 08/10/2026.","date":"2026-09-27T00:00:00Z","ts":1790467200,"severity":3,"source":"gdacs_live","url":"https://www.gdacs.org/report.aspx?eventtype=WF&eventid=1032649","layer":"gdacs","alert_level":"Green","event_type":"WF","country":"Angola"}},{"type":"Feature","geometry":{"type":"Point","coordinates":[141.28546,-8.4527]},"properties":{"title":"Green forest fire notification in Papua New Guinea","summary":"On 27/09/2026, a forest fire started in Papua New Guinea, until 09/10/2026.","date":"2026-09-27T00:00:00Z","ts":1790467200,"severity":3,"source":"gdacs_live","url":"https://www.gdacs.org/report.aspx?eventtype=WF&eventid=1032650","layer":"gdacs","alert_level":"Green","event_type":"WF","country":"Papua New Guinea"}},{"type":"Feature","geometry":{"type":"Point","coordinates":[35.71911,-10.91872]},"properties":{"title":"Green forest fire notification in Tanzania","summary":"On 27/09/2026, a forest fire started in Tanzania, until 08/10/2026.","date":"2026-09-27T00:00:00Z","ts":1790467200,"severity":3,"source":"gdacs_live","url":"https://www.gdacs.org/report.aspx?eventtype=WF&eventid=1032651","layer":"gdacs","alert_level":"Green","event_type":"WF","country":"Tanzania"}},{"type":"Feature","geometry":{"type":"Point","coordinates":[145.08867,-16.46954]},"properties":{"title":"Green forest fire notification in Australia","summary":"On 26/09/2026, a forest fire started in Australia, until 08/10/2026.","date":"2026-09-26T00:00:00Z","ts":1790380800,"severity":3,"source":"gdacs_live","url":"https://www.gdacs.org/report.aspx?eventtype=WF&eventid=1032595","layer":"gdacs","alert_level":"Green","event_type":"WF","country":"Australia"}},{"type":"Feature","geometry":{"type":"Point","coordinates":[-44.8227,-9.84081]},"properties":{"title":"Green forest fire notification in Brazil","summary":"On 26/09/2026, a forest fire started in Brazil, until 09/10/2026.","date":"2026-09-26T00:00:00Z","ts":1790380800,"severity":3,"source":"gdacs_live","url":"https://www.gdacs.org/report.aspx?eventtype=WF&eventid=1032525","layer":"gdacs","alert_level":"Green","event_type":"WF","country":"Brazil"}},{"type":"Feature","geometry":{"type":"Point","coordinates":[140.50847,-7.51258]},"properties":{"title":"Green forest fire notification in Indonesia","summary":"On 26/09/2026, a forest fire started in Indonesia, until 09/10/2026.","date":"2026-09-26T00:00:00Z","ts":1790380800,"severity":3,"source":"gdacs_live","url":"https://www.gdacs.org/report.aspx?eventtype=WF&eventid=1032558","layer":"gdacs","alert_level":"Green","event_type":"WF","country":"Indonesia"}},{"type":"Feature","geometry":{"type":"Point","coordinates":[149.31498,-9.81047]},"properties":{"title":"Green forest fire notification in Papua New Guinea","summary":"On 26/09/2026, a forest fire started in Papua New Guinea, until 08/10/2026.","date":"2026-09-26T00:00:00Z","ts":1790380800,"severity":3,"source":"gdacs_live","url":"https://www.gdacs.org/report.aspx?eventtype=WF&eventid=1032559","layer":"gdacs","alert_level":"Green","event_type":"WF","country":"Papua New Guinea"}},{"type":"Feature","geometry":{"type":"Point","coordinates":[141.96831,-9.03686]},"properties":{"title":"Green forest fire notification in Papua New Guinea","summary":"On 26/09/2026, a forest fire started in Papua New Guinea, until 09/10/2026.","date":"2026-09-26T00:00:00Z","ts":1790380800,"severity":3,"source":"gdacs_live","url":"https://www.gdacs.org/report.aspx?eventtype=WF&eventid=1032548","layer":"gdacs","alert_level":"Green","event_type":"WF","country":"Papua New Guinea"}},{"type":"Feature","geometry":{"type":"Point","coordinates":[141.85346,-8.59865]},"properties":{"title":"Green forest fire notification in Papua New Guinea","summary":"On 26/09/2026, a forest fire started in Papua New Guinea, until 08/10/2026.","date":"2026-09-26T00:00:00Z","ts":1790380800,"severity":3,"source":"gdacs_live","url":"https://www.gdacs.org/report.aspx?eventtype=WF&eventid=1032611","layer":"gdacs","alert_level":"Green","event_type":"WF","country":"Papua New Guinea"}},{"type":"Feature","geometry":{"type":"Point","coordinates":[142.16891,-7.96285]},"properties":{"title":"Green forest fire notification in Papua New Guinea","summary":"On 26/09/2026, a forest fire started in Papua New Guinea, until 08/10/2026.","date":"2026-09-26T00:00:00Z","ts":1790380800,"severity":3,"source":"gdacs_live","url":"https://www.gdacs.org/report.aspx?eventtype=WF&eventid=1032626","layer":"gdacs","alert_level":"Green","event_type":"WF","country":"Papua New Guinea"}},{"type":"Feature","geometry":{"type":"Point","coordinates":[111.94978,37.2576]},"properties":{"title":"Green forest fire notification in China","summary":"On 26/09/2026, a forest fire started in China, until 09/10/2026.","date":"2026-09-26T00:00:00Z","ts":1790380800,"severity":3,"source":"gdacs_live","url":"https://www.gdacs.org/report.aspx?eventtype=WF&eventid=1032580","layer":"gdacs","alert_level":"Green","event_type":"WF","country":"China"}},{"type":"Feature","geometry":{"type":"Point","coordinates":[141.12466,-7.90066]},"properties":{"title":"Green forest fire notification in Papua New Guinea","summary":"On 26/09/2026, a forest fire started in Papua New Guinea, until 07/10/2026.","date":"2026-09-26T00:00:00Z","ts":1790380800,"severity":3,"source":"gdacs_live","url":"https://www.gdacs.org/report.aspx?eventtype=WF&eventid=1032610","layer":"gdacs","alert_level":"Green","event_type":"WF","country":"Papua New Guinea"}},{"type":"Feature","geometry":{"type":"Point","coordinates":[105.26225,-3.35394]},"properties":{"title":"Green forest fire notification in Indonesia","summary":"On 25/09/2026, a forest fire started in Indonesia, until 08/10/2026.","date":"2026-09-25T00:00:00Z","ts":1790294400,"severity":3,"source":"gdacs_live","url":"https://www.gdacs.org/report.aspx?eventtype=WF&eventid=1032588","layer":"gdacs","alert_level":"Green","event_type":"WF","country":"Indonesia"}},{"type":"Feature","geometry":{"type":"Point","coordinates":[37.28842,-2.98936]},"properties":{"title":"Green forest fire notification in Tanzania","summary":"On 25/09/2026, a forest fire started in Tanzania, until 06/10/2026.","date":"2026-09-25T00:00:00Z","ts":1790294400,"severity":3,"source":"gdacs_live","url":"https://www.gdacs.org/report.aspx?eventtype=WF&eventid=1032435","layer":"gdacs","alert_level":"Green","event_type":"WF","country":"Tanzania"}},{"type":"Feature","geometry":{"type":"Point","coordinates":[141.1339,-7.31334]},"properties":{"title":"Green forest fire notification in Papua New Guinea","summary":"On 25/09/2026, a forest fire started in Papua New Guinea, until 06/10/2026.","date":"2026-09-25T00:00:00Z","ts":1790294400,"severity":3,"source":"gdacs_live","url":"https://www.gdacs.org/report.aspx?eventtype=WF&eventid=1032568","layer":"gdacs","alert_level":"Green","event_type":"WF","country":"Papua New Guinea"}},{"type":"Feature","geometry":{"type":"Point","coordinates":[-47.29799,-12.68281]},"properties":{"title":"Green forest fire notification in Brazil","summary":"On 25/09/2026, a forest fire started in Brazil, until 07/10/2026.","date":"2026-09-25T00:00:00Z","ts":1790294400,"severity":3,"source":"gdacs_live","url":"https://www.gdacs.org/report.aspx?eventtype=WF&eventid=1032445","layer":"gdacs","alert_level":"Green","event_type":"WF","country":"Brazil"}},{"type":"Feature","geometry":{"type":"Point","coordinates":[141.68615,-7.61382]},"properties":{"title":"Green forest fire notification in Papua New Guinea","summary":"On 25/09/2026, a forest fire started in Papua New Guinea, until 08/10/2026.","date":"2026-09-25T00:00:00Z","ts":1790294400,"severity":3,"source":"gdacs_live","url":"https://www.gdacs.org/report.aspx?eventtype=WF&eventid=1032581","layer":"gdacs","alert_level":"Green","event_type":"WF","country":"Papua New Guinea"}},{"type":"Feature","geometry":{"type":"Point","coordinates":[141.44719,-7.62557]},"properties":{"title":"Green forest fire notification in Papua New Guinea","summary":"On 25/09/2026, a forest fire started in Papua New Guinea, until 08/10/2026.","date":"2026-09-25T00:00:00Z","ts":1790294400,"severity":3,"source":"gdacs_live","url":"https://www.gdacs.org/report.aspx?eventtype=WF&eventid=1032582","layer":"gdacs","alert_level":"Green","event_type":"WF","country":"Papua New Guinea"}},{"type":"Feature","geometry":{"type":"Point","coordinates":[140.17577,-7.01257]},"properties":{"title":"Green forest fire notification in Indonesia","summary":"On 25/09/2026, a forest fire started in Indonesia, until 08/10/2026.","date":"2026-09-25T00:00:00Z","ts":1790294400,"severity":3,"source":"gdacs_live","url":"https://www.gdacs.org/report.aspx?eventtype=WF&eventid=1032577","layer":"gdacs","alert_level":"Green","event_type":"WF","country":"Indonesia"}},{"type":"Feature","geometry":{"type":"Point","coordinates":[140.36734,-7.72757]},"properties":{"title":"Green forest fire notification in Indonesia","summary":"On 25/09/2026, a forest fire started in Indonesia, until 09/10/2026.","date":"2026-09-25T00:00:00Z","ts":1790294400,"severity":3,"source":"gdacs_live","url":"https://www.gdacs.org/report.aspx?eventtype=WF&eventid=1032601","layer":"gdacs","alert_level":"Green","event_type":"WF","country":"Indonesia"}},{"type":"Feature","geometry":{"type":"Point","coordinates":[141.60764,-7.25312]},"properties":{"title":"Green forest fire notification in Papua New Guinea","summary":"On 25/09/2026, a forest fire started in Papua New Guinea, until 08/10/2026.","date":"2026-09-25T00:00:00Z","ts":1790294400,"severity":3,"source":"gdacs_live","url":"https://www.gdacs.org/report.aspx?eventtype=WF&eventid=1032627","layer":"gdacs","alert_level":"Green","event_type":"WF","country":"Papua New Guinea"}},{"type":"Feature","geometry":{"type":"Point","coordinates":[141.14316,-7.65303]},"properties":{"title":"Green forest fire notification in Papua New Guinea","summary":"On 25/09/2026, a forest fire started in Papua New Guinea, until 08/10/2026.","date":"2026-09-25T00:00:00Z","ts":1790294400,"severity":3,"source":"gdacs_live","url":"https://www.gdacs.org/report.aspx?eventtype=WF&eventid=1032628","layer":"gdacs","alert_level":"Green","event_type":"WF","country":"Papua New Guinea"}},{"type":"Feature","geometry":{"type":"Point","coordinates":[141.10041,-7.87796]},"properties":{"title":"Green forest fire notification in Papua New Guinea","summary":"On 25/09/2026, a forest fire started in Papua New Guinea, until 08/10/2026.","date":"2026-09-25T00:00:00Z","ts":1790294400,"severity":3,"source":"gdacs_live","url":"https://www.gdacs.org/report.aspx?eventtype=WF&eventid=1032630","layer":"gdacs","alert_level":"Green","event_type":"WF","country":"Papua New Guinea"}},{"type":"Feature","geometry":{"type":"Point","coordinates":[141.6374,-7.38256]},"properties":{"title":"Green forest fire notification in Papua New Guinea","summary":"On 25/09/2026, a forest fire started in Papua New Guinea, until 08/10/2026.","date":"2026-09-25T00:00:00Z","ts":1790294400,"severity":3,"source":"gdacs_live","url":"https://www.gdacs.org/report.aspx?eventtype=WF&eventid=1032635","layer":"gdacs","alert_level":"Green","event_type":"WF","country":"Papua New Guinea"}},{"type":"Feature","geometry":{"type":"Point","coordinates":[105.54955,-3.28424]},"properties":{"title":"Green forest fire notification in Indonesia","summary":"On 25/09/2026, a forest fire started in Indonesia, until 09/10/2026.","date":"2026-09-25T00:00:00Z","ts":1790294400,"severity":3,"source":"gdacs_live","url":"https://www.gdacs.org/report.aspx?eventtype=WF&eventid=1032549","layer":"gdacs","alert_level":"Green","event_type":"WF","country":"Indonesia"}},{"type":"Feature","geometry":{"type":"Point","coordinates":[105.06403,-3.05773]},"properties":{"title":"Green forest fire notification in Indonesia","summary":"On 25/09/2026, a forest fire started in Indonesia, until 08/10/2026.","date":"2026-09-25T00:00:00Z","ts":1790294400,"severity":3,"source":"gdacs_live","url":"https://www.gdacs.org/report.aspx?eventtype=WF&eventid=1032521","layer":"gdacs","alert_level":"Green","event_type":"WF","country":"Indonesia"}},{"type":"Feature","geometry":{"type":"Point","coordinates":[140.72241,-8.22176]},"properties":{"title":"Green forest fire notification in Indonesia","summary":"On 25/09/2026, a forest fire started in Indonesia, until 08/10/2026.","date":"2026-09-25T00:00:00Z","ts":1790294400,"severity":3,"source":"gdacs_live","url":"https://www.gdacs.org/report.aspx?eventtype=WF&eventid=1032560","layer":"gdacs","alert_level":"Green","event_type":"WF","country":"Indonesia"}},{"type":"Feature","geometry":{"type":"Point","coordinates":[140.23439,-6.78398]},"properties":{"title":"Green forest fire notification in Indonesia","summary":"On 25/09/2026, a forest fire started in Indonesia, until 08/10/2026.","date":"2026-09-25T00:00:00Z","ts":1790294400,"severity":3,"source":"gdacs_live","url":"https://www.gdacs.org/report.aspx?eventtype=WF&eventid=1032502","layer":"gdacs","alert_level":"Green","event_type":"WF","country":"Indonesia"}},{"type":"Feature","geometry":{"type":"Point","coordinates":[141.29791,-7.32995]},"properties":{"title":"Green forest fire notification in Papua New Guinea","summary":"On 25/09/2026, a forest fire started in Papua New Guinea, until 08/10/2026.","date":"2026-09-25T00:00:00Z","ts":1790294400,"severity":3,"source":"gdacs_live","url":"https://www.gdacs.org/report.aspx?eventtype=WF&eventid=1032629","layer":"gdacs","alert_level":"Green","event_type":"WF","country":"Papua New Guinea"}},{"type":"Feature","geometry":{"type":"Point","coordinates":[141.54815,-8.8248]},"properties":{"title":"Green forest fire notification in Papua New Guinea","summary":"On 25/09/2026, a forest fire started in Papua New Guinea, until 09/10/2026.","date":"2026-09-25T00:00:00Z","ts":1790294400,"severity":3,"source":"gdacs_live","url":"https://www.gdacs.org/report.aspx?eventtype=WF&eventid=1032669","layer":"gdacs","alert_level":"Green","event_type":"WF","country":"Papua New Guinea"}},{"type":"Feature","geometry":{"type":"Point","coordinates":[140.66605,-7.41591]},"properties":{"title":"Green forest fire notification in Indonesia","summary":"On 24/09/2026, a forest fire started in Indonesia, until 08/10/2026.","date":"2026-09-24T00:00:00Z","ts":1790208000,"severity":3,"source":"gdacs_live","url":"https://www.gdacs.org/report.aspx?eventtype=WF&eventid=1032612","layer":"gdacs","alert_level":"Green","event_type":"WF","country":"Indonesia"}},{"type":"Feature","geometry":{"type":"Point","coordinates":[140.87576,-6.71338]},"properties":{"title":"Green forest fire notification in Papua New Guinea, Indonesia","summary":"On 24/09/2026, a forest fire started in Papua New Guinea, Indonesia, until 08/10/2026.","date":"2026-09-24T00:00:00Z","ts":1790208000,"severity":3,"source":"gdacs_live","url":"https://www.gdacs.org/report.aspx?eventtype=WF&eventid=1032584","layer":"gdacs","alert_level":"Green","event_type":"WF","country":"Papua New Guinea, Indonesia"}},{"type":"Feature","geometry":{"type":"Point","coordinates":[140.69906,-7.9469]},"properties":{"title":"Green forest fire notification in Indonesia","summary":"On 24/09/2026, a forest fire started in Indonesia, until 08/10/2026.","date":"2026-09-24T00:00:00Z","ts":1790208000,"severity":3,"source":"gdacs_live","url":"https://www.gdacs.org/report.aspx?eventtype=WF&eventid=1032613","layer":"gdacs","alert_level":"Green","event_type":"WF","country":"Indonesia"}},{"type":"Feature","geometry":{"type":"Point","coordinates":[139.11078,-7.43301]},"properties":{"title":"Green forest fire notification in Indonesia","summary":"On 24/09/2026, a forest fire started in Indonesia, until 08/10/2026.","date":"2026-09-24T00:00:00Z","ts":1790208000,"severity":3,"source":"gdacs_live","url":"https://www.gdacs.org/report.aspx?eventtype=WF&eventid=1032583","layer":"gdacs","alert_level":"Green","event_type":"WF","country":"Indonesia"}},{"type":"Feature","geometry":{"type":"Point","coordinates":[139.4012,-7.78661]},"properties":{"title":"Green forest fire notification in Indonesia","summary":"On 24/09/2026, a forest fire started in Indonesia, until 07/10/2026.","date":"2026-09-24T00:00:00Z","ts":1790208000,"severity":3,"source":"gdacs_live","url":"https://www.gdacs.org/report.aspx?eventtype=WF&eventid=1032520","layer":"gdacs","alert_level":"Green","event_type":"WF","country":"Indonesia"}},{"type":"Feature","geometry":{"type":"Point","coordinates":[140.97789,-6.50514]},"properties":{"title":"Green forest fire notification in Papua New Guinea, Indonesia","summary":"On 23/09/2026, a forest fire started in Papua New Guinea, Indonesia, until 07/10/2026.","date":"2026-09-23T00:00:00Z","ts":1790121600,"severity":3,"source":"gdacs_live","url":"https://www.gdacs.org/report.aspx?eventtype=WF&eventid=1032527","layer":"gdacs","alert_level":"Green","event_type":"WF","country":"Papua New Guinea, Indonesia"}},{"type":"Feature","geometry":{"type":"Point","coordinates":[139.45978,-6.55206]},"properties":{"title":"Green forest fire notification in Indonesia","summary":"On 23/09/2026, a forest fire started in Indonesia, until 08/10/2026.","date":"2026-09-23T00:00:00Z","ts":1790121600,"severity":3,"source":"gdacs_live","url":"https://www.gdacs.org/report.aspx?eventtype=WF&eventid=1032481","layer":"gdacs","alert_level":"Green","event_type":"WF","country":"Indonesia"}},{"type":"Feature","geometry":{"type":"Point","coordinates":[140.59004,-7.82264]},"properties":{"title":"Green forest fire notification in Indonesia","summary":"On 23/09/2026, a forest fire started in Indonesia, until 08/10/2026.","date":"2026-09-23T00:00:00Z","ts":1790121600,"severity":3,"source":"gdacs_live","url":"https://www.gdacs.org/report.aspx?eventtype=WF&eventid=1032526","layer":"gdacs","alert_level":"Green","event_type":"WF","country":"Indonesia"}},{"type":"Feature","geometry":{"type":"Point","coordinates":[140.64092,-7.64885]},"properties":{"title":"Green forest fire notification in Indonesia","summary":"On 23/09/2026, a forest fire started in Indonesia, until 08/10/2026.","date":"2026-09-23T00:00:00Z","ts":1790121600,"severity":3,"source":"gdacs_live","url":"https://www.gdacs.org/report.aspx?eventtype=WF&eventid=1032528","layer":"gdacs","alert_level":"Green","event_type":"WF","country":"Indonesia"}},{"type":"Feature","geometry":{"type":"Point","coordinates":[140.01306,-7.09776]},"properties":{"title":"Green forest fire notification in Indonesia","summary":"On 23/09/2026, a forest fire started in Indonesia, until 07/10/2026.","date":"2026-09-23T00:00:00Z","ts":1790121600,"severity":3,"source":"gdacs_live","url":"https://www.gdacs.org/report.aspx?eventtype=WF&eventid=1032534","layer":"gdacs","alert_level":"Green","event_type":"WF","country":"Indonesia"}},{"type":"Feature","geometry":{"type":"Point","coordinates":[126.88869,-3.5577]},"properties":{"title":"Green forest fire notification in Indonesia","summary":"On 23/09/2026, a forest fire started in Indonesia, until 08/10/2026.","date":"2026-09-23T00:00:00Z","ts":1790121600,"severity":3,"source":"gdacs_live","url":"https://www.gdacs.org/report.aspx?eventtype=WF&eventid=1032542","layer":"gdacs","alert_level":"Green","event_type":"WF","country":"Indonesia"}},{"type":"Feature","geometry":{"type":"Point","coordinates":[141.81436,-9.09709]},"properties":{"title":"Green forest fire notification in Papua New Guinea","summary":"On 23/09/2026, a forest fire started in Papua New Guinea, until 08/10/2026.","date":"2026-09-23T00:00:00Z","ts":1790121600,"severity":3,"source":"gdacs_live","url":"https://www.gdacs.org/report.aspx?eventtype=WF&eventid=1032614","layer":"gdacs","alert_level":"Green","event_type":"WF","country":"Papua New Guinea"}},{"type":"Feature","geometry":{"type":"Point","coordinates":[33.39334,-10.42451]},"properties":{"title":"Green forest fire notification in Zambia","summary":"On 23/09/2026, a forest fire started in Zambia, until 06/10/2026.","date":"2026-09-23T00:00:00Z","ts":1790121600,"severity":3,"source":"gdacs_live","url":"https://www.gdacs.org/report.aspx?eventtype=WF&eventid=1032589","layer":"gdacs","alert_level":"Green","event_type":"WF","country":"Zambia"}},{"type":"Feature","geometry":{"type":"Point","coordinates":[141.82515,-7.92575]},"properties":{"title":"Green forest fire notification in Papua New Guinea","summary":"On 22/09/2026, a forest fire started in Papua New Guinea, until 07/10/2026.","date":"2026-09-22T00:00:00Z","ts":1790035200,"severity":3,"source":"gdacs_live","url":"https://www.gdacs.org/report.aspx?eventtype=WF&eventid=1032529","layer":"gdacs","alert_level":"Green","event_type":"WF","country":"Papua New Guinea"}},{"type":"Feature","geometry":{"type":"Point","coordinates":[141.41721,-7.45277]},"properties":{"title":"Green forest fire notification in Papua New Guinea","summary":"On 22/09/2026, a forest fire started in Papua New Guinea, until 07/10/2026.","date":"2026-09-22T00:00:00Z","ts":1790035200,"severity":3,"source":"gdacs_live","url":"https://www.gdacs.org/report.aspx?eventtype=WF&eventid=1032602","layer":"gdacs","alert_level":"Green","event_type":"WF","country":"Papua New Guinea"}},{"type":"Feature","geometry":{"type":"Point","coordinates":[139.42889,-6.73684]},"properties":{"title":"Green forest fire notification in Indonesia","summary":"On 22/09/2026, a forest fire started in Indonesia, until 07/10/2026.","date":"2026-09-22T00:00:00Z","ts":1790035200,"severity":3,"source":"gdacs_live","url":"https://www.gdacs.org/report.aspx?eventtype=WF&eventid=1032603","layer":"gdacs","alert_level":"Green","event_type":"WF","country":"Indonesia"}},{"type":"Feature","geometry":{"type":"Point","coordinates":[139.54741,-6.44035]},"properties":{"title":"Green forest fire notification in Indonesia","summary":"On 22/09/2026, a forest fire started in Indonesia, until 07/10/2026.","date":"2026-09-22T00:00:00Z","ts":1790035200,"severity":3,"source":"gdacs_live","url":"https://www.gdacs.org/report.aspx?eventtype=WF&eventid=1032457","layer":"gdacs","alert_level":"Green","event_type":"WF","country":"Indonesia"}},{"type":"Feature","geometry":{"type":"Point","coordinates":[149.57277,-5.67994]},"properties":{"title":"Green forest fire notification in Papua New Guinea","summary":"On 22/09/2026, a forest fire started in Papua New Guinea, until 06/10/2026.","date":"2026-09-22T00:00:00Z","ts":1790035200,"severity":3,"source":"gdacs_live","url":"https://www.gdacs.org/report.aspx?eventtype=WF&eventid=1032554","layer":"gdacs","alert_level":"Green","event_type":"WF","country":"Papua New Guinea"}},{"type":"Feature","geometry":{"type":"Point","coordinates":[138.41444,-18.72833]},"properties":{"title":"Green forest fire notification in Australia","summary":"On 22/09/2026, a forest fire started in Australia, until 07/10/2026.","date":"2026-09-22T00:00:00Z","ts":1790035200,"severity":3,"source":"gdacs_live","url":"https://www.gdacs.org/report.aspx?eventtype=WF&eventid=1032385","layer":"gdacs","alert_level":"Green","event_type":"WF","country":"Australia"}},{"type":"Feature","geometry":{"type":"Point","coordinates":[7.2272,8.87963]},"properties":{"title":"Green flood alert in Nigeria","summary":"On 21/09/2026, a flood started in Nigeria, lasting until 07/10/2026 (last update). The flood caused 6 deaths and 2400 displaced .","date":"2026-09-21T01:00:00Z","ts":1789952400,"severity":3,"source":"gdacs_live","url":"https://www.gdacs.org/report.aspx?eventtype=FL&eventid=1104186","layer":"gdacs","alert_level":"Green","event_type":"FL","country":"Nigeria"}},{"type":"Feature","geometry":{"type":"Point","coordinates":[133.57827,-2.89303]},"properties":{"title":"Green forest fire notification in Indonesia","summary":"On 21/09/2026, a forest fire started in Indonesia, until 06/10/2026.","date":"2026-09-21T00:00:00Z","ts":1789948800,"severity":3,"source":"gdacs_live","url":"https://www.gdacs.org/report.aspx?eventtype=WF&eventid=1032555","layer":"gdacs","alert_level":"Green","event_type":"WF","country":"Indonesia"}},{"type":"Feature","geometry":{"type":"Point","coordinates":[141.71012,-9.04608]},"properties":{"title":"Green forest fire notification in Papua New Guinea","summary":"On 21/09/2026, a forest fire started in Papua New Guinea, until 06/10/2026.","date":"2026-09-21T00:00:00Z","ts":1789948800,"severity":3,"source":"gdacs_live","url":"https://www.gdacs.org/report.aspx?eventtype=WF&eventid=1032569","layer":"gdacs","alert_level":"Green","event_type":"WF","country":"Papua New Guinea"}},{"type":"Feature","geometry":{"type":"Point","coordinates":[140.96728,-6.88554]},"properties":{"title":"Green forest fire notification in Papua New Guinea, Indonesia","summary":"On 21/09/2026, a forest fire started in Papua New Guinea, Indonesia, until 06/10/2026.","date":"2026-09-21T00:00:00Z","ts":1789948800,"severity":3,"source":"gdacs_live","url":"https://www.gdacs.org/report.aspx?eventtype=WF&eventid=1032475","layer":"gdacs","alert_level":"Green","event_type":"WF","country":"Papua New Guinea, Indonesia"}},{"type":"Feature","geometry":{"type":"Point","coordinates":[141.30212,-8.24094]},"properties":{"title":"Green forest fire notification in Papua New Guinea","summary":"On 21/09/2026, a forest fire started in Papua New Guinea, until 06/10/2026.","date":"2026-09-21T00:00:00Z","ts":1789948800,"severity":3,"source":"gdacs_live","url":"https://www.gdacs.org/report.aspx?eventtype=WF&eventid=1032503","layer":"gdacs","alert_level":"Green","event_type":"WF","country":"Papua New Guinea"}},{"type":"Feature","geometry":{"type":"Point","coordinates":[141.66478,-9.11826]},"properties":{"title":"Green forest fire notification in Papua New Guinea","summary":"On 21/09/2026, a forest fire started in Papua New Guinea, until 06/10/2026.","date":"2026-09-21T00:00:00Z","ts":1789948800,"severity":3,"source":"gdacs_live","url":"https://www.gdacs.org/report.aspx?eventtype=WF&eventid=1032550","layer":"gdacs","alert_level":"Green","event_type":"WF","country":"Papua New Guinea"}},{"type":"Feature","geometry":{"type":"Point","coordinates":[141.49354,-7.8471]},"properties":{"title":"Green forest fire notification in Papua New Guinea","summary":"On 21/09/2026, a forest fire started in Papua New Guinea, until 06/10/2026.","date":"2026-09-21T00:00:00Z","ts":1789948800,"severity":3,"source":"gdacs_live","url":"https://www.gdacs.org/report.aspx?eventtype=WF&eventid=1032423","layer":"gdacs","alert_level":"Green","event_type":"WF","country":"Papua New Guinea"}},{"type":"Feature","geometry":{"type":"Point","coordinates":[108.13353,11.6615]},"properties":{"title":"Green flood alert in Vietnam","summary":"On 03/09/2026, a flood started in Vietnam, lasting until 07/10/2026 (last update). The flood caused 2 deaths and 1249 displaced .","date":"2026-09-03T01:00:00Z","ts":1788397200,"severity":3,"source":"gdacs_live","url":"https://www.gdacs.org/report.aspx?eventtype=FL&eventid=1104141","layer":"gdacs","alert_level":"Green","event_type":"FL","country":"Vietnam"}},{"type":"Feature","geometry":{"type":"Point","coordinates":[26.125,9.246]},"properties":{"title":"Drought is on going in Democratic Republic of Congo, Central African Republic, Cameroon, Djibouti, Eritrea, Ethiopia, Kenya, Niger, Nigeria, Sudan, Somalia, South Sudan, Chad","summary":"The Drought notification level is Orange.","date":"2026-06-21T00:00:00Z","ts":1782000000,"severity":6,"source":"gdacs_live","url":"https://www.gdacs.org/report.aspx?eventtype=DR&eventid=1027450","layer":"gdacs","alert_level":"Orange","event_type":"DR","country":"Democratic Republic of Congo, Central African Republic, Cameroon, Djibouti, Eritrea, Ethiopia, Kenya, Niger, Nigeria, Sudan, Somalia, South Sudan, Chad"}},{"type":"Feature","geometry":{"type":"Point","coordinates":[85.444,44.019]},"properties":{"title":"Drought is on going in China, Kazakhstan, Mongolia, Russia","summary":"The Drought notification level is Green.","date":"2026-06-21T00:00:00Z","ts":1782000000,"severity":3,"source":"gdacs_live","url":"https://www.gdacs.org/report.aspx?eventtype=DR&eventid=1027491","layer":"gdacs","alert_level":"Green","event_type":"DR","country":"China, Kazakhstan, Mongolia, Russia"}},{"type":"Feature","geometry":{"type":"Point","coordinates":[33.546,0.772]},"properties":{"title":"Drought is on going in Democratic Republic of Congo, Kenya, Tanzania, Uganda","summary":"The Drought notification level is Orange.","date":"2026-05-21T00:00:00Z","ts":1779321600,"severity":6,"source":"gdacs_live","url":"https://www.gdacs.org/report.aspx?eventtype=DR&eventid=1027465","layer":"gdacs","alert_level":"Orange","event_type":"DR","country":"Democratic Republic of Congo, Kenya, Tanzania, Uganda"}},{"type":"Feature","geometry":{"type":"Point","coordinates":[-93.638,16.86]},"properties":{"title":"Drought is on going in The Bahamas, Belize, Costa Rica, Cuba, Dominican Republic, Guatemala, Honduras, Haiti, Mexico, Nicaragua, El Salvador","summary":"The Drought notification level is Orange.","date":"2026-04-21T00:00:00Z","ts":1776729600,"severity":6,"source":"gdacs_live","url":"https://www.gdacs.org/report.aspx?eventtype=DR&eventid=1027449","layer":"gdacs","alert_level":"Orange","event_type":"DR","country":"The Bahamas, Belize, Costa Rica, Cuba, Dominican Republic, Guatemala, Honduras, Haiti, Mexico, Nicaragua, El Salvador"}},{"type":"Feature","geometry":{"type":"Point","coordinates":[104.832,11.725]},"properties":{"title":"Drought is on going in Brunei, Indonesia, Cambodia, Malaysia, Papua New Guinea, Philippines, Thailand, Vietnam","summary":"The Drought notification level is Green.","date":"2026-03-21T00:00:00Z","ts":1774051200,"severity":3,"source":"gdacs_live","url":"https://www.gdacs.org/report.aspx?eventtype=DR&eventid=1018545","layer":"gdacs","alert_level":"Green","event_type":"DR","country":"Brunei, Indonesia, Cambodia, Malaysia, Papua New Guinea, Philippines, Thailand, Vietnam"}},{"type":"Feature","geometry":{"type":"Point","coordinates":[-67.196,7.186]},"properties":{"title":"Drought is on going in Venezuela","summary":"The Drought notification level is Green.","date":"2026-02-21T00:00:00Z","ts":1771632000,"severity":3,"source":"gdacs_live","url":"https://www.gdacs.org/report.aspx?eventtype=DR&eventid=1023877","layer":"gdacs","alert_level":"Green","event_type":"DR","country":"Venezuela"}},{"type":"Feature","geometry":{"type":"Point","coordinates":[-105.399,36.392]},"properties":{"title":"Drought is on going in Mexico, United States","summary":"The Drought notification level is Green.","date":"2026-02-21T00:00:00Z","ts":1771632000,"severity":3,"source":"gdacs_live","url":"https://www.gdacs.org/report.aspx?eventtype=DR&eventid=1018546","layer":"gdacs","alert_level":"Green","event_type":"DR","country":"Mexico, United States"}},{"type":"Feature","geometry":{"type":"Point","coordinates":[77.569,14.258]},"properties":{"title":"Drought is on going in Southern India","summary":"The Drought notification level is Green.","date":"2026-01-21T00:00:00Z","ts":1768953600,"severity":3,"source":"gdacs_live","url":"https://www.gdacs.org/report.aspx?eventtype=DR&eventid=1027575","layer":"gdacs","alert_level":"Green","event_type":"DR","country":"Southern India"}},{"type":"Feature","geometry":{"type":"Point","coordinates":[15.251,-3.0]},"properties":{"title":"Drought is on going in Angola, Democratic Republic of Congo, Republic of Congo, Gabon","summary":"The Drought notification level is Green.","date":"2025-12-21T00:00:00Z","ts":1766275200,"severity":3,"source":"gdacs_live","url":"https://www.gdacs.org/report.aspx?eventtype=DR&eventid=1018344","layer":"gdacs","alert_level":"Green","event_type":"DR","country":"Angola, Democratic Republic of Congo, Republic of Congo, Gabon"}},{"type":"Feature","geometry":{"type":"Point","coordinates":[13.696,48.764]},"properties":{"title":"Drought is on going in Austria, Bosnia & Herzegovina, Belgium, Belarus, Switzerland, Czech Republic, Germany, Denmark, Spain, France, Croatia, Hungary, Ireland, Italy, Liechtenstein, Luxembourg, Moldo","summary":"The Drought notification level is Orange.","date":"2025-12-21T00:00:00Z","ts":1766275200,"severity":6,"source":"gdacs_live","url":"https://www.gdacs.org/report.aspx?eventtype=DR&eventid=1018332","layer":"gdacs","alert_level":"Orange","event_type":"DR","country":"Austria, Bosnia & Herzegovina, Belgium, Belarus, Switzerland, Czech Republic, Germany, Denmark, Spain, France, Croatia, Hungary, Ireland, Italy, Liechtenstein, Luxembourg, Moldova, Montenegro, Netherlands, Norway, Poland, Romania, Serbia, Russia, Sweden, Slovenia, Slovakia, San Marino, Ukraine,"}},{"type":"Feature","geometry":{"type":"Point","coordinates":[48.741,-16.837]},"properties":{"title":"Drought is on going in Madagascar","summary":"The Drought notification level is Green.","date":"2025-11-21T00:00:00Z","ts":1763683200,"severity":3,"source":"gdacs_live","url":"https://www.gdacs.org/report.aspx?eventtype=DR&eventid=1018431","layer":"gdacs","alert_level":"Green","event_type":"DR","country":"Madagascar"}},{"type":"Feature","geometry":{"type":"Point","coordinates":[-47.632,-4.658]},"properties":{"title":"Drought is on going in Brazil","summary":"The Drought notification level is Green.","date":"2022-09-21T00:00:00Z","ts":1663718400,"severity":3,"source":"gdacs_live","url":"https://www.gdacs.org/report.aspx?eventtype=DR&eventid=1015915","layer":"gdacs","alert_level":"Green","event_type":"DR","country":"Brazil"}},{"type":"Feature","geometry":{"type":"Point","coordinates":[-104.7,16.0]},"properties":{"title":"Hurricane Simon","summary":"Severe Storms · NASA EONET open event","date":"2026-10-09T18:00:00Z","ts":1791568800,"severity":6,"source":"eonet","url":"https://www.metoc.navy.mil/jtwc/products/ep2026.tcw","layer":"gdacs","event_type":"Severe Storms"}},{"type":"Feature","geometry":{"type":"Point","coordinates":[-88.0,26.4]},"properties":{"title":"Hurricane Isaias","summary":"Severe Storms · NASA EONET open event","date":"2026-10-09T09:00:00Z","ts":1791536400,"severity":6,"source":"eonet","url":"https://www.nhc.noaa.gov/archive/2026/ISAIAS.shtml","layer":"gdacs","event_type":"Severe Storms"}},{"type":"Feature","geometry":{"type":"Point","coordinates":[147.2,30.0]},"properties":{"title":"Hurricane Nolo","summary":"Severe Storms · NASA EONET open event","date":"2026-10-09T18:00:00Z","ts":1791568800,"severity":6,"source":"eonet","url":"https://science.nasa.gov/earth/earth-observatory/powerful-storms-continue-to-prowl-the-pacific/","layer":"gdacs","event_type":"Severe Storms"}},{"type":"Feature","geometry":{"type":"Point","coordinates":[-124.5,23.0]},"properties":{"title":"Hurricane Rachel","summary":"Severe Storms · NASA EONET open event","date":"2026-10-09T18:00:00Z","ts":1791568800,"severity":6,"source":"eonet","url":"https://www.metoc.navy.mil/jtwc/products/ep1826.tcw","layer":"gdacs","event_type":"Severe Storms"}},{"type":"Feature","geometry":{"type":"Point","coordinates":[153.0,20.7]},"properties":{"title":"Typhoon Koguma","summary":"Severe Storms · NASA EONET open event","date":"2026-10-09T18:00:00Z","ts":1791568800,"severity":6,"source":"eonet","url":"https://www.metoc.navy.mil/jtwc/products/wp2726.tcw","layer":"gdacs","event_type":"Severe Storms"}}]}