{"type":"FeatureCollection","features":[{"type":"Feature","geometry":{"type":"Point","coordinates":[-86.25,30.3845]},"properties":{"title":"Flash Flood Warning issued October 9 at 7:27PM EDT until October 10 at 1:30AM EDT by NWS Tallahassee FL","summary":"FFWTAE The National Weather Service in Tallahassee has issued a * Flash Flood Warning for... Walton County in the panhandle of Florida... * Until 1230 AM CDT Saturday. * At 627 PM CDT, Doppler radar indicated thunderstorms producing heavy…","date":"2026-10-09T23:27:00Z","ts":1791588420,"severity":7,"source":"nws_live","url":"https://api.weather.gov/alerts/urn:oid:2.49.0.1.840.0.fcb321bc15755199c0cf18b8286111fb3e44ef38.001.1","layer":"weather_alerts","event":"Flash Flood Warning","nws_severity":"Severe","area":"Walton, FL"}},{"type":"Feature","geometry":{"type":"Point","coordinates":[-87.2,30.49563]},"properties":{"title":"Flash Flood Warning issued October 9 at 6:16PM CDT until October 10 at 12:15AM CDT by NWS Mobile AL","summary":"FFWMOB The National Weather Service in Mobile has issued a * Flash Flood Warning for... South Central Escambia County in northwestern Florida... * Until 1215 AM CDT. * At 616 PM CDT, Doppler radar indicated thunderstorms producing heavy ra…","date":"2026-10-09T23:16:00Z","ts":1791587760,"severity":7,"source":"nws_live","url":"https://api.weather.gov/alerts/urn:oid:2.49.0.1.840.0.7394435c3b897807b406deb7e1d21dbe3a3cbe27.001.1","layer":"weather_alerts","event":"Flash Flood Warning","nws_severity":"Severe","area":"Escambia, FL"}},{"type":"Feature","geometry":{"type":"Point","coordinates":[-81.1225,30.0675]},"properties":{"title":"Special Marine Warning issued October 9 at 7:07PM EDT until October 9 at 8:00PM EDT by NWS Jacksonville FL","summary":"SMWJAX The National Weather Service in Jacksonville has issued a * Special Marine Warning for... Coastal waters from Fernandina Beach to St. Augustine FL out 20 NM... Coastal waters from St. Augustine to Flagler Beach FL out 20 NM... * Unt…","date":"2026-10-09T23:07:00Z","ts":1791587220,"severity":7,"source":"nws_live","url":"https://api.weather.gov/alerts/urn:oid:2.49.0.1.840.0.60529461419b780037bc3241fe99de1222a82ff4.001.1","layer":"weather_alerts","event":"Special Marine Warning","nws_severity":"Severe","area":"Coastal waters from Fernandina Beach to St. Augustine FL out 20 NM; Coastal waters from St. Augustine to Flagler Beach FL out 20 NM"}},{"type":"Feature","geometry":{"type":"Point","coordinates":[-86.22762,30.44905]},"properties":{"title":"Extreme Wind Warning issued October 9 at 5:46PM CDT until October 9 at 8:45PM CDT by NWS Tallahassee FL","summary":"EWWTAE The National Weather Service in Tallahassee has issued a * Extreme Wind Warning for... Southwestern Walton County in the Panhandle of Florida... * Until 845 PM CDT. * At 544 PM CDT, National Weather Service Doppler radar indicated e…","date":"2026-10-09T22:46:00Z","ts":1791585960,"severity":9,"source":"nws_live","url":"https://api.weather.gov/alerts/urn:oid:2.49.0.1.840.0.608a5556f7eb6e3e5f10dd114e4b6014963c1890.001.1","layer":"weather_alerts","event":"Extreme Wind Warning","nws_severity":"Extreme","area":"Walton, FL"}},{"type":"Feature","geometry":{"type":"Point","coordinates":[-87.13952,30.50238]},"properties":{"title":"Flash Flood Warning issued October 9 at 5:45PM CDT until October 9 at 11:45PM CDT by NWS Mobile AL","summary":"FFWMOB The National Weather Service in Mobile has issued a * Flash Flood Warning for... Southern Santa Rosa County in northwestern Florida... * Until 1145 PM CDT. * At 545 PM CDT, Doppler radar indicated thunderstorms producing heavy rain…","date":"2026-10-09T22:45:00Z","ts":1791585900,"severity":7,"source":"nws_live","url":"https://api.weather.gov/alerts/urn:oid:2.49.0.1.840.0.a64d1fa011a7754fd672f21519811561b3f46f70.001.1","layer":"weather_alerts","event":"Flash Flood Warning","nws_severity":"Severe","area":"Santa Rosa, FL"}},{"type":"Feature","geometry":{"type":"Point","coordinates":[-86.75812,30.42375]},"properties":{"title":"Extreme Wind Warning issued October 9 at 5:45PM CDT until October 9 at 8:45PM CDT by NWS Mobile AL","summary":"EWWMOB The National Weather Service in Mobile has issued a * Extreme Wind Warning for... Southern Okaloosa County in northwestern Florida... Southern Santa Rosa County in northwestern Florida... Southeastern Escambia County in northwestern…","date":"2026-10-09T22:45:00Z","ts":1791585900,"severity":9,"source":"nws_live","url":"https://api.weather.gov/alerts/urn:oid:2.49.0.1.840.0.6be024977d10b6d3828614d886439cca30c12a2d.001.1","layer":"weather_alerts","event":"Extreme Wind Warning","nws_severity":"Extreme","area":"Escambia, FL; Okaloosa, FL; Santa Rosa, FL"}},{"type":"Feature","geometry":{"type":"Point","coordinates":[-84.65857,29.5781]},"properties":{"title":"Special Marine Warning issued October 9 at 6:44PM EDT until October 9 at 8:45PM EDT by NWS Tallahassee FL","summary":"SMWTAE The National Weather Service in Tallahassee has issued a * Special Marine Warning for... Apalachee Bay or Coastal Waters From Keaton Beach to Ochlockonee River Fl out to 20 Nm... Coastal Waters From Ochlockonee River to Apalachicola…","date":"2026-10-09T22:44:00Z","ts":1791585840,"severity":7,"source":"nws_live","url":"https://api.weather.gov/alerts/urn:oid:2.49.0.1.840.0.3048eb7232457cd21a377957166fd31e06583517.001.1","layer":"weather_alerts","event":"Special Marine Warning","nws_severity":"Severe","area":"Apalachee Bay or Coastal Waters From Keaton Beach to Ochlockonee River Fl out to 20 Nm; St. Andrews Bay Waterways; Coastal waters from Okaloosa-Walton County Line to Mexico Beach out 20 NM; Coastal Waters from Mexico Beach to Apalachicola…"}},{"type":"Feature","geometry":{"type":"Point","coordinates":[-86.58,30.45267]},"properties":{"title":"Flash Flood Warning issued October 9 at 5:41PM CDT until October 9 at 11:45PM CDT by NWS Mobile AL","summary":"FFWMOB The National Weather Service in Mobile has issued a * Flash Flood Warning for... Southern Okaloosa County in northwestern Florida... * Until 1145 PM CDT Friday. * At 541 PM CDT, Doppler radar indicated thunderstorms producing heavy…","date":"2026-10-09T22:41:00Z","ts":1791585660,"severity":7,"source":"nws_live","url":"https://api.weather.gov/alerts/urn:oid:2.49.0.1.840.0.0976ddafbd59adf25c6827f3b677bbc34234b187.001.1","layer":"weather_alerts","event":"Flash Flood Warning","nws_severity":"Severe","area":"Okaloosa, FL"}},{"type":"Feature","geometry":{"type":"Point","coordinates":[-82.68286,28.2]},"properties":{"title":"Flood Warning issued October 9 at 6:37PM EDT until October 10 at 3:30PM EDT by NWS Tampa Bay Ruskin FL","summary":"...The Flood Warning is extended for the following rivers in Florida... Anclote River At Elfers at Little Road affecting Pasco County. .Due to recent heavy rainfall, water levels are rising on the Anclote River near Elfers. * WHAT...Minor…","date":"2026-10-09T22:37:00Z","ts":1791585420,"severity":7,"source":"nws_live","url":"https://api.weather.gov/alerts/urn:oid:2.49.0.1.840.0.2d049c342971cc1e910c0200dc9487469b87a2a3.001.1","layer":"weather_alerts","event":"Flood Warning","nws_severity":"Severe","area":"Pasco, FL"}},{"type":"Feature","geometry":{"type":"Point","coordinates":[-85.1665,30.8115]},"properties":{"title":"Flash Flood Warning issued October 9 at 6:33PM EDT until October 10 at 12:30AM EDT by NWS Tallahassee FL","summary":"FFWTAE The National Weather Service in Tallahassee has issued a * Flash Flood Warning for... Jackson County in the panhandle of Florida... * Until 1130 PM CDT. * At 533 PM CDT, Doppler radar indicated heavy rain across the warned area. Fla…","date":"2026-10-09T22:33:00Z","ts":1791585180,"severity":7,"source":"nws_live","url":"https://api.weather.gov/alerts/urn:oid:2.49.0.1.840.0.7f6057704cc81009e6ee6309718ad1dd73cbc63b.001.1","layer":"weather_alerts","event":"Flash Flood Warning","nws_severity":"Severe","area":"Jackson, FL"}},{"type":"Feature","geometry":{"type":"Point","coordinates":[-86.0255,30.61]},"properties":{"title":"Flash Flood Warning issued October 9 at 6:31PM EDT until October 10 at 12:30AM EDT by NWS Tallahassee FL","summary":"FFWTAE The National Weather Service in Tallahassee has issued a * Flash Flood Warning for... Holmes County in the panhandle of Florida... Southwestern Walton County in the panhandle of Florida... * Until 1130 PM CDT. * At 531 PM CDT, Doppl…","date":"2026-10-09T22:31:00Z","ts":1791585060,"severity":7,"source":"nws_live","url":"https://api.weather.gov/alerts/urn:oid:2.49.0.1.840.0.9d45c3903ebc17971888ae2057e03830bba7325f.001.1","layer":"weather_alerts","event":"Flash Flood Warning","nws_severity":"Severe","area":"Holmes, FL; Walton, FL"}},{"type":"Feature","geometry":{"type":"Point","coordinates":[-85.464,30.541]},"properties":{"title":"Flash Flood Warning issued October 9 at 6:29PM EDT until October 10 at 12:30AM EDT by NWS Tallahassee FL","summary":"FFWTAE The National Weather Service in Tallahassee has issued a * Flash Flood Warning for... Northern Bay County in the panhandle of Florida... Calhoun County in the panhandle of Florida... Washington County in the panhandle of Florida...…","date":"2026-10-09T22:29:00Z","ts":1791584940,"severity":7,"source":"nws_live","url":"https://api.weather.gov/alerts/urn:oid:2.49.0.1.840.0.3b79f00567218bfc09f496ea5170c3db429357b0.001.1","layer":"weather_alerts","event":"Flash Flood Warning","nws_severity":"Severe","area":"Bay, FL; Calhoun, FL; Washington, FL"}},{"type":"Feature","geometry":{"type":"Point","coordinates":[-81.864,31.228]},"properties":{"title":"Flood Warning issued October 9 at 6:23PM EDT by NWS Jacksonville FL","summary":"...The Flood Warning is extended for the following rivers in Georgia... Satilla River At Atkinson affecting Brantley County. Additional information is available at https://water.weather.gov/wfo/JAX The next statement will be issued Saturda…","date":"2026-10-09T22:23:00Z","ts":1791584580,"severity":7,"source":"nws_live","url":"https://api.weather.gov/alerts/urn:oid:2.49.0.1.840.0.f95e48811d1dc0eb54f5610c6e692ea2ef459471.001.1","layer":"weather_alerts","event":"Flood Warning","nws_severity":"Severe","area":"Brantley, GA"}},{"type":"Feature","geometry":{"type":"Point","coordinates":[-84.66952,30.34952]},"properties":{"title":"Flash Flood Warning issued October 9 at 6:14PM EDT until October 10 at 12:15AM EDT by NWS Tallahassee FL","summary":"FFWTAE The National Weather Service in Tallahassee has issued a * Flash Flood Warning for... Gadsden County in Big Bend Florida... Leon County in Big Bend Florida... Liberty County in Big Bend Florida... Northeastern Gulf County in the pan…","date":"2026-10-09T22:14:00Z","ts":1791584040,"severity":7,"source":"nws_live","url":"https://api.weather.gov/alerts/urn:oid:2.49.0.1.840.0.68c97062064dbecd5c2000e0be838047d0c5167c.001.1","layer":"weather_alerts","event":"Flash Flood Warning","nws_severity":"Severe","area":"Gadsden, FL; Gulf, FL; Leon, FL; Liberty, FL"}},{"type":"Feature","geometry":{"type":"Point","coordinates":[-85.68444,30.18111]},"properties":{"title":"Flash Flood Warning issued October 9 at 5:35PM EDT until October 9 at 9:30PM EDT by NWS Tallahassee FL","summary":"FFWTAE The National Weather Service in Tallahassee has issued a * Flash Flood Warning for... Central Bay County in the panhandle of Florida... * Until 830 PM CDT. * At 435 PM CDT, local law enforcement reported flooded roads across Lynn Ha…","date":"2026-10-09T21:35:00Z","ts":1791581700,"severity":7,"source":"nws_live","url":"https://api.weather.gov/alerts/urn:oid:2.49.0.1.840.0.54c1bb169cf8bc7bba27857f49f3bfe1358e95d3.001.1","layer":"weather_alerts","event":"Flash Flood Warning","nws_severity":"Severe","area":"Bay, FL"}},{"type":"Feature","geometry":{"type":"Point","coordinates":[-85.3224,31.9236]},"properties":{"title":"Tropical Storm Warning issued October 9 at 4:20PM CDT by NWS Birmingham AL","summary":"* LOCATIONS AFFECTED - Eufaula * WIND - LATEST LOCAL FORECAST: Below tropical storm force wind - Peak Wind Forecast: 15-25 mph with gusts to 45 mph - THREAT TO LIFE AND PROPERTY THAT INCLUDES TYPICAL FORECAST UNCERTAINTY IN TRACK, SIZE AND…","date":"2026-10-09T21:20:00Z","ts":1791580800,"severity":7,"source":"nws_live","url":"https://api.weather.gov/alerts/urn:oid:2.49.0.1.840.0.7e176935e170d11eb27ee31f168e61d9b462b9fe.034.1","layer":"weather_alerts","event":"Tropical Storm Warning","nws_severity":"Severe","area":"Barbour"}},{"type":"Feature","geometry":{"type":"Point","coordinates":[-87.17355,33.75827]},"properties":{"title":"Tropical Storm Warning issued October 9 at 4:20PM CDT by NWS Birmingham AL","summary":"* LOCATIONS AFFECTED - Jasper * WIND - LATEST LOCAL FORECAST: Below tropical storm force wind - Peak Wind Forecast: 20-30 mph with gusts to 45 mph - THREAT TO LIFE AND PROPERTY THAT INCLUDES TYPICAL FORECAST UNCERTAINTY IN TRACK, SIZE AND…","date":"2026-10-09T21:20:00Z","ts":1791580800,"severity":7,"source":"nws_live","url":"https://api.weather.gov/alerts/urn:oid:2.49.0.1.840.0.7e176935e170d11eb27ee31f168e61d9b462b9fe.005.1","layer":"weather_alerts","event":"Tropical Storm Warning","nws_severity":"Severe","area":"Walker"}},{"type":"Feature","geometry":{"type":"Point","coordinates":[-87.73225,32.76777]},"properties":{"title":"Tropical Storm Warning issued October 9 at 4:20PM CDT by NWS Birmingham AL","summary":"* LOCATIONS AFFECTED - Greensboro - Moundville * WIND - LATEST LOCAL FORECAST: Below tropical storm force wind - Peak Wind Forecast: 15-25 mph with gusts to 50 mph - THREAT TO LIFE AND PROPERTY THAT INCLUDES TYPICAL FORECAST UNCERTAINTY IN…","date":"2026-10-09T21:20:00Z","ts":1791580800,"severity":7,"source":"nws_live","url":"https://api.weather.gov/alerts/urn:oid:2.49.0.1.840.0.7e176935e170d11eb27ee31f168e61d9b462b9fe.017.1","layer":"weather_alerts","event":"Tropical Storm Warning","nws_severity":"Severe","area":"Hale"}},{"type":"Feature","geometry":{"type":"Point","coordinates":[-85.83777,32.73733]},"properties":{"title":"Tropical Storm Warning issued October 9 at 4:20PM CDT by NWS Birmingham AL","summary":"* LOCATIONS AFFECTED - Alexander City - Dadeville * WIND - LATEST LOCAL FORECAST: Below tropical storm force wind - Peak Wind Forecast: 15-25 mph with gusts to 50 mph - THREAT TO LIFE AND PROPERTY THAT INCLUDES TYPICAL FORECAST UNCERTAINTY…","date":"2026-10-09T21:20:00Z","ts":1791580800,"severity":7,"source":"nws_live","url":"https://api.weather.gov/alerts/urn:oid:2.49.0.1.840.0.7e176935e170d11eb27ee31f168e61d9b462b9fe.021.1","layer":"weather_alerts","event":"Tropical Storm Warning","nws_severity":"Severe","area":"Tallapoosa"}},{"type":"Feature","geometry":{"type":"Point","coordinates":[-86.63255,32.27515]},"properties":{"title":"Tropical Storm Warning issued October 9 at 4:20PM CDT by NWS Birmingham AL","summary":"* LOCATIONS AFFECTED - Fort Deposit - Hayneville * WIND - LATEST LOCAL FORECAST: Equivalent Tropical Storm force wind - Peak Wind Forecast: 40-50 mph with gusts to 65 mph - Window for Tropical Storm force winds: until Saturday morning - TH…","date":"2026-10-09T21:20:00Z","ts":1791580800,"severity":7,"source":"nws_live","url":"https://api.weather.gov/alerts/urn:oid:2.49.0.1.840.0.7e176935e170d11eb27ee31f168e61d9b462b9fe.028.1","layer":"weather_alerts","event":"Tropical Storm Warning","nws_severity":"Severe","area":"Lowndes"}},{"type":"Feature","geometry":{"type":"Point","coordinates":[-85.35817,32.64344]},"properties":{"title":"Tropical Storm Warning issued October 9 at 4:20PM CDT by NWS Birmingham AL","summary":"* LOCATIONS AFFECTED - Auburn - Opelika * WIND - LATEST LOCAL FORECAST: Below tropical storm force wind - Peak Wind Forecast: 15-25 mph with gusts to 45 mph - THREAT TO LIFE AND PROPERTY THAT INCLUDES TYPICAL FORECAST UNCERTAINTY IN TRACK,…","date":"2026-10-09T21:20:00Z","ts":1791580800,"severity":7,"source":"nws_live","url":"https://api.weather.gov/alerts/urn:oid:2.49.0.1.840.0.7e176935e170d11eb27ee31f168e61d9b462b9fe.027.1","layer":"weather_alerts","event":"Tropical Storm Warning","nws_severity":"Severe","area":"Lee"}},{"type":"Feature","geometry":{"type":"Point","coordinates":[-87.89494,32.27441]},"properties":{"title":"Tropical Storm Warning issued October 9 at 4:20PM CDT by NWS Birmingham AL","summary":"* LOCATIONS AFFECTED - Demopolis - Linden * WIND - LATEST LOCAL FORECAST: Below tropical storm force wind - Peak Wind Forecast: 15-25 mph with gusts to 45 mph - THREAT TO LIFE AND PROPERTY THAT INCLUDES TYPICAL FORECAST UNCERTAINTY IN TRAC…","date":"2026-10-09T21:20:00Z","ts":1791580800,"severity":7,"source":"nws_live","url":"https://api.weather.gov/alerts/urn:oid:2.49.0.1.840.0.7e176935e170d11eb27ee31f168e61d9b462b9fe.023.1","layer":"weather_alerts","event":"Tropical Storm Warning","nws_severity":"Severe","area":"Marengo"}},{"type":"Feature","geometry":{"type":"Point","coordinates":[-86.11868,32.53212]},"properties":{"title":"Tropical Storm Warning issued October 9 at 4:20PM CDT by NWS Birmingham AL","summary":"* LOCATIONS AFFECTED - Wetumpka - Tallassee * WIND - LATEST LOCAL FORECAST: Below tropical storm force wind - Peak Wind Forecast: 25-35 mph with gusts to 60 mph - THREAT TO LIFE AND PROPERTY THAT INCLUDES TYPICAL FORECAST UNCERTAINTY IN TR…","date":"2026-10-09T21:20:00Z","ts":1791580800,"severity":7,"source":"nws_live","url":"https://api.weather.gov/alerts/urn:oid:2.49.0.1.840.0.7e176935e170d11eb27ee31f168e61d9b462b9fe.026.1","layer":"weather_alerts","event":"Tropical Storm Warning","nws_severity":"Severe","area":"Elmore"}},{"type":"Feature","geometry":{"type":"Point","coordinates":[-87.25958,32.63458]},"properties":{"title":"Tropical Storm Warning issued October 9 at 4:20PM CDT by NWS Birmingham AL","summary":"* LOCATIONS AFFECTED - Marion * WIND - LATEST LOCAL FORECAST: Below tropical storm force wind - Peak Wind Forecast: 20-30 mph with gusts to 60 mph - THREAT TO LIFE AND PROPERTY THAT INCLUDES TYPICAL FORECAST UNCERTAINTY IN TRACK, SIZE AND…","date":"2026-10-09T21:20:00Z","ts":1791580800,"severity":7,"source":"nws_live","url":"https://api.weather.gov/alerts/urn:oid:2.49.0.1.840.0.7e176935e170d11eb27ee31f168e61d9b462b9fe.018.1","layer":"weather_alerts","event":"Tropical Storm Warning","nws_severity":"Severe","area":"Perry"}},{"type":"Feature","geometry":{"type":"Point","coordinates":[-86.65149,33.25963]},"properties":{"title":"Tropical Storm Warning issued October 9 at 4:20PM CDT by NWS Birmingham AL","summary":"* LOCATIONS AFFECTED - Columbiana - Pelham - Alabaster * WIND - LATEST LOCAL FORECAST: Equivalent Tropical Storm force wind - Peak Wind Forecast: 30-40 mph with gusts to 65 mph - Window for Tropical Storm force winds: early Saturday mornin…","date":"2026-10-09T21:20:00Z","ts":1791580800,"severity":7,"source":"nws_live","url":"https://api.weather.gov/alerts/urn:oid:2.49.0.1.840.0.7e176935e170d11eb27ee31f168e61d9b462b9fe.010.1","layer":"weather_alerts","event":"Tropical Storm Warning","nws_severity":"Severe","area":"Shelby"}},{"type":"Feature","geometry":{"type":"Point","coordinates":[-87.31645,34.10827]},"properties":{"title":"Tropical Storm Warning issued October 9 at 4:20PM CDT by NWS Birmingham AL","summary":"* LOCATIONS AFFECTED - Double Springs * WIND - LATEST LOCAL FORECAST: Below tropical storm force wind - Peak Wind Forecast: 15-25 mph with gusts to 45 mph - THREAT TO LIFE AND PROPERTY THAT INCLUDES TYPICAL FORECAST UNCERTAINTY IN TRACK, S…","date":"2026-10-09T21:20:00Z","ts":1791580800,"severity":7,"source":"nws_live","url":"https://api.weather.gov/alerts/urn:oid:2.49.0.1.840.0.7e176935e170d11eb27ee31f168e61d9b462b9fe.002.1","layer":"weather_alerts","event":"Tropical Storm Warning","nws_severity":"Severe","area":"Winston"}},{"type":"Feature","geometry":{"type":"Point","coordinates":[-85.75574,32.09623]},"properties":{"title":"Tropical Storm Warning issued October 9 at 4:20PM CDT by NWS Birmingham AL","summary":"* LOCATIONS AFFECTED - Union Springs * WIND - LATEST LOCAL FORECAST: Below tropical storm force wind - Peak Wind Forecast: 20-30 mph with gusts to 50 mph - THREAT TO LIFE AND PROPERTY THAT INCLUDES TYPICAL FORECAST UNCERTAINTY IN TRACK, SI…","date":"2026-10-09T21:20:00Z","ts":1791580800,"severity":7,"source":"nws_live","url":"https://api.weather.gov/alerts/urn:oid:2.49.0.1.840.0.7e176935e170d11eb27ee31f168e61d9b462b9fe.033.1","layer":"weather_alerts","event":"Tropical Storm Warning","nws_severity":"Severe","area":"Bullock"}},{"type":"Feature","geometry":{"type":"Point","coordinates":[-85.34414,32.79386]},"properties":{"title":"Tropical Storm Warning issued October 9 at 4:20PM CDT by NWS Birmingham AL","summary":"* LOCATIONS AFFECTED - Valley - Lanett - Lafayette * WIND - LATEST LOCAL FORECAST: Below tropical storm force wind - Peak Wind Forecast: 15-25 mph with gusts to 50 mph - THREAT TO LIFE AND PROPERTY THAT INCLUDES TYPICAL FORECAST UNCERTAINT…","date":"2026-10-09T21:20:00Z","ts":1791580800,"severity":7,"source":"nws_live","url":"https://api.weather.gov/alerts/urn:oid:2.49.0.1.840.0.7e176935e170d11eb27ee31f168e61d9b462b9fe.022.1","layer":"weather_alerts","event":"Tropical Storm Warning","nws_severity":"Severe","area":"Chambers"}},{"type":"Feature","geometry":{"type":"Point","coordinates":[-88.07157,33.15986]},"properties":{"title":"Tropical Storm Warning issued October 9 at 4:20PM CDT by NWS Birmingham AL","summary":"* LOCATIONS AFFECTED - Carrollton * WIND - LATEST LOCAL FORECAST: Below tropical storm force wind - Peak Wind Forecast: 15-25 mph with gusts to 50 mph - THREAT TO LIFE AND PROPERTY THAT INCLUDES TYPICAL FORECAST UNCERTAINTY IN TRACK, SIZE…","date":"2026-10-09T21:20:00Z","ts":1791580800,"severity":7,"source":"nws_live","url":"https://api.weather.gov/alerts/urn:oid:2.49.0.1.840.0.7e176935e170d11eb27ee31f168e61d9b462b9fe.008.1","layer":"weather_alerts","event":"Tropical Storm Warning","nws_severity":"Severe","area":"Pickens"}},{"type":"Feature","geometry":{"type":"Point","coordinates":[-88.06786,32.67204]},"properties":{"title":"Tropical Storm Warning issued October 9 at 4:20PM CDT by NWS Birmingham AL","summary":"* LOCATIONS AFFECTED - Livingston * WIND - LATEST LOCAL FORECAST: Below tropical storm force wind - Peak Wind Forecast: 10-20 mph with gusts to 45 mph - THREAT TO LIFE AND PROPERTY THAT INCLUDES TYPICAL FORECAST UNCERTAINTY IN TRACK, SIZE…","date":"2026-10-09T21:20:00Z","ts":1791580800,"severity":7,"source":"nws_live","url":"https://api.weather.gov/alerts/urn:oid:2.49.0.1.840.0.7e176935e170d11eb27ee31f168e61d9b462b9fe.015.1","layer":"weather_alerts","event":"Tropical Storm Warning","nws_severity":"Severe","area":"Sumter"}},{"type":"Feature","geometry":{"type":"Point","coordinates":[-87.90945,34.092]},"properties":{"title":"Tropical Storm Warning issued October 9 at 4:20PM CDT by NWS Birmingham AL","summary":"* LOCATIONS AFFECTED - Hamilton * WIND - LATEST LOCAL FORECAST: Below tropical storm force wind - Peak Wind Forecast: 15-25 mph with gusts to 45 mph - THREAT TO LIFE AND PROPERTY THAT INCLUDES TYPICAL FORECAST UNCERTAINTY IN TRACK, SIZE AN…","date":"2026-10-09T21:20:00Z","ts":1791580800,"severity":7,"source":"nws_live","url":"https://api.weather.gov/alerts/urn:oid:2.49.0.1.840.0.7e176935e170d11eb27ee31f168e61d9b462b9fe.001.1","layer":"weather_alerts","event":"Tropical Storm Warning","nws_severity":"Severe","area":"Marion"}},{"type":"Feature","geometry":{"type":"Point","coordinates":[-86.28659,33.72155]},"properties":{"title":"Tropical Storm Warning issued October 9 at 4:20PM CDT by NWS Birmingham AL","summary":"* LOCATIONS AFFECTED - Pell City - Moody * WIND - LATEST LOCAL FORECAST: Below tropical storm force wind - Peak Wind Forecast: 25-35 mph with gusts to 50 mph - THREAT TO LIFE AND PROPERTY THAT INCLUDES TYPICAL FORECAST UNCERTAINTY IN TRACK…","date":"2026-10-09T21:20:00Z","ts":1791580800,"severity":7,"source":"nws_live","url":"https://api.weather.gov/alerts/urn:oid:2.49.0.1.840.0.7e176935e170d11eb27ee31f168e61d9b462b9fe.007.1","layer":"weather_alerts","event":"Tropical Storm Warning","nws_severity":"Severe","area":"St. Clair"}},{"type":"Feature","geometry":{"type":"Point","coordinates":[-86.21868,33.43704]},"properties":{"title":"Tropical Storm Warning issued October 9 at 4:20PM CDT by NWS Birmingham AL","summary":"* LOCATIONS AFFECTED - Talladega - Sylacauga * WIND - LATEST LOCAL FORECAST: Below tropical storm force wind - Peak Wind Forecast: 20-30 mph with gusts to 55 mph - THREAT TO LIFE AND PROPERTY THAT INCLUDES TYPICAL FORECAST UNCERTAINTY IN T…","date":"2026-10-09T21:20:00Z","ts":1791580800,"severity":7,"source":"nws_live","url":"https://api.weather.gov/alerts/urn:oid:2.49.0.1.840.0.7e176935e170d11eb27ee31f168e61d9b462b9fe.011.1","layer":"weather_alerts","event":"Tropical Storm Warning","nws_severity":"Severe","area":"Talladega"}},{"type":"Feature","geometry":{"type":"Point","coordinates":[-87.35386,33.34567]},"properties":{"title":"Tropical Storm Warning issued October 9 at 4:20PM CDT by NWS Birmingham AL","summary":"* LOCATIONS AFFECTED - Tuscaloosa * WIND - LATEST LOCAL FORECAST: Below tropical storm force wind - Peak Wind Forecast: 15-25 mph with gusts to 55 mph - THREAT TO LIFE AND PROPERTY THAT INCLUDES TYPICAL FORECAST UNCERTAINTY IN TRACK, SIZE…","date":"2026-10-09T21:20:00Z","ts":1791580800,"severity":7,"source":"nws_live","url":"https://api.weather.gov/alerts/urn:oid:2.49.0.1.840.0.7e176935e170d11eb27ee31f168e61d9b462b9fe.009.1","layer":"weather_alerts","event":"Tropical Storm Warning","nws_severity":"Severe","area":"Tuscaloosa"}},{"type":"Feature","geometry":{"type":"Point","coordinates":[-86.70524,32.4295]},"properties":{"title":"Tropical Storm Warning issued October 9 at 4:20PM CDT by NWS Birmingham AL","summary":"* LOCATIONS AFFECTED - Prattville * WIND - LATEST LOCAL FORECAST: Equivalent Tropical Storm force wind - Peak Wind Forecast: 35-45 mph with gusts to 70 mph - Window for Tropical Storm force winds: until Saturday morning - THREAT TO LIFE AN…","date":"2026-10-09T21:20:00Z","ts":1791580800,"severity":7,"source":"nws_live","url":"https://api.weather.gov/alerts/urn:oid:2.49.0.1.840.0.7e176935e170d11eb27ee31f168e61d9b462b9fe.025.1","layer":"weather_alerts","event":"Tropical Storm Warning","nws_severity":"Severe","area":"Autauga"}},{"type":"Feature","geometry":{"type":"Point","coordinates":[-85.83476,32.42265]},"properties":{"title":"Tropical Storm Warning issued October 9 at 4:20PM CDT by NWS Birmingham AL","summary":"* LOCATIONS AFFECTED - Tuskegee * WIND - LATEST LOCAL FORECAST: Below tropical storm force wind - Peak Wind Forecast: 20-30 mph with gusts to 50 mph - THREAT TO LIFE AND PROPERTY THAT INCLUDES TYPICAL FORECAST UNCERTAINTY IN TRACK, SIZE AN…","date":"2026-10-09T21:20:00Z","ts":1791580800,"severity":7,"source":"nws_live","url":"https://api.weather.gov/alerts/urn:oid:2.49.0.1.840.0.7e176935e170d11eb27ee31f168e61d9b462b9fe.030.1","layer":"weather_alerts","event":"Tropical Storm Warning","nws_severity":"Severe","area":"Macon"}},{"type":"Feature","geometry":{"type":"Point","coordinates":[-87.0649,32.35891]},"properties":{"title":"Tropical Storm Warning issued October 9 at 4:20PM CDT by NWS Birmingham AL","summary":"* LOCATIONS AFFECTED - Selma * WIND - LATEST LOCAL FORECAST: Equivalent Tropical Storm force wind - Peak Wind Forecast: 30-40 mph with gusts to 60 mph - THREAT TO LIFE AND PROPERTY THAT INCLUDES TYPICAL FORECAST UNCERTAINTY IN TRACK, SIZE…","date":"2026-10-09T21:20:00Z","ts":1791580800,"severity":7,"source":"nws_live","url":"https://api.weather.gov/alerts/urn:oid:2.49.0.1.840.0.7e176935e170d11eb27ee31f168e61d9b462b9fe.024.1","layer":"weather_alerts","event":"Tropical Storm Warning","nws_severity":"Severe","area":"Dallas"}},{"type":"Feature","geometry":{"type":"Point","coordinates":[-85.07411,32.2598]},"properties":{"title":"Tropical Storm Warning issued October 9 at 4:20PM CDT by NWS Birmingham AL","summary":"* LOCATIONS AFFECTED - Phenix City * WIND - LATEST LOCAL FORECAST: Below tropical storm force wind - Peak Wind Forecast: 15-25 mph with gusts to 45 mph - THREAT TO LIFE AND PROPERTY THAT INCLUDES TYPICAL FORECAST UNCERTAINTY IN TRACK, SIZE…","date":"2026-10-09T21:20:00Z","ts":1791580800,"severity":7,"source":"nws_live","url":"https://api.weather.gov/alerts/urn:oid:2.49.0.1.840.0.7e176935e170d11eb27ee31f168e61d9b462b9fe.031.1","layer":"weather_alerts","event":"Tropical Storm Warning","nws_severity":"Severe","area":"Russell"}},{"type":"Feature","geometry":{"type":"Point","coordinates":[-85.93152,31.8627]},"properties":{"title":"Tropical Storm Warning issued October 9 at 4:20PM CDT by NWS Birmingham AL","summary":"* LOCATIONS AFFECTED - Troy * WIND - LATEST LOCAL FORECAST: Below tropical storm force wind - Peak Wind Forecast: 25-35 mph with gusts to 60 mph - THREAT TO LIFE AND PROPERTY THAT INCLUDES TYPICAL FORECAST UNCERTAINTY IN TRACK, SIZE AND IN…","date":"2026-10-09T21:20:00Z","ts":1791580800,"severity":7,"source":"nws_live","url":"https://api.weather.gov/alerts/urn:oid:2.49.0.1.840.0.7e176935e170d11eb27ee31f168e61d9b462b9fe.032.1","layer":"weather_alerts","event":"Tropical Storm Warning","nws_severity":"Severe","area":"Pike"}},{"type":"Feature","geometry":{"type":"Point","coordinates":[-87.91496,32.81611]},"properties":{"title":"Tropical Storm Warning issued October 9 at 4:20PM CDT by NWS Birmingham AL","summary":"* LOCATIONS AFFECTED - Eutaw * WIND - LATEST LOCAL FORECAST: Below tropical storm force wind - Peak Wind Forecast: 10-20 mph with gusts to 45 mph - THREAT TO LIFE AND PROPERTY THAT INCLUDES TYPICAL FORECAST UNCERTAINTY IN TRACK, SIZE AND I…","date":"2026-10-09T21:20:00Z","ts":1791580800,"severity":7,"source":"nws_live","url":"https://api.weather.gov/alerts/urn:oid:2.49.0.1.840.0.7e176935e170d11eb27ee31f168e61d9b462b9fe.016.1","layer":"weather_alerts","event":"Tropical Storm Warning","nws_severity":"Severe","area":"Greene"}},{"type":"Feature","geometry":{"type":"Point","coordinates":[-87.08152,33.09845]},"properties":{"title":"Tropical Storm Warning issued October 9 at 4:20PM CDT by NWS Birmingham AL","summary":"* LOCATIONS AFFECTED - Centreville * WIND - LATEST LOCAL FORECAST: Equivalent Tropical Storm force wind - Peak Wind Forecast: 30-40 mph with gusts to 60 mph - Window for Tropical Storm force winds: early Saturday morning until Saturday aft…","date":"2026-10-09T21:20:00Z","ts":1791580800,"severity":7,"source":"nws_live","url":"https://api.weather.gov/alerts/urn:oid:2.49.0.1.840.0.7e176935e170d11eb27ee31f168e61d9b462b9fe.014.1","layer":"weather_alerts","event":"Tropical Storm Warning","nws_severity":"Severe","area":"Bibb"}},{"type":"Feature","geometry":{"type":"Point","coordinates":[-86.24976,32.364]},"properties":{"title":"Tropical Storm Warning issued October 9 at 4:20PM CDT by NWS Birmingham AL","summary":"* LOCATIONS AFFECTED - Montgomery * WIND - LATEST LOCAL FORECAST: Equivalent Tropical Storm force wind - Peak Wind Forecast: 35-45 mph with gusts to 60 mph - Window for Tropical Storm force winds: until Saturday morning - THREAT TO LIFE AN…","date":"2026-10-09T21:20:00Z","ts":1791580800,"severity":7,"source":"nws_live","url":"https://api.weather.gov/alerts/urn:oid:2.49.0.1.840.0.7e176935e170d11eb27ee31f168e61d9b462b9fe.029.1","layer":"weather_alerts","event":"Tropical Storm Warning","nws_severity":"Severe","area":"Montgomery"}},{"type":"Feature","geometry":{"type":"Point","coordinates":[-85.86197,33.35077]},"properties":{"title":"Tropical Storm Warning issued October 9 at 4:20PM CDT by NWS Birmingham AL","summary":"* LOCATIONS AFFECTED - Ashland * WIND - LATEST LOCAL FORECAST: Below tropical storm force wind - Peak Wind Forecast: 15-25 mph with gusts to 55 mph - THREAT TO LIFE AND PROPERTY THAT INCLUDES TYPICAL FORECAST UNCERTAINTY IN TRACK, SIZE AND…","date":"2026-10-09T21:20:00Z","ts":1791580800,"severity":7,"source":"nws_live","url":"https://api.weather.gov/alerts/urn:oid:2.49.0.1.840.0.7e176935e170d11eb27ee31f168e61d9b462b9fe.012.1","layer":"weather_alerts","event":"Tropical Storm Warning","nws_severity":"Severe","area":"Clay"}},{"type":"Feature","geometry":{"type":"Point","coordinates":[-85.48159,33.33694]},"properties":{"title":"Tropical Storm Warning issued October 9 at 4:20PM CDT by NWS Birmingham AL","summary":"* LOCATIONS AFFECTED - Roanoke * WIND - LATEST LOCAL FORECAST: Below tropical storm force wind - Peak Wind Forecast: 15-25 mph with gusts to 50 mph - THREAT TO LIFE AND PROPERTY THAT INCLUDES TYPICAL FORECAST UNCERTAINTY IN TRACK, SIZE AND…","date":"2026-10-09T21:20:00Z","ts":1791580800,"severity":7,"source":"nws_live","url":"https://api.weather.gov/alerts/urn:oid:2.49.0.1.840.0.7e176935e170d11eb27ee31f168e61d9b462b9fe.013.1","layer":"weather_alerts","event":"Tropical Storm Warning","nws_severity":"Severe","area":"Randolph"}},{"type":"Feature","geometry":{"type":"Point","coordinates":[-87.63857,33.68486]},"properties":{"title":"Tropical Storm Warning issued October 9 at 4:20PM CDT by NWS Birmingham AL","summary":"* LOCATIONS AFFECTED - Fayette * WIND - LATEST LOCAL FORECAST: Below tropical storm force wind - Peak Wind Forecast: 15-25 mph with gusts to 45 mph - THREAT TO LIFE AND PROPERTY THAT INCLUDES TYPICAL FORECAST UNCERTAINTY IN TRACK, SIZE AND…","date":"2026-10-09T21:20:00Z","ts":1791580800,"severity":7,"source":"nws_live","url":"https://api.weather.gov/alerts/urn:oid:2.49.0.1.840.0.7e176935e170d11eb27ee31f168e61d9b462b9fe.004.1","layer":"weather_alerts","event":"Tropical Storm Warning","nws_severity":"Severe","area":"Fayette"}},{"type":"Feature","geometry":{"type":"Point","coordinates":[-86.35149,32.8994]},"properties":{"title":"Tropical Storm Warning issued October 9 at 4:20PM CDT by NWS Birmingham AL","summary":"* LOCATIONS AFFECTED - Rockford * WIND - LATEST LOCAL FORECAST: Below tropical storm force wind - Peak Wind Forecast: 25-35 mph with gusts to 60 mph - THREAT TO LIFE AND PROPERTY THAT INCLUDES TYPICAL FORECAST UNCERTAINTY IN TRACK, SIZE AN…","date":"2026-10-09T21:20:00Z","ts":1791580800,"severity":7,"source":"nws_live","url":"https://api.weather.gov/alerts/urn:oid:2.49.0.1.840.0.7e176935e170d11eb27ee31f168e61d9b462b9fe.020.1","layer":"weather_alerts","event":"Tropical Storm Warning","nws_severity":"Severe","area":"Coosa"}},{"type":"Feature","geometry":{"type":"Point","coordinates":[-86.93501,33.53378]},"properties":{"title":"Tropical Storm Warning issued October 9 at 4:20PM CDT by NWS Birmingham AL","summary":"* LOCATIONS AFFECTED - Birmingham - Hoover * WIND - LATEST LOCAL FORECAST: Below tropical storm force wind - Peak Wind Forecast: 25-35 mph with gusts to 60 mph - THREAT TO LIFE AND PROPERTY THAT INCLUDES TYPICAL FORECAST UNCERTAINTY IN TRA…","date":"2026-10-09T21:20:00Z","ts":1791580800,"severity":7,"source":"nws_live","url":"https://api.weather.gov/alerts/urn:oid:2.49.0.1.840.0.7e176935e170d11eb27ee31f168e61d9b462b9fe.006.1","layer":"weather_alerts","event":"Tropical Storm Warning","nws_severity":"Severe","area":"Jefferson"}},{"type":"Feature","geometry":{"type":"Point","coordinates":[-88.05622,33.86611]},"properties":{"title":"Tropical Storm Warning issued October 9 at 4:20PM CDT by NWS Birmingham AL","summary":"* LOCATIONS AFFECTED - Sulligent - Vernon * WIND - LATEST LOCAL FORECAST: Below tropical storm force wind - Peak Wind Forecast: 15-25 mph with gusts to 45 mph - THREAT TO LIFE AND PROPERTY THAT INCLUDES TYPICAL FORECAST UNCERTAINTY IN TRAC…","date":"2026-10-09T21:20:00Z","ts":1791580800,"severity":7,"source":"nws_live","url":"https://api.weather.gov/alerts/urn:oid:2.49.0.1.840.0.7e176935e170d11eb27ee31f168e61d9b462b9fe.003.1","layer":"weather_alerts","event":"Tropical Storm Warning","nws_severity":"Severe","area":"Lamar"}},{"type":"Feature","geometry":{"type":"Point","coordinates":[-86.60014,32.88592]},"properties":{"title":"Tropical Storm Warning issued October 9 at 4:20PM CDT by NWS Birmingham AL","summary":"* LOCATIONS AFFECTED - Clanton * WIND - LATEST LOCAL FORECAST: Equivalent Tropical Storm force wind - Peak Wind Forecast: 35-45 mph with gusts to 65 mph - Window for Tropical Storm force winds: early Saturday morning until Saturday afterno…","date":"2026-10-09T21:20:00Z","ts":1791580800,"severity":7,"source":"nws_live","url":"https://api.weather.gov/alerts/urn:oid:2.49.0.1.840.0.7e176935e170d11eb27ee31f168e61d9b462b9fe.019.1","layer":"weather_alerts","event":"Tropical Storm Warning","nws_severity":"Severe","area":"Chilton"}},{"type":"Feature","geometry":{"type":"Point","coordinates":[-84.88061,32.47858]},"properties":{"title":"Tropical Storm Warning issued October 9 at 5:16PM EDT by NWS Peachtree City GA","summary":"* LOCATIONS AFFECTED - Columbus * WIND - LATEST LOCAL FORECAST: Below tropical storm force wind - Peak Wind Forecast: 15-25 mph with gusts to 45 mph - THREAT TO LIFE AND PROPERTY THAT INCLUDES TYPICAL FORECAST UNCERTAINTY IN TRACK, SIZE AN…","date":"2026-10-09T21:16:00Z","ts":1791580560,"severity":7,"source":"nws_live","url":"https://api.weather.gov/alerts/urn:oid:2.49.0.1.840.0.c80e5a136a3e734a13a42ca134e6c93c54d21960.011.1","layer":"weather_alerts","event":"Tropical Storm Warning","nws_severity":"Severe","area":"Muscogee"}},{"type":"Feature","geometry":{"type":"Point","coordinates":[-84.58948,32.09375]},"properties":{"title":"Tropical Storm Warning issued October 9 at 5:16PM EDT by NWS Peachtree City GA","summary":"* LOCATIONS AFFECTED - Preston * WIND - LATEST LOCAL FORECAST: Below tropical storm force wind - Peak Wind Forecast: 15-25 mph with gusts to 45 mph - THREAT TO LIFE AND PROPERTY THAT INCLUDES TYPICAL FORECAST UNCERTAINTY IN TRACK, SIZE AND…","date":"2026-10-09T21:16:00Z","ts":1791580560,"severity":7,"source":"nws_live","url":"https://api.weather.gov/alerts/urn:oid:2.49.0.1.840.0.c80e5a136a3e734a13a42ca134e6c93c54d21960.008.1","layer":"weather_alerts","event":"Tropical Storm Warning","nws_severity":"Severe","area":"Webster"}},{"type":"Feature","geometry":{"type":"Point","coordinates":[-84.23945,32.549]},"properties":{"title":"Tropical Storm Warning issued October 9 at 5:16PM EDT by NWS Peachtree City GA","summary":"* LOCATIONS AFFECTED - Butler * WIND - LATEST LOCAL FORECAST: Below tropical storm force wind - Peak Wind Forecast: 10-20 mph with gusts to 45 mph - THREAT TO LIFE AND PROPERTY THAT INCLUDES TYPICAL FORECAST UNCERTAINTY IN TRACK, SIZE AND…","date":"2026-10-09T21:16:00Z","ts":1791580560,"severity":7,"source":"nws_live","url":"https://api.weather.gov/alerts/urn:oid:2.49.0.1.840.0.c80e5a136a3e734a13a42ca134e6c93c54d21960.004.1","layer":"weather_alerts","event":"Tropical Storm Warning","nws_severity":"Severe","area":"Taylor"}},{"type":"Feature","geometry":{"type":"Point","coordinates":[-85.03786,33.141]},"properties":{"title":"Tropical Storm Warning issued October 9 at 5:16PM EDT by NWS Peachtree City GA","summary":"* LOCATIONS AFFECTED - La Grange * WIND - LATEST LOCAL FORECAST: Below tropical storm force wind - Peak Wind Forecast: 10-20 mph with gusts to 45 mph - THREAT TO LIFE AND PROPERTY THAT INCLUDES TYPICAL FORECAST UNCERTAINTY IN TRACK, SIZE A…","date":"2026-10-09T21:16:00Z","ts":1791580560,"severity":7,"source":"nws_live","url":"https://api.weather.gov/alerts/urn:oid:2.49.0.1.840.0.c80e5a136a3e734a13a42ca134e6c93c54d21960.012.1","layer":"weather_alerts","event":"Tropical Storm Warning","nws_severity":"Severe","area":"Troup"}},{"type":"Feature","geometry":{"type":"Point","coordinates":[-84.51636,32.67712]},"properties":{"title":"Tropical Storm Warning issued October 9 at 5:16PM EDT by NWS Peachtree City GA","summary":"* LOCATIONS AFFECTED - Talbotton * WIND - LATEST LOCAL FORECAST: Below tropical storm force wind - Peak Wind Forecast: 10-20 mph with gusts to 45 mph - THREAT TO LIFE AND PROPERTY THAT INCLUDES TYPICAL FORECAST UNCERTAINTY IN TRACK, SIZE A…","date":"2026-10-09T21:16:00Z","ts":1791580560,"severity":7,"source":"nws_live","url":"https://api.weather.gov/alerts/urn:oid:2.49.0.1.840.0.c80e5a136a3e734a13a42ca134e6c93c54d21960.015.1","layer":"weather_alerts","event":"Tropical Storm Warning","nws_severity":"Severe","area":"Talbot"}},{"type":"Feature","geometry":{"type":"Point","coordinates":[-84.94513,32.74118]},"properties":{"title":"Tropical Storm Warning issued October 9 at 5:16PM EDT by NWS Peachtree City GA","summary":"* LOCATIONS AFFECTED - Hamilton * WIND - LATEST LOCAL FORECAST: Below tropical storm force wind - Peak Wind Forecast: 15-25 mph with gusts to 45 mph - THREAT TO LIFE AND PROPERTY THAT INCLUDES TYPICAL FORECAST UNCERTAINTY IN TRACK, SIZE AN…","date":"2026-10-09T21:16:00Z","ts":1791580560,"severity":7,"source":"nws_live","url":"https://api.weather.gov/alerts/urn:oid:2.49.0.1.840.0.c80e5a136a3e734a13a42ca134e6c93c54d21960.010.1","layer":"weather_alerts","event":"Tropical Storm Warning","nws_severity":"Severe","area":"Harris"}},{"type":"Feature","geometry":{"type":"Point","coordinates":[-84.43641,33.08797]},"properties":{"title":"Tropical Storm Warning issued October 9 at 5:16PM EDT by NWS Peachtree City GA","summary":"* LOCATIONS AFFECTED - Zebulon * WIND - LATEST LOCAL FORECAST: Below tropical storm force wind - Peak Wind Forecast: 10-20 mph with gusts to 40 mph - THREAT TO LIFE AND PROPERTY THAT INCLUDES TYPICAL FORECAST UNCERTAINTY IN TRACK, SIZE AND…","date":"2026-10-09T21:16:00Z","ts":1791580560,"severity":7,"source":"nws_live","url":"https://api.weather.gov/alerts/urn:oid:2.49.0.1.840.0.c80e5a136a3e734a13a42ca134e6c93c54d21960.016.1","layer":"weather_alerts","event":"Tropical Storm Warning","nws_severity":"Severe","area":"Pike"}},{"type":"Feature","geometry":{"type":"Point","coordinates":[-84.59366,33.08315]},"properties":{"title":"Tropical Storm Warning issued October 9 at 5:16PM EDT by NWS Peachtree City GA","summary":"* LOCATIONS AFFECTED - Greenville * WIND - LATEST LOCAL FORECAST: Below tropical storm force wind - Peak Wind Forecast: 10-20 mph with gusts to 40 mph - THREAT TO LIFE AND PROPERTY THAT INCLUDES TYPICAL FORECAST UNCERTAINTY IN TRACK, SIZE…","date":"2026-10-09T21:16:00Z","ts":1791580560,"severity":7,"source":"nws_live","url":"https://api.weather.gov/alerts/urn:oid:2.49.0.1.840.0.c80e5a136a3e734a13a42ca134e6c93c54d21960.009.1","layer":"weather_alerts","event":"Tropical Storm Warning","nws_severity":"Severe","area":"Meriwether"}},{"type":"Feature","geometry":{"type":"Point","coordinates":[-84.33139,32.28927]},"properties":{"title":"Tropical Storm Warning issued October 9 at 5:16PM EDT by NWS Peachtree City GA","summary":"* LOCATIONS AFFECTED - Ellaville * WIND - LATEST LOCAL FORECAST: Below tropical storm force wind - Peak Wind Forecast: 10-20 mph with gusts to 45 mph - THREAT TO LIFE AND PROPERTY THAT INCLUDES TYPICAL FORECAST UNCERTAINTY IN TRACK, SIZE A…","date":"2026-10-09T21:16:00Z","ts":1791580560,"severity":7,"source":"nws_live","url":"https://api.weather.gov/alerts/urn:oid:2.49.0.1.840.0.c80e5a136a3e734a13a42ca134e6c93c54d21960.003.1","layer":"weather_alerts","event":"Tropical Storm Warning","nws_severity":"Severe","area":"Schley"}},{"type":"Feature","geometry":{"type":"Point","coordinates":[-84.11435,32.08805]},"properties":{"title":"Tropical Storm Warning issued October 9 at 5:16PM EDT by NWS Peachtree City GA","summary":"* LOCATIONS AFFECTED - Americus * WIND - LATEST LOCAL FORECAST: Below tropical storm force wind - Peak Wind Forecast: 10-20 mph with gusts to 45 mph - THREAT TO LIFE AND PROPERTY THAT INCLUDES TYPICAL FORECAST UNCERTAINTY IN TRACK, SIZE AN…","date":"2026-10-09T21:16:00Z","ts":1791580560,"severity":7,"source":"nws_live","url":"https://api.weather.gov/alerts/urn:oid:2.49.0.1.840.0.c80e5a136a3e734a13a42ca134e6c93c54d21960.007.1","layer":"weather_alerts","event":"Tropical Storm Warning","nws_severity":"Severe","area":"Sumter"}},{"type":"Feature","geometry":{"type":"Point","coordinates":[-84.34676,32.85036]},"properties":{"title":"Tropical Storm Warning issued October 9 at 5:16PM EDT by NWS Peachtree City GA","summary":"* LOCATIONS AFFECTED - Thomaston * WIND - LATEST LOCAL FORECAST: Below tropical storm force wind - Peak Wind Forecast: 10-20 mph with gusts to 40 mph - THREAT TO LIFE AND PROPERTY THAT INCLUDES TYPICAL FORECAST UNCERTAINTY IN TRACK, SIZE A…","date":"2026-10-09T21:16:00Z","ts":1791580560,"severity":7,"source":"nws_live","url":"https://api.weather.gov/alerts/urn:oid:2.49.0.1.840.0.c80e5a136a3e734a13a42ca134e6c93c54d21960.014.1","layer":"weather_alerts","event":"Tropical Storm Warning","nws_severity":"Severe","area":"Upson"}},{"type":"Feature","geometry":{"type":"Point","coordinates":[-85.05848,33.23905]},"properties":{"title":"Tropical Storm Warning issued October 9 at 5:16PM EDT by NWS Peachtree City GA","summary":"* LOCATIONS AFFECTED - Franklin * WIND - LATEST LOCAL FORECAST: Below tropical storm force wind - Peak Wind Forecast: 10-20 mph with gusts to 45 mph - THREAT TO LIFE AND PROPERTY THAT INCLUDES TYPICAL FORECAST UNCERTAINTY IN TRACK, SIZE AN…","date":"2026-10-09T21:16:00Z","ts":1791580560,"severity":7,"source":"nws_live","url":"https://api.weather.gov/alerts/urn:oid:2.49.0.1.840.0.c80e5a136a3e734a13a42ca134e6c93c54d21960.002.1","layer":"weather_alerts","event":"Tropical Storm Warning","nws_severity":"Severe","area":"Heard"}},{"type":"Feature","geometry":{"type":"Point","coordinates":[-84.50716,32.38498]},"properties":{"title":"Tropical Storm Warning issued October 9 at 5:16PM EDT by NWS Peachtree City GA","summary":"* LOCATIONS AFFECTED - Buena Vista * WIND - LATEST LOCAL FORECAST: Below tropical storm force wind - Peak Wind Forecast: 10-20 mph with gusts to 45 mph - THREAT TO LIFE AND PROPERTY THAT INCLUDES TYPICAL FORECAST UNCERTAINTY IN TRACK, SIZE…","date":"2026-10-09T21:16:00Z","ts":1791580560,"severity":7,"source":"nws_live","url":"https://api.weather.gov/alerts/urn:oid:2.49.0.1.840.0.c80e5a136a3e734a13a42ca134e6c93c54d21960.005.1","layer":"weather_alerts","event":"Tropical Storm Warning","nws_severity":"Severe","area":"Marion"}},{"type":"Feature","geometry":{"type":"Point","coordinates":[-84.83275,32.05397]},"properties":{"title":"Tropical Storm Warning issued October 9 at 5:16PM EDT by NWS Peachtree City GA","summary":"* LOCATIONS AFFECTED - Lumpkin * WIND - LATEST LOCAL FORECAST: Below tropical storm force wind - Peak Wind Forecast: 10-20 mph with gusts to 45 mph - THREAT TO LIFE AND PROPERTY THAT INCLUDES TYPICAL FORECAST UNCERTAINTY IN TRACK, SIZE AND…","date":"2026-10-09T21:16:00Z","ts":1791580560,"severity":7,"source":"nws_live","url":"https://api.weather.gov/alerts/urn:oid:2.49.0.1.840.0.c80e5a136a3e734a13a42ca134e6c93c54d21960.013.1","layer":"weather_alerts","event":"Tropical Storm Warning","nws_severity":"Severe","area":"Stewart"}},{"type":"Feature","geometry":{"type":"Point","coordinates":[-84.014,32.39633]},"properties":{"title":"Tropical Storm Warning issued October 9 at 5:16PM EDT by NWS Peachtree City GA","summary":"* LOCATIONS AFFECTED - Oglethorpe * WIND - LATEST LOCAL FORECAST: Below tropical storm force wind - Peak Wind Forecast: 10-20 mph with gusts to 45 mph - THREAT TO LIFE AND PROPERTY THAT INCLUDES TYPICAL FORECAST UNCERTAINTY IN TRACK, SIZE…","date":"2026-10-09T21:16:00Z","ts":1791580560,"severity":7,"source":"nws_live","url":"https://api.weather.gov/alerts/urn:oid:2.49.0.1.840.0.c80e5a136a3e734a13a42ca134e6c93c54d21960.006.1","layer":"weather_alerts","event":"Tropical Storm Warning","nws_severity":"Severe","area":"Macon"}},{"type":"Feature","geometry":{"type":"Point","coordinates":[-84.8318,32.35357]},"properties":{"title":"Tropical Storm Warning issued October 9 at 5:16PM EDT by NWS Peachtree City GA","summary":"* LOCATIONS AFFECTED - Cusseta * WIND - LATEST LOCAL FORECAST: Below tropical storm force wind - Peak Wind Forecast: 15-25 mph with gusts to 45 mph - THREAT TO LIFE AND PROPERTY THAT INCLUDES TYPICAL FORECAST UNCERTAINTY IN TRACK, SIZE AND…","date":"2026-10-09T21:16:00Z","ts":1791580560,"severity":7,"source":"nws_live","url":"https://api.weather.gov/alerts/urn:oid:2.49.0.1.840.0.c80e5a136a3e734a13a42ca134e6c93c54d21960.001.1","layer":"weather_alerts","event":"Tropical Storm Warning","nws_severity":"Severe","area":"Chattahoochee"}},{"type":"Feature","geometry":{"type":"Point","coordinates":[-88.9645,33.87742]},"properties":{"title":"Tropical Storm Warning issued October 9 at 4:09PM CDT by NWS Memphis TN","summary":"* LOCATIONS AFFECTED - Houston - Okolona * WIND - LATEST LOCAL FORECAST: Below tropical storm force wind - Peak Wind Forecast: 10-20 mph with gusts to 45 mph - THREAT TO LIFE AND PROPERTY THAT INCLUDES TYPICAL FORECAST UNCERTAINTY IN TRACK…","date":"2026-10-09T21:09:00Z","ts":1791580140,"severity":7,"source":"nws_live","url":"https://api.weather.gov/alerts/urn:oid:2.49.0.1.840.0.8b60a83535fe14aa7f6feeac2b4f09b022f0b563.004.1","layer":"weather_alerts","event":"Tropical Storm Warning","nws_severity":"Severe","area":"Chickasaw"}},{"type":"Feature","geometry":{"type":"Point","coordinates":[-88.32529,34.33657]},"properties":{"title":"Tropical Storm Warning issued October 9 at 4:09PM CDT by NWS Memphis TN","summary":"* LOCATIONS AFFECTED - Fulton * WIND - LATEST LOCAL FORECAST: Below tropical storm force wind - Peak Wind Forecast: 15-25 mph with gusts to 45 mph - THREAT TO LIFE AND PROPERTY THAT INCLUDES TYPICAL FORECAST UNCERTAINTY IN TRACK, SIZE AND…","date":"2026-10-09T21:09:00Z","ts":1791580140,"severity":7,"source":"nws_live","url":"https://api.weather.gov/alerts/urn:oid:2.49.0.1.840.0.8b60a83535fe14aa7f6feeac2b4f09b022f0b563.001.1","layer":"weather_alerts","event":"Tropical Storm Warning","nws_severity":"Severe","area":"Itawamba"}},{"type":"Feature","geometry":{"type":"Point","coordinates":[-88.45897,33.76972]},"properties":{"title":"Tropical Storm Warning issued October 9 at 4:09PM CDT by NWS Memphis TN","summary":"* LOCATIONS AFFECTED - Amory - Aberdeen * WIND - LATEST LOCAL FORECAST: Below tropical storm force wind - Peak Wind Forecast: 15-25 mph with gusts to 45 mph - THREAT TO LIFE AND PROPERTY THAT INCLUDES TYPICAL FORECAST UNCERTAINTY IN TRACK,…","date":"2026-10-09T21:09:00Z","ts":1791580140,"severity":7,"source":"nws_live","url":"https://api.weather.gov/alerts/urn:oid:2.49.0.1.840.0.8b60a83535fe14aa7f6feeac2b4f09b022f0b563.003.1","layer":"weather_alerts","event":"Tropical Storm Warning","nws_severity":"Severe","area":"Monroe"}},{"type":"Feature","geometry":{"type":"Point","coordinates":[-88.70262,34.34008]},"properties":{"title":"Tropical Storm Warning issued October 9 at 4:09PM CDT by NWS Memphis TN","summary":"* LOCATIONS AFFECTED - Tupelo * WIND - LATEST LOCAL FORECAST: Below tropical storm force wind - Peak Wind Forecast: 15-25 mph with gusts to 45 mph - THREAT TO LIFE AND PROPERTY THAT INCLUDES TYPICAL FORECAST UNCERTAINTY IN TRACK, SIZE AND…","date":"2026-10-09T21:09:00Z","ts":1791580140,"severity":7,"source":"nws_live","url":"https://api.weather.gov/alerts/urn:oid:2.49.0.1.840.0.8b60a83535fe14aa7f6feeac2b4f09b022f0b563.002.1","layer":"weather_alerts","event":"Tropical Storm Warning","nws_severity":"Severe","area":"Lee"}},{"type":"Feature","geometry":{"type":"Point","coordinates":[-86.19964,30.40211]},"properties":{"title":"Hurricane Warning issued October 9 at 5:05PM EDT by NWS Tallahassee FL","summary":"* LOCATIONS AFFECTED - Santa Rosa Beach - Sandestin - Freeport * WIND - LATEST LOCAL FORECAST: Equivalent Strong Tropical Storm force wind - Peak Wind Forecast: 55-70 mph with gusts to 90 mph - Window for Tropical Storm force winds: until…","date":"2026-10-09T21:05:00Z","ts":1791579900,"severity":9,"source":"nws_live","url":"https://api.weather.gov/alerts/urn:oid:2.49.0.1.840.0.7443edf58810bb5bde5a26c7c8f3a2d5e1b92079.001.1","layer":"weather_alerts","event":"Hurricane Warning","nws_severity":"Extreme","area":"South Walton"}},{"type":"Feature","geometry":{"type":"Point","coordinates":[-85.87415,31.11631]},"properties":{"title":"Hurricane Warning issued October 9 at 5:05PM EDT by NWS Tallahassee FL","summary":"* LOCATIONS AFFECTED - Geneva - Samson * WIND - LATEST LOCAL FORECAST: Below tropical storm force wind - Peak Wind Forecast: 25-35 mph with gusts to 65 mph - THREAT TO LIFE AND PROPERTY THAT INCLUDES TYPICAL FORECAST UNCERTAINTY IN TRACK,…","date":"2026-10-09T21:05:00Z","ts":1791579900,"severity":9,"source":"nws_live","url":"https://api.weather.gov/alerts/urn:oid:2.49.0.1.840.0.7443edf58810bb5bde5a26c7c8f3a2d5e1b92079.024.1","layer":"weather_alerts","event":"Hurricane Warning","nws_severity":"Extreme","area":"Geneva"}},{"type":"Feature","geometry":{"type":"Point","coordinates":[-84.41664,31.32215]},"properties":{"title":"Tropical Storm Warning issued October 9 at 5:05PM EDT by NWS Tallahassee FL","summary":"* LOCATIONS AFFECTED - Newton * WIND - LATEST LOCAL FORECAST: Below tropical storm force wind - Peak Wind Forecast: 15-25 mph with gusts to 50 mph - THREAT TO LIFE AND PROPERTY THAT INCLUDES TYPICAL FORECAST UNCERTAINTY IN TRACK, SIZE AND…","date":"2026-10-09T21:05:00Z","ts":1791579900,"severity":7,"source":"nws_live","url":"https://api.weather.gov/alerts/urn:oid:2.49.0.1.840.0.7443edf58810bb5bde5a26c7c8f3a2d5e1b92079.035.1","layer":"weather_alerts","event":"Tropical Storm Warning","nws_severity":"Severe","area":"Baker"}},{"type":"Feature","geometry":{"type":"Point","coordinates":[-84.61658,31.53166]},"properties":{"title":"Tropical Storm Warning issued October 9 at 5:05PM EDT by NWS Tallahassee FL","summary":"* LOCATIONS AFFECTED - Morgan * WIND - LATEST LOCAL FORECAST: Below tropical storm force wind - Peak Wind Forecast: 15-25 mph with gusts to 45 mph - THREAT TO LIFE AND PROPERTY THAT INCLUDES TYPICAL FORECAST UNCERTAINTY IN TRACK, SIZE AND…","date":"2026-10-09T21:05:00Z","ts":1791579900,"severity":7,"source":"nws_live","url":"https://api.weather.gov/alerts/urn:oid:2.49.0.1.840.0.7443edf58810bb5bde5a26c7c8f3a2d5e1b92079.039.1","layer":"weather_alerts","event":"Tropical Storm Warning","nws_severity":"Severe","area":"Calhoun"}},{"type":"Feature","geometry":{"type":"Point","coordinates":[-85.83968,30.59245]},"properties":{"title":"Hurricane Warning issued October 9 at 5:05PM EDT by NWS Tallahassee FL","summary":"* LOCATIONS AFFECTED - Chipley - Vernon * WIND - LATEST LOCAL FORECAST: Below tropical storm force wind - Peak Wind Forecast: 25-35 mph with gusts to 70 mph - THREAT TO LIFE AND PROPERTY THAT INCLUDES TYPICAL FORECAST UNCERTAINTY IN TRACK,…","date":"2026-10-09T21:05:00Z","ts":1791579900,"severity":9,"source":"nws_live","url":"https://api.weather.gov/alerts/urn:oid:2.49.0.1.840.0.7443edf58810bb5bde5a26c7c8f3a2d5e1b92079.016.1","layer":"weather_alerts","event":"Hurricane Warning","nws_severity":"Extreme","area":"Washington"}},{"type":"Feature","geometry":{"type":"Point","coordinates":[-83.17307,29.44376]},"properties":{"title":"Storm Surge Warning issued October 9 at 5:05PM EDT by NWS Tallahassee FL","summary":"* LOCATIONS AFFECTED - Horseshoe Beach - Suwannee * WIND - LATEST LOCAL FORECAST: Below tropical storm force wind - Peak Wind Forecast: 10-20 mph with gusts to 30 mph - THREAT TO LIFE AND PROPERTY THAT INCLUDES TYPICAL FORECAST UNCERTAINTY…","date":"2026-10-09T21:05:00Z","ts":1791579900,"severity":9,"source":"nws_live","url":"https://api.weather.gov/alerts/urn:oid:2.49.0.1.840.0.7443edf58810bb5bde5a26c7c8f3a2d5e1b92079.015.1","layer":"weather_alerts","event":"Storm Surge Warning","nws_severity":"Extreme","area":"Coastal Dixie"}},{"type":"Feature","geometry":{"type":"Point","coordinates":[-84.91912,30.39453]},"properties":{"title":"Tropical Storm Warning issued October 9 at 5:05PM EDT by NWS Tallahassee FL","summary":"* LOCATIONS AFFECTED - Hosford - Bristol * WIND - LATEST LOCAL FORECAST: Below tropical storm force wind - Peak Wind Forecast: 15-25 mph with gusts to 45 mph - THREAT TO LIFE AND PROPERTY THAT INCLUDES TYPICAL FORECAST UNCERTAINTY IN TRACK…","date":"2026-10-09T21:05:00Z","ts":1791579900,"severity":7,"source":"nws_live","url":"https://api.weather.gov/alerts/urn:oid:2.49.0.1.840.0.7443edf58810bb5bde5a26c7c8f3a2d5e1b92079.021.1","layer":"weather_alerts","event":"Tropical Storm Warning","nws_severity":"Severe","area":"Northern Liberty"}},{"type":"Feature","geometry":{"type":"Point","coordinates":[-86.20483,30.89783]},"properties":{"title":"Hurricane Warning issued October 9 at 5:05PM EDT by NWS Tallahassee FL","summary":"* LOCATIONS AFFECTED - De Funiak Springs * WIND - LATEST LOCAL FORECAST: Equivalent Tropical Storm force wind - Peak Wind Forecast: 30-40 mph with gusts to 70 mph - Window for Tropical Storm force winds: until early Saturday morning - THRE…","date":"2026-10-09T21:05:00Z","ts":1791579900,"severity":9,"source":"nws_live","url":"https://api.weather.gov/alerts/urn:oid:2.49.0.1.840.0.7443edf58810bb5bde5a26c7c8f3a2d5e1b92079.003.1","layer":"weather_alerts","event":"Hurricane Warning","nws_severity":"Extreme","area":"North Walton"}},{"type":"Feature","geometry":{"type":"Point","coordinates":[-83.62904,29.8682]},"properties":{"title":"Storm Surge Warning issued October 9 at 5:05PM EDT by NWS Tallahassee FL","summary":"* LOCATIONS AFFECTED - Keaton Beach - Steinhatchee * WIND - LATEST LOCAL FORECAST: Below tropical storm force wind - Peak Wind Forecast: 20-30 mph with gusts to 40 mph - THREAT TO LIFE AND PROPERTY THAT INCLUDES TYPICAL FORECAST UNCERTAINT…","date":"2026-10-09T21:05:00Z","ts":1791579900,"severity":9,"source":"nws_live","url":"https://api.weather.gov/alerts/urn:oid:2.49.0.1.840.0.7443edf58810bb5bde5a26c7c8f3a2d5e1b92079.014.1","layer":"weather_alerts","event":"Storm Surge Warning","nws_severity":"Extreme","area":"Coastal Taylor"}},{"type":"Feature","geometry":{"type":"Point","coordinates":[-85.69668,30.19158]},"properties":{"title":"Hurricane Warning issued October 9 at 5:05PM EDT by NWS Tallahassee FL","summary":"* LOCATIONS AFFECTED - Panama City - Panama City Beach - Mexico Beach - Lynn Haven - Bayou George * WIND - LATEST LOCAL FORECAST: Equivalent Tropical Storm force wind - Peak Wind Forecast: 45-55 mph with gusts to 75 mph - Window for Tropic…","date":"2026-10-09T21:05:00Z","ts":1791579900,"severity":9,"source":"nws_live","url":"https://api.weather.gov/alerts/urn:oid:2.49.0.1.840.0.7443edf58810bb5bde5a26c7c8f3a2d5e1b92079.004.1","layer":"weather_alerts","event":"Hurricane Warning","nws_severity":"Extreme","area":"Coastal Bay"}},{"type":"Feature","geometry":{"type":"Point","coordinates":[-85.0283,31.90162]},"properties":{"title":"Tropical Storm Warning issued October 9 at 5:05PM EDT by NWS Tallahassee FL","summary":"* LOCATIONS AFFECTED - Georgetown * WIND - LATEST LOCAL FORECAST: Below tropical storm force wind - Peak Wind Forecast: 10-20 mph with gusts to 45 mph - THREAT TO LIFE AND PROPERTY THAT INCLUDES TYPICAL FORECAST UNCERTAINTY IN TRACK, SIZE…","date":"2026-10-09T21:05:00Z","ts":1791579900,"severity":7,"source":"nws_live","url":"https://api.weather.gov/alerts/urn:oid:2.49.0.1.840.0.7443edf58810bb5bde5a26c7c8f3a2d5e1b92079.042.1","layer":"weather_alerts","event":"Tropical Storm Warning","nws_severity":"Severe","area":"Quitman"}},{"type":"Feature","geometry":{"type":"Point","coordinates":[-84.07105,31.786]},"properties":{"title":"Tropical Storm Warning issued October 9 at 5:05PM EDT by NWS Tallahassee FL","summary":"* LOCATIONS AFFECTED - Leesburg * WIND - LATEST LOCAL FORECAST: Below tropical storm force wind - Peak Wind Forecast: 15-25 mph with gusts to 45 mph - THREAT TO LIFE AND PROPERTY THAT INCLUDES TYPICAL FORECAST UNCERTAINTY IN TRACK, SIZE AN…","date":"2026-10-09T21:05:00Z","ts":1791579900,"severity":7,"source":"nws_live","url":"https://api.weather.gov/alerts/urn:oid:2.49.0.1.840.0.7443edf58810bb5bde5a26c7c8f3a2d5e1b92079.045.1","layer":"weather_alerts","event":"Tropical Storm Warning","nws_severity":"Severe","area":"Lee"}},{"type":"Feature","geometry":{"type":"Point","coordinates":[-84.15717,30.89167]},"properties":{"title":"Tropical Storm Warning issued October 9 at 5:05PM EDT by NWS Tallahassee FL","summary":"* LOCATIONS AFFECTED - Cairo * WIND - LATEST LOCAL FORECAST: Below tropical storm force wind - Peak Wind Forecast: 15-25 mph with gusts to 45 mph - THREAT TO LIFE AND PROPERTY THAT INCLUDES TYPICAL FORECAST UNCERTAINTY IN TRACK, SIZE AND I…","date":"2026-10-09T21:05:00Z","ts":1791579900,"severity":7,"source":"nws_live","url":"https://api.weather.gov/alerts/urn:oid:2.49.0.1.840.0.7443edf58810bb5bde5a26c7c8f3a2d5e1b92079.031.1","layer":"weather_alerts","event":"Tropical Storm Warning","nws_severity":"Severe","area":"Grady"}},{"type":"Feature","geometry":{"type":"Point","coordinates":[-84.70261,31.20556]},"properties":{"title":"Tropical Storm Warning issued October 9 at 5:05PM EDT by NWS Tallahassee FL","summary":"* LOCATIONS AFFECTED - Colquitt * WIND - LATEST LOCAL FORECAST: Below tropical storm force wind - Peak Wind Forecast: 15-25 mph with gusts to 50 mph - THREAT TO LIFE AND PROPERTY THAT INCLUDES TYPICAL FORECAST UNCERTAINTY IN TRACK, SIZE AN…","date":"2026-10-09T21:05:00Z","ts":1791579900,"severity":7,"source":"nws_live","url":"https://api.weather.gov/alerts/urn:oid:2.49.0.1.840.0.7443edf58810bb5bde5a26c7c8f3a2d5e1b92079.034.1","layer":"weather_alerts","event":"Tropical Storm Warning","nws_severity":"Severe","area":"Miller"}},{"type":"Feature","geometry":{"type":"Point","coordinates":[-84.00145,30.133]},"properties":{"title":"Tropical Storm Warning issued October 9 at 5:05PM EDT by NWS Tallahassee FL","summary":"* LOCATIONS AFFECTED - Coastal Jefferson County * WIND - LATEST LOCAL FORECAST: Below tropical storm force wind - Peak Wind Forecast: 20-30 mph with gusts to 40 mph - THREAT TO LIFE AND PROPERTY THAT INCLUDES TYPICAL FORECAST UNCERTAINTY I…","date":"2026-10-09T21:05:00Z","ts":1791579900,"severity":7,"source":"nws_live","url":"https://api.weather.gov/alerts/urn:oid:2.49.0.1.840.0.7443edf58810bb5bde5a26c7c8f3a2d5e1b92079.012.2","layer":"weather_alerts","event":"Tropical Storm Warning","nws_severity":"Severe","area":"Coastal Jefferson"}},{"type":"Feature","geometry":{"type":"Point","coordinates":[-84.35879,30.03616]},"properties":{"title":"Tropical Storm Warning issued October 9 at 5:05PM EDT by NWS Tallahassee FL","summary":"* LOCATIONS AFFECTED - Saint Marks - Panacea * WIND - LATEST LOCAL FORECAST: Below tropical storm force wind - Peak Wind Forecast: 25-35 mph with gusts to 50 mph - THREAT TO LIFE AND PROPERTY THAT INCLUDES TYPICAL FORECAST UNCERTAINTY IN T…","date":"2026-10-09T21:05:00Z","ts":1791579900,"severity":7,"source":"nws_live","url":"https://api.weather.gov/alerts/urn:oid:2.49.0.1.840.0.7443edf58810bb5bde5a26c7c8f3a2d5e1b92079.010.2","layer":"weather_alerts","event":"Tropical Storm Warning","nws_severity":"Severe","area":"Coastal Wakulla"}},{"type":"Feature","geometry":{"type":"Point","coordinates":[-84.72419,29.85046]},"properties":{"title":"Tropical Storm Warning issued October 9 at 5:05PM EDT by NWS Tallahassee FL","summary":"* LOCATIONS AFFECTED - Apalachicola - Eastpoint - Carrabelle - Alligator Point * WIND - LATEST LOCAL FORECAST: Equivalent Tropical Storm force wind - Peak Wind Forecast: 35-45 mph with gusts to 65 mph - Window for Tropical Storm force wind…","date":"2026-10-09T21:05:00Z","ts":1791579900,"severity":7,"source":"nws_live","url":"https://api.weather.gov/alerts/urn:oid:2.49.0.1.840.0.7443edf58810bb5bde5a26c7c8f3a2d5e1b92079.008.2","layer":"weather_alerts","event":"Tropical Storm Warning","nws_severity":"Severe","area":"Coastal Franklin"}},{"type":"Feature","geometry":{"type":"Point","coordinates":[-85.92577,30.55902]},"properties":{"title":"Hurricane Warning issued October 9 at 5:05PM EDT by NWS Tallahassee FL","summary":"* LOCATIONS AFFECTED - Red Bay * WIND - LATEST LOCAL FORECAST: Equivalent Tropical Storm force wind - Peak Wind Forecast: 35-45 mph with gusts to 70 mph - Window for Tropical Storm force winds: until early Saturday morning - THREAT TO LIFE…","date":"2026-10-09T21:05:00Z","ts":1791579900,"severity":9,"source":"nws_live","url":"https://api.weather.gov/alerts/urn:oid:2.49.0.1.840.0.7443edf58810bb5bde5a26c7c8f3a2d5e1b92079.002.1","layer":"weather_alerts","event":"Hurricane Warning","nws_severity":"Extreme","area":"Central Walton"}},{"type":"Feature","geometry":{"type":"Point","coordinates":[-85.72733,30.2075]},"properties":{"title":"Storm Surge Warning issued October 9 at 5:05PM EDT by NWS Tallahassee FL","summary":"* LOCATIONS AFFECTED - Panama City - Panama City Beach - Mexico Beach - Lynn Haven - Bayou George * WIND - LATEST LOCAL FORECAST: Equivalent Tropical Storm force wind - Peak Wind Forecast: 45-55 mph with gusts to 75 mph - Window for Tropic…","date":"2026-10-09T21:05:00Z","ts":1791579900,"severity":9,"source":"nws_live","url":"https://api.weather.gov/alerts/urn:oid:2.49.0.1.840.0.7443edf58810bb5bde5a26c7c8f3a2d5e1b92079.004.2","layer":"weather_alerts","event":"Storm Surge Warning","nws_severity":"Extreme","area":"Coastal Bay"}},{"type":"Feature","geometry":{"type":"Point","coordinates":[-85.30435,29.80909]},"properties":{"title":"Storm Surge Warning issued October 9 at 5:05PM EDT by NWS Tallahassee FL","summary":"* LOCATIONS AFFECTED - Port Saint Joe - Cape San Blas * WIND - LATEST LOCAL FORECAST: Equivalent Tropical Storm force wind - Peak Wind Forecast: 40-50 mph with gusts to 70 mph - Window for Tropical Storm force winds: until early Saturday m…","date":"2026-10-09T21:05:00Z","ts":1791579900,"severity":9,"source":"nws_live","url":"https://api.weather.gov/alerts/urn:oid:2.49.0.1.840.0.7443edf58810bb5bde5a26c7c8f3a2d5e1b92079.006.1","layer":"weather_alerts","event":"Storm Surge Warning","nws_severity":"Extreme","area":"Coastal Gulf"}},{"type":"Feature","geometry":{"type":"Point","coordinates":[-84.00145,30.133]},"properties":{"title":"Storm Surge Warning issued October 9 at 5:05PM EDT by NWS Tallahassee FL","summary":"* LOCATIONS AFFECTED - Coastal Jefferson County * WIND - LATEST LOCAL FORECAST: Below tropical storm force wind - Peak Wind Forecast: 20-30 mph with gusts to 40 mph - THREAT TO LIFE AND PROPERTY THAT INCLUDES TYPICAL FORECAST UNCERTAINTY I…","date":"2026-10-09T21:05:00Z","ts":1791579900,"severity":9,"source":"nws_live","url":"https://api.weather.gov/alerts/urn:oid:2.49.0.1.840.0.7443edf58810bb5bde5a26c7c8f3a2d5e1b92079.012.1","layer":"weather_alerts","event":"Storm Surge Warning","nws_severity":"Extreme","area":"Coastal Jefferson"}},{"type":"Feature","geometry":{"type":"Point","coordinates":[-84.95328,29.9265]},"properties":{"title":"Tropical Storm Warning issued October 9 at 5:05PM EDT by NWS Tallahassee FL","summary":"* LOCATIONS AFFECTED - Inland Franklin County * WIND - LATEST LOCAL FORECAST: Below tropical storm force wind - Peak Wind Forecast: 15-25 mph with gusts to 50 mph - THREAT TO LIFE AND PROPERTY THAT INCLUDES TYPICAL FORECAST UNCERTAINTY IN…","date":"2026-10-09T21:05:00Z","ts":1791579900,"severity":7,"source":"nws_live","url":"https://api.weather.gov/alerts/urn:oid:2.49.0.1.840.0.7443edf58810bb5bde5a26c7c8f3a2d5e1b92079.009.1","layer":"weather_alerts","event":"Tropical Storm Warning","nws_severity":"Severe","area":"Inland Franklin"}},{"type":"Feature","geometry":{"type":"Point","coordinates":[-84.72035,29.85287]},"properties":{"title":"Storm Surge Warning issued October 9 at 5:05PM EDT by NWS Tallahassee FL","summary":"* LOCATIONS AFFECTED - Apalachicola - Eastpoint - Carrabelle - Alligator Point * WIND - LATEST LOCAL FORECAST: Equivalent Tropical Storm force wind - Peak Wind Forecast: 35-45 mph with gusts to 65 mph - Window for Tropical Storm force wind…","date":"2026-10-09T21:05:00Z","ts":1791579900,"severity":9,"source":"nws_live","url":"https://api.weather.gov/alerts/urn:oid:2.49.0.1.840.0.7443edf58810bb5bde5a26c7c8f3a2d5e1b92079.008.1","layer":"weather_alerts","event":"Storm Surge Warning","nws_severity":"Extreme","area":"Coastal Franklin"}},{"type":"Feature","geometry":{"type":"Point","coordinates":[-84.28027,31.24752]},"properties":{"title":"Tropical Storm Warning issued October 9 at 5:05PM EDT by NWS Tallahassee FL","summary":"* LOCATIONS AFFECTED - Camilla - Pelham * WIND - LATEST LOCAL FORECAST: Below tropical storm force wind - Peak Wind Forecast: 15-25 mph with gusts to 45 mph - THREAT TO LIFE AND PROPERTY THAT INCLUDES TYPICAL FORECAST UNCERTAINTY IN TRACK,…","date":"2026-10-09T21:05:00Z","ts":1791579900,"severity":7,"source":"nws_live","url":"https://api.weather.gov/alerts/urn:oid:2.49.0.1.840.0.7443edf58810bb5bde5a26c7c8f3a2d5e1b92079.036.1","layer":"weather_alerts","event":"Tropical Storm Warning","nws_severity":"Severe","area":"Mitchell"}},{"type":"Feature","geometry":{"type":"Point","coordinates":[-83.72947,31.17487]},"properties":{"title":"Tropical Storm Warning issued October 9 at 5:05PM EDT by NWS Tallahassee FL","summary":"* LOCATIONS AFFECTED - Moultrie * WIND - LATEST LOCAL FORECAST: Below tropical storm force wind - Peak Wind Forecast: 15-25 mph with gusts to 45 mph - THREAT TO LIFE AND PROPERTY THAT INCLUDES TYPICAL FORECAST UNCERTAINTY IN TRACK, SIZE AN…","date":"2026-10-09T21:05:00Z","ts":1791579900,"severity":7,"source":"nws_live","url":"https://api.weather.gov/alerts/urn:oid:2.49.0.1.840.0.7443edf58810bb5bde5a26c7c8f3a2d5e1b92079.037.1","layer":"weather_alerts","event":"Tropical Storm Warning","nws_severity":"Severe","area":"Colquitt"}},{"type":"Feature","geometry":{"type":"Point","coordinates":[-85.14472,29.94822]},"properties":{"title":"Tropical Storm Warning issued October 9 at 5:05PM EDT by NWS Tallahassee FL","summary":"* LOCATIONS AFFECTED - Wewahitchka * WIND - LATEST LOCAL FORECAST: Below tropical storm force wind - Peak Wind Forecast: 25-35 mph with gusts to 70 mph - THREAT TO LIFE AND PROPERTY THAT INCLUDES TYPICAL FORECAST UNCERTAINTY IN TRACK, SIZE…","date":"2026-10-09T21:05:00Z","ts":1791579900,"severity":7,"source":"nws_live","url":"https://api.weather.gov/alerts/urn:oid:2.49.0.1.840.0.7443edf58810bb5bde5a26c7c8f3a2d5e1b92079.007.1","layer":"weather_alerts","event":"Tropical Storm Warning","nws_severity":"Severe","area":"Inland Gulf"}},{"type":"Feature","geometry":{"type":"Point","coordinates":[-84.598,30.53832]},"properties":{"title":"Tropical Storm Warning issued October 9 at 5:05PM EDT by NWS Tallahassee FL","summary":"* LOCATIONS AFFECTED - Quincy - Chattahoochee * WIND - LATEST LOCAL FORECAST: Below tropical storm force wind - Peak Wind Forecast: 15-25 mph with gusts to 45 mph - THREAT TO LIFE AND PROPERTY THAT INCLUDES TYPICAL FORECAST UNCERTAINTY IN…","date":"2026-10-09T21:05:00Z","ts":1791579900,"severity":7,"source":"nws_live","url":"https://api.weather.gov/alerts/urn:oid:2.49.0.1.840.0.7443edf58810bb5bde5a26c7c8f3a2d5e1b92079.022.1","layer":"weather_alerts","event":"Tropical Storm Warning","nws_severity":"Severe","area":"Gadsden"}},{"type":"Feature","geometry":{"type":"Point","coordinates":[-84.71313,31.73427]},"properties":{"title":"Tropical Storm Warning issued October 9 at 5:05PM EDT by NWS Tallahassee FL","summary":"* LOCATIONS AFFECTED - Cuthburt * WIND - LATEST LOCAL FORECAST: Below tropical storm force wind - Peak Wind Forecast: 15-25 mph with gusts to 45 mph - THREAT TO LIFE AND PROPERTY THAT INCLUDES TYPICAL FORECAST UNCERTAINTY IN TRACK, SIZE AN…","date":"2026-10-09T21:05:00Z","ts":1791579900,"severity":7,"source":"nws_live","url":"https://api.weather.gov/alerts/urn:oid:2.49.0.1.840.0.7443edf58810bb5bde5a26c7c8f3a2d5e1b92079.043.1","layer":"weather_alerts","event":"Tropical Storm Warning","nws_severity":"Severe","area":"Randolph"}},{"type":"Feature","geometry":{"type":"Point","coordinates":[-85.63748,30.37595]},"properties":{"title":"Hurricane Warning issued October 9 at 5:05PM EDT by NWS Tallahassee FL","summary":"* LOCATIONS AFFECTED - Youngstown - Fountain * WIND - LATEST LOCAL FORECAST: Below tropical storm force wind - Peak Wind Forecast: 25-35 mph with gusts to 70 mph - THREAT TO LIFE AND PROPERTY THAT INCLUDES TYPICAL FORECAST UNCERTAINTY IN T…","date":"2026-10-09T21:05:00Z","ts":1791579900,"severity":9,"source":"nws_live","url":"https://api.weather.gov/alerts/urn:oid:2.49.0.1.840.0.7443edf58810bb5bde5a26c7c8f3a2d5e1b92079.005.1","layer":"weather_alerts","event":"Hurricane Warning","nws_severity":"Extreme","area":"Inland Bay"}},{"type":"Feature","geometry":{"type":"Point","coordinates":[-86.07429,31.36757]},"properties":{"title":"Hurricane Warning issued October 9 at 5:05PM EDT by NWS Tallahassee FL","summary":"* LOCATIONS AFFECTED - Enterprise - Elba * WIND - LATEST LOCAL FORECAST: Below tropical storm force wind - Peak Wind Forecast: 25-35 mph with gusts to 65 mph - THREAT TO LIFE AND PROPERTY THAT INCLUDES TYPICAL FORECAST UNCERTAINTY IN TRACK…","date":"2026-10-09T21:05:00Z","ts":1791579900,"severity":9,"source":"nws_live","url":"https://api.weather.gov/alerts/urn:oid:2.49.0.1.840.0.7443edf58810bb5bde5a26c7c8f3a2d5e1b92079.025.1","layer":"weather_alerts","event":"Hurricane Warning","nws_severity":"Extreme","area":"Coffee"}},{"type":"Feature","geometry":{"type":"Point","coordinates":[-85.05671,30.40253]},"properties":{"title":"Tropical Storm Warning issued October 9 at 5:05PM EDT by NWS Tallahassee FL","summary":"* LOCATIONS AFFECTED - Blountstown - Clarksville * WIND - LATEST LOCAL FORECAST: Below tropical storm force wind - Peak Wind Forecast: 25-35 mph with gusts to 70 mph - THREAT TO LIFE AND PROPERTY THAT INCLUDES TYPICAL FORECAST UNCERTAINTY…","date":"2026-10-09T21:05:00Z","ts":1791579900,"severity":7,"source":"nws_live","url":"https://api.weather.gov/alerts/urn:oid:2.49.0.1.840.0.7443edf58810bb5bde5a26c7c8f3a2d5e1b92079.018.1","layer":"weather_alerts","event":"Tropical Storm Warning","nws_severity":"Severe","area":"Calhoun"}},{"type":"Feature","geometry":{"type":"Point","coordinates":[-84.36274,30.03482]},"properties":{"title":"Storm Surge Warning issued October 9 at 5:05PM EDT by NWS Tallahassee FL","summary":"* LOCATIONS AFFECTED - Saint Marks - Panacea * WIND - LATEST LOCAL FORECAST: Below tropical storm force wind - Peak Wind Forecast: 25-35 mph with gusts to 50 mph - THREAT TO LIFE AND PROPERTY THAT INCLUDES TYPICAL FORECAST UNCERTAINTY IN T…","date":"2026-10-09T21:05:00Z","ts":1791579900,"severity":9,"source":"nws_live","url":"https://api.weather.gov/alerts/urn:oid:2.49.0.1.840.0.7443edf58810bb5bde5a26c7c8f3a2d5e1b92079.010.1","layer":"weather_alerts","event":"Storm Surge Warning","nws_severity":"Extreme","area":"Coastal Wakulla"}},{"type":"Feature","geometry":{"type":"Point","coordinates":[-85.60561,31.316]},"properties":{"title":"Tropical Storm Warning issued October 9 at 5:05PM EDT by NWS Tallahassee FL","summary":"* LOCATIONS AFFECTED - Ozark - Fort Rucker * WIND - LATEST LOCAL FORECAST: Below tropical storm force wind - Peak Wind Forecast: 20-30 mph with gusts to 55 mph - THREAT TO LIFE AND PROPERTY THAT INCLUDES TYPICAL FORECAST UNCERTAINTY IN TRA…","date":"2026-10-09T21:05:00Z","ts":1791579900,"severity":7,"source":"nws_live","url":"https://api.weather.gov/alerts/urn:oid:2.49.0.1.840.0.7443edf58810bb5bde5a26c7c8f3a2d5e1b92079.026.1","layer":"weather_alerts","event":"Tropical Storm Warning","nws_severity":"Severe","area":"Dale"}},{"type":"Feature","geometry":{"type":"Point","coordinates":[-83.96732,30.94226]},"properties":{"title":"Tropical Storm Warning issued October 9 at 5:05PM EDT by NWS Tallahassee FL","summary":"* LOCATIONS AFFECTED - Thomasville * WIND - LATEST LOCAL FORECAST: Below tropical storm force wind - Peak Wind Forecast: 15-25 mph with gusts to 45 mph - THREAT TO LIFE AND PROPERTY THAT INCLUDES TYPICAL FORECAST UNCERTAINTY IN TRACK, SIZE…","date":"2026-10-09T21:05:00Z","ts":1791579900,"severity":7,"source":"nws_live","url":"https://api.weather.gov/alerts/urn:oid:2.49.0.1.840.0.7443edf58810bb5bde5a26c7c8f3a2d5e1b92079.032.1","layer":"weather_alerts","event":"Tropical Storm Warning","nws_severity":"Severe","area":"Thomas"}},{"type":"Feature","geometry":{"type":"Point","coordinates":[-86.20512,30.40703]},"properties":{"title":"Storm Surge Warning issued October 9 at 5:05PM EDT by NWS Tallahassee FL","summary":"* LOCATIONS AFFECTED - Santa Rosa Beach - Sandestin - Freeport * WIND - LATEST LOCAL FORECAST: Equivalent Strong Tropical Storm force wind - Peak Wind Forecast: 55-70 mph with gusts to 90 mph - Window for Tropical Storm force winds: until…","date":"2026-10-09T21:05:00Z","ts":1791579900,"severity":9,"source":"nws_live","url":"https://api.weather.gov/alerts/urn:oid:2.49.0.1.840.0.7443edf58810bb5bde5a26c7c8f3a2d5e1b92079.001.2","layer":"weather_alerts","event":"Storm Surge Warning","nws_severity":"Extreme","area":"South Walton"}},{"type":"Feature","geometry":{"type":"Point","coordinates":[-84.89609,31.3417]},"properties":{"title":"Tropical Storm Warning issued October 9 at 5:05PM EDT by NWS Tallahassee FL","summary":"* LOCATIONS AFFECTED - Blakely * WIND - LATEST LOCAL FORECAST: Below tropical storm force wind - Peak Wind Forecast: 15-25 mph with gusts to 50 mph - THREAT TO LIFE AND PROPERTY THAT INCLUDES TYPICAL FORECAST UNCERTAINTY IN TRACK, SIZE AND…","date":"2026-10-09T21:05:00Z","ts":1791579900,"severity":7,"source":"nws_live","url":"https://api.weather.gov/alerts/urn:oid:2.49.0.1.840.0.7443edf58810bb5bde5a26c7c8f3a2d5e1b92079.033.1","layer":"weather_alerts","event":"Tropical Storm Warning","nws_severity":"Severe","area":"Early"}},{"type":"Feature","geometry":{"type":"Point","coordinates":[-85.12442,30.80847]},"properties":{"title":"Tropical Storm Warning issued October 9 at 5:05PM EDT by NWS Tallahassee FL","summary":"* LOCATIONS AFFECTED - Marianna * WIND - LATEST LOCAL FORECAST: Below tropical storm force wind - Peak Wind Forecast: 20-30 mph with gusts to 60 mph - THREAT TO LIFE AND PROPERTY THAT INCLUDES TYPICAL FORECAST UNCERTAINTY IN TRACK, SIZE AN…","date":"2026-10-09T21:05:00Z","ts":1791579900,"severity":7,"source":"nws_live","url":"https://api.weather.gov/alerts/urn:oid:2.49.0.1.840.0.7443edf58810bb5bde5a26c7c8f3a2d5e1b92079.019.1","layer":"weather_alerts","event":"Tropical Storm Warning","nws_severity":"Severe","area":"Jackson"}},{"type":"Feature","geometry":{"type":"Point","coordinates":[-84.964,31.62588]},"properties":{"title":"Tropical Storm Warning issued October 9 at 5:05PM EDT by NWS Tallahassee FL","summary":"* LOCATIONS AFFECTED - Fort Gaines * WIND - LATEST LOCAL FORECAST: Below tropical storm force wind - Peak Wind Forecast: 15-25 mph with gusts to 50 mph - THREAT TO LIFE AND PROPERTY THAT INCLUDES TYPICAL FORECAST UNCERTAINTY IN TRACK, SIZE…","date":"2026-10-09T21:05:00Z","ts":1791579900,"severity":7,"source":"nws_live","url":"https://api.weather.gov/alerts/urn:oid:2.49.0.1.840.0.7443edf58810bb5bde5a26c7c8f3a2d5e1b92079.038.1","layer":"weather_alerts","event":"Tropical Storm Warning","nws_severity":"Severe","area":"Clay"}},{"type":"Feature","geometry":{"type":"Point","coordinates":[-84.16036,31.55394]},"properties":{"title":"Tropical Storm Warning issued October 9 at 5:05PM EDT by NWS Tallahassee FL","summary":"* LOCATIONS AFFECTED - Albany * WIND - LATEST LOCAL FORECAST: Below tropical storm force wind - Peak Wind Forecast: 15-25 mph with gusts to 45 mph - THREAT TO LIFE AND PROPERTY THAT INCLUDES TYPICAL FORECAST UNCERTAINTY IN TRACK, SIZE AND…","date":"2026-10-09T21:05:00Z","ts":1791579900,"severity":7,"source":"nws_live","url":"https://api.weather.gov/alerts/urn:oid:2.49.0.1.840.0.7443edf58810bb5bde5a26c7c8f3a2d5e1b92079.040.1","layer":"weather_alerts","event":"Tropical Storm Warning","nws_severity":"Severe","area":"Dougherty"}},{"type":"Feature","geometry":{"type":"Point","coordinates":[-85.72848,30.80759]},"properties":{"title":"Hurricane Warning issued October 9 at 5:05PM EDT by NWS Tallahassee FL","summary":"* LOCATIONS AFFECTED - Bonifay - Ponce De Leon * WIND - LATEST LOCAL FORECAST: Below tropical storm force wind - Peak Wind Forecast: 25-35 mph with gusts to 70 mph - THREAT TO LIFE AND PROPERTY THAT INCLUDES TYPICAL FORECAST UNCERTAINTY IN…","date":"2026-10-09T21:05:00Z","ts":1791579900,"severity":9,"source":"nws_live","url":"https://api.weather.gov/alerts/urn:oid:2.49.0.1.840.0.7443edf58810bb5bde5a26c7c8f3a2d5e1b92079.017.1","layer":"weather_alerts","event":"Hurricane Warning","nws_severity":"Extreme","area":"Holmes"}},{"type":"Feature","geometry":{"type":"Point","coordinates":[-84.54187,30.16206]},"properties":{"title":"Tropical Storm Warning issued October 9 at 5:05PM EDT by NWS Tallahassee FL","summary":"* LOCATIONS AFFECTED - Crawfordville - Wakulla Springs * WIND - LATEST LOCAL FORECAST: Below tropical storm force wind - Peak Wind Forecast: 10-20 mph with gusts to 40 mph - THREAT TO LIFE AND PROPERTY THAT INCLUDES TYPICAL FORECAST UNCERT…","date":"2026-10-09T21:05:00Z","ts":1791579900,"severity":7,"source":"nws_live","url":"https://api.weather.gov/alerts/urn:oid:2.49.0.1.840.0.7443edf58810bb5bde5a26c7c8f3a2d5e1b92079.011.1","layer":"weather_alerts","event":"Tropical Storm Warning","nws_severity":"Severe","area":"Inland Wakulla"}},{"type":"Feature","geometry":{"type":"Point","coordinates":[-84.87924,30.88288]},"properties":{"title":"Tropical Storm Warning issued October 9 at 5:05PM EDT by NWS Tallahassee FL","summary":"* LOCATIONS AFFECTED - Donalsonville * WIND - LATEST LOCAL FORECAST: Below tropical storm force wind - Peak Wind Forecast: 20-30 mph with gusts to 50 mph - THREAT TO LIFE AND PROPERTY THAT INCLUDES TYPICAL FORECAST UNCERTAINTY IN TRACK, SI…","date":"2026-10-09T21:05:00Z","ts":1791579900,"severity":7,"source":"nws_live","url":"https://api.weather.gov/alerts/urn:oid:2.49.0.1.840.0.7443edf58810bb5bde5a26c7c8f3a2d5e1b92079.029.1","layer":"weather_alerts","event":"Tropical Storm Warning","nws_severity":"Severe","area":"Seminole"}},{"type":"Feature","geometry":{"type":"Point","coordinates":[-83.81356,30.45858]},"properties":{"title":"Tropical Storm Warning issued October 9 at 5:05PM EDT by NWS Tallahassee FL","summary":"* LOCATIONS AFFECTED - Monticello - Wacissa * WIND - LATEST LOCAL FORECAST: Below tropical storm force wind - Peak Wind Forecast: 10-20 mph with gusts to 40 mph - THREAT TO LIFE AND PROPERTY THAT INCLUDES TYPICAL FORECAST UNCERTAINTY IN TR…","date":"2026-10-09T21:05:00Z","ts":1791579900,"severity":7,"source":"nws_live","url":"https://api.weather.gov/alerts/urn:oid:2.49.0.1.840.0.7443edf58810bb5bde5a26c7c8f3a2d5e1b92079.013.1","layer":"weather_alerts","event":"Tropical Storm Warning","nws_severity":"Severe","area":"Inland Jefferson"}},{"type":"Feature","geometry":{"type":"Point","coordinates":[-84.35587,30.48457]},"properties":{"title":"Tropical Storm Warning issued October 9 at 5:05PM EDT by NWS Tallahassee FL","summary":"* LOCATIONS AFFECTED - Tallahassee - Woodville - Bradfordville * WIND - LATEST LOCAL FORECAST: Below tropical storm force wind - Peak Wind Forecast: 10-20 mph with gusts to 40 mph - THREAT TO LIFE AND PROPERTY THAT INCLUDES TYPICAL FORECAS…","date":"2026-10-09T21:05:00Z","ts":1791579900,"severity":7,"source":"nws_live","url":"https://api.weather.gov/alerts/urn:oid:2.49.0.1.840.0.7443edf58810bb5bde5a26c7c8f3a2d5e1b92079.023.1","layer":"weather_alerts","event":"Tropical Storm Warning","nws_severity":"Severe","area":"Leon"}},{"type":"Feature","geometry":{"type":"Point","coordinates":[-84.86471,30.1081]},"properties":{"title":"Tropical Storm Warning issued October 9 at 5:05PM EDT by NWS Tallahassee FL","summary":"* LOCATIONS AFFECTED - Central City - Apalachicola National Forest * WIND - LATEST LOCAL FORECAST: Below tropical storm force wind - Peak Wind Forecast: 15-25 mph with gusts to 45 mph - THREAT TO LIFE AND PROPERTY THAT INCLUDES TYPICAL FOR…","date":"2026-10-09T21:05:00Z","ts":1791579900,"severity":7,"source":"nws_live","url":"https://api.weather.gov/alerts/urn:oid:2.49.0.1.840.0.7443edf58810bb5bde5a26c7c8f3a2d5e1b92079.020.1","layer":"weather_alerts","event":"Tropical Storm Warning","nws_severity":"Severe","area":"Southern Liberty"}},{"type":"Feature","geometry":{"type":"Point","coordinates":[-85.13689,31.59089]},"properties":{"title":"Tropical Storm Warning issued October 9 at 5:05PM EDT by NWS Tallahassee FL","summary":"* LOCATIONS AFFECTED - Abbeville - Headland * WIND - LATEST LOCAL FORECAST: Below tropical storm force wind - Peak Wind Forecast: 20-30 mph with gusts to 50 mph - THREAT TO LIFE AND PROPERTY THAT INCLUDES TYPICAL FORECAST UNCERTAINTY IN TR…","date":"2026-10-09T21:05:00Z","ts":1791579900,"severity":7,"source":"nws_live","url":"https://api.weather.gov/alerts/urn:oid:2.49.0.1.840.0.7443edf58810bb5bde5a26c7c8f3a2d5e1b92079.028.1","layer":"weather_alerts","event":"Tropical Storm Warning","nws_severity":"Severe","area":"Henry"}},{"type":"Feature","geometry":{"type":"Point","coordinates":[-85.30453,31.19081]},"properties":{"title":"Tropical Storm Warning issued October 9 at 5:05PM EDT by NWS Tallahassee FL","summary":"* LOCATIONS AFFECTED - Dothan - Cottonwood * WIND - LATEST LOCAL FORECAST: Below tropical storm force wind - Peak Wind Forecast: 20-30 mph with gusts to 55 mph - THREAT TO LIFE AND PROPERTY THAT INCLUDES TYPICAL FORECAST UNCERTAINTY IN TRA…","date":"2026-10-09T21:05:00Z","ts":1791579900,"severity":7,"source":"nws_live","url":"https://api.weather.gov/alerts/urn:oid:2.49.0.1.840.0.7443edf58810bb5bde5a26c7c8f3a2d5e1b92079.027.1","layer":"weather_alerts","event":"Tropical Storm Warning","nws_severity":"Severe","area":"Houston"}},{"type":"Feature","geometry":{"type":"Point","coordinates":[-84.41191,31.7803]},"properties":{"title":"Tropical Storm Warning issued October 9 at 5:05PM EDT by NWS Tallahassee FL","summary":"* LOCATIONS AFFECTED - Dawson * WIND - LATEST LOCAL FORECAST: Below tropical storm force wind - Peak Wind Forecast: 15-25 mph with gusts to 45 mph - THREAT TO LIFE AND PROPERTY THAT INCLUDES TYPICAL FORECAST UNCERTAINTY IN TRACK, SIZE AND…","date":"2026-10-09T21:05:00Z","ts":1791579900,"severity":7,"source":"nws_live","url":"https://api.weather.gov/alerts/urn:oid:2.49.0.1.840.0.7443edf58810bb5bde5a26c7c8f3a2d5e1b92079.044.1","layer":"weather_alerts","event":"Tropical Storm Warning","nws_severity":"Severe","area":"Terrell"}},{"type":"Feature","geometry":{"type":"Point","coordinates":[-85.30415,29.80878]},"properties":{"title":"Tropical Storm Warning issued October 9 at 5:05PM EDT by NWS Tallahassee FL","summary":"* LOCATIONS AFFECTED - Port Saint Joe - Cape San Blas * WIND - LATEST LOCAL FORECAST: Equivalent Tropical Storm force wind - Peak Wind Forecast: 40-50 mph with gusts to 70 mph - Window for Tropical Storm force winds: until early Saturday m…","date":"2026-10-09T21:05:00Z","ts":1791579900,"severity":7,"source":"nws_live","url":"https://api.weather.gov/alerts/urn:oid:2.49.0.1.840.0.7443edf58810bb5bde5a26c7c8f3a2d5e1b92079.006.2","layer":"weather_alerts","event":"Tropical Storm Warning","nws_severity":"Severe","area":"Coastal Gulf"}},{"type":"Feature","geometry":{"type":"Point","coordinates":[-83.88258,31.62611]},"properties":{"title":"Tropical Storm Warning issued October 9 at 5:05PM EDT by NWS Tallahassee FL","summary":"* LOCATIONS AFFECTED - Sylvester - Warwick * WIND - LATEST LOCAL FORECAST: Below tropical storm force wind - Peak Wind Forecast: 15-25 mph with gusts to 45 mph - THREAT TO LIFE AND PROPERTY THAT INCLUDES TYPICAL FORECAST UNCERTAINTY IN TRA…","date":"2026-10-09T21:05:00Z","ts":1791579900,"severity":7,"source":"nws_live","url":"https://api.weather.gov/alerts/urn:oid:2.49.0.1.840.0.7443edf58810bb5bde5a26c7c8f3a2d5e1b92079.041.1","layer":"weather_alerts","event":"Tropical Storm Warning","nws_severity":"Severe","area":"Worth"}},{"type":"Feature","geometry":{"type":"Point","coordinates":[-84.74019,30.88503]},"properties":{"title":"Tropical Storm Warning issued October 9 at 5:05PM EDT by NWS Tallahassee FL","summary":"* LOCATIONS AFFECTED - Bainbridge * WIND - LATEST LOCAL FORECAST: Below tropical storm force wind - Peak Wind Forecast: 15-25 mph with gusts to 50 mph - THREAT TO LIFE AND PROPERTY THAT INCLUDES TYPICAL FORECAST UNCERTAINTY IN TRACK, SIZE…","date":"2026-10-09T21:05:00Z","ts":1791579900,"severity":7,"source":"nws_live","url":"https://api.weather.gov/alerts/urn:oid:2.49.0.1.840.0.7443edf58810bb5bde5a26c7c8f3a2d5e1b92079.030.1","layer":"weather_alerts","event":"Tropical Storm Warning","nws_severity":"Severe","area":"Decatur"}},{"type":"Feature","geometry":{"type":"Point","coordinates":[-89.64776,29.88062]},"properties":{"title":"Tropical Storm Warning issued October 9 at 4:00PM CDT by NWS New Orleans LA","summary":"* LOCATIONS AFFECTED - Yscloskey - Delacroix - Shell Beach * WIND - LATEST LOCAL FORECAST: Below tropical storm force wind - Peak Wind Forecast: 25-35 mph with gusts to 50 mph - THREAT TO LIFE AND PROPERTY THAT INCLUDES TYPICAL FORECAST UN…","date":"2026-10-09T21:00:00Z","ts":1791579600,"severity":7,"source":"nws_live","url":"https://api.weather.gov/alerts/urn:oid:2.49.0.1.840.0.ddab172a81bbdc984c3ba0098582ac2af5d7d9a6.002.2","layer":"weather_alerts","event":"Tropical Storm Warning","nws_severity":"Severe","area":"Lower St. Bernard"}},{"type":"Feature","geometry":{"type":"Point","coordinates":[-89.51357,30.26643]},"properties":{"title":"Storm Surge Warning issued October 9 at 4:00PM CDT by NWS New Orleans LA","summary":"* LOCATIONS AFFECTED - Kiln - Pearlington - Bay St. Louis - Diamondhead - Waveland * WIND - LATEST LOCAL FORECAST: Below tropical storm force wind - Peak Wind Forecast: 15-25 mph with gusts to 40 mph - THREAT TO LIFE AND PROPERTY THAT INCL…","date":"2026-10-09T21:00:00Z","ts":1791579600,"severity":9,"source":"nws_live","url":"https://api.weather.gov/alerts/urn:oid:2.49.0.1.840.0.ddab172a81bbdc984c3ba0098582ac2af5d7d9a6.005.1","layer":"weather_alerts","event":"Storm Surge Warning","nws_severity":"Extreme","area":"Southern Hancock"}},{"type":"Feature","geometry":{"type":"Point","coordinates":[-88.65257,30.61129]},"properties":{"title":"Hurricane Watch issued October 9 at 4:00PM CDT by NWS New Orleans LA","summary":"* LOCATIONS AFFECTED - Wade - Vancleave - Escatawpa * WIND - LATEST LOCAL FORECAST: Below tropical storm force wind - Peak Wind Forecast: 15-25 mph with gusts to 35 mph - THREAT TO LIFE AND PROPERTY THAT INCLUDES TYPICAL FORECAST UNCERTAIN…","date":"2026-10-09T21:00:00Z","ts":1791579600,"severity":7,"source":"nws_live","url":"https://api.weather.gov/alerts/urn:oid:2.49.0.1.840.0.ddab172a81bbdc984c3ba0098582ac2af5d7d9a6.008.1","layer":"weather_alerts","event":"Hurricane Watch","nws_severity":"Severe","area":"Northern Jackson"}},{"type":"Feature","geometry":{"type":"Point","coordinates":[-89.16792,30.39135]},"properties":{"title":"Storm Surge Warning issued October 9 at 4:00PM CDT by NWS New Orleans LA","summary":"* LOCATIONS AFFECTED - Gulfport - Biloxi - Pass Christian - Long Beach * WIND - LATEST LOCAL FORECAST: Below tropical storm force wind - Peak Wind Forecast: 20-30 mph with gusts to 45 mph - THREAT TO LIFE AND PROPERTY THAT INCLUDES TYPICAL…","date":"2026-10-09T21:00:00Z","ts":1791579600,"severity":9,"source":"nws_live","url":"https://api.weather.gov/alerts/urn:oid:2.49.0.1.840.0.ddab172a81bbdc984c3ba0098582ac2af5d7d9a6.006.1","layer":"weather_alerts","event":"Storm Surge Warning","nws_severity":"Extreme","area":"Southern Harrison"}},{"type":"Feature","geometry":{"type":"Point","coordinates":[-89.64693,29.87975]},"properties":{"title":"Storm Surge Warning issued October 9 at 4:00PM CDT by NWS New Orleans LA","summary":"* LOCATIONS AFFECTED - Yscloskey - Delacroix - Shell Beach * WIND - LATEST LOCAL FORECAST: Below tropical storm force wind - Peak Wind Forecast: 25-35 mph with gusts to 50 mph - THREAT TO LIFE AND PROPERTY THAT INCLUDES TYPICAL FORECAST UN…","date":"2026-10-09T21:00:00Z","ts":1791579600,"severity":9,"source":"nws_live","url":"https://api.weather.gov/alerts/urn:oid:2.49.0.1.840.0.ddab172a81bbdc984c3ba0098582ac2af5d7d9a6.002.1","layer":"weather_alerts","event":"Storm Surge Warning","nws_severity":"Extreme","area":"Lower St. Bernard"}},{"type":"Feature","geometry":{"type":"Point","coordinates":[-89.65558,30.21658]},"properties":{"title":"Tropical Storm Warning issued October 9 at 4:00PM CDT by NWS New Orleans LA","summary":"* LOCATIONS AFFECTED - Slidell * WIND - LATEST LOCAL FORECAST: Below tropical storm force wind - Peak Wind Forecast: 15-25 mph with gusts to 35 mph - THREAT TO LIFE AND PROPERTY THAT INCLUDES TYPICAL FORECAST UNCERTAINTY IN TRACK, SIZE AND…","date":"2026-10-09T21:00:00Z","ts":1791579600,"severity":7,"source":"nws_live","url":"https://api.weather.gov/alerts/urn:oid:2.49.0.1.840.0.ddab172a81bbdc984c3ba0098582ac2af5d7d9a6.004.2","layer":"weather_alerts","event":"Tropical Storm Warning","nws_severity":"Severe","area":"Southeast St. Tammany"}},{"type":"Feature","geometry":{"type":"Point","coordinates":[-89.80542,30.07849]},"properties":{"title":"Storm Surge Warning issued October 9 at 4:00PM CDT by NWS New Orleans LA","summary":"* LOCATIONS AFFECTED - Lake Catherine * WIND - LATEST LOCAL FORECAST: Below tropical storm force wind - Peak Wind Forecast: 15-25 mph with gusts to 40 mph - THREAT TO LIFE AND PROPERTY THAT INCLUDES TYPICAL FORECAST UNCERTAINTY IN TRACK, S…","date":"2026-10-09T21:00:00Z","ts":1791579600,"severity":9,"source":"nws_live","url":"https://api.weather.gov/alerts/urn:oid:2.49.0.1.840.0.ddab172a81bbdc984c3ba0098582ac2af5d7d9a6.003.1","layer":"weather_alerts","event":"Storm Surge Warning","nws_severity":"Extreme","area":"Eastern Orleans"}},{"type":"Feature","geometry":{"type":"Point","coordinates":[-89.65964,30.21855]},"properties":{"title":"Storm Surge Warning issued October 9 at 4:00PM CDT by NWS New Orleans LA","summary":"* LOCATIONS AFFECTED - Slidell * WIND - LATEST LOCAL FORECAST: Below tropical storm force wind - Peak Wind Forecast: 15-25 mph with gusts to 35 mph - THREAT TO LIFE AND PROPERTY THAT INCLUDES TYPICAL FORECAST UNCERTAINTY IN TRACK, SIZE AND…","date":"2026-10-09T21:00:00Z","ts":1791579600,"severity":9,"source":"nws_live","url":"https://api.weather.gov/alerts/urn:oid:2.49.0.1.840.0.ddab172a81bbdc984c3ba0098582ac2af5d7d9a6.004.1","layer":"weather_alerts","event":"Storm Surge Warning","nws_severity":"Extreme","area":"Southeast St. Tammany"}},{"type":"Feature","geometry":{"type":"Point","coordinates":[-89.51357,30.26638]},"properties":{"title":"Tropical Storm Warning issued October 9 at 4:00PM CDT by NWS New Orleans LA","summary":"* LOCATIONS AFFECTED - Kiln - Pearlington - Bay St. Louis - Diamondhead - Waveland * WIND - LATEST LOCAL FORECAST: Below tropical storm force wind - Peak Wind Forecast: 15-25 mph with gusts to 40 mph - THREAT TO LIFE AND PROPERTY THAT INCL…","date":"2026-10-09T21:00:00Z","ts":1791579600,"severity":7,"source":"nws_live","url":"https://api.weather.gov/alerts/urn:oid:2.49.0.1.840.0.ddab172a81bbdc984c3ba0098582ac2af5d7d9a6.005.2","layer":"weather_alerts","event":"Tropical Storm Warning","nws_severity":"Severe","area":"Southern Hancock"}},{"type":"Feature","geometry":{"type":"Point","coordinates":[-89.67714,29.53463]},"properties":{"title":"Tropical Storm Warning issued October 9 at 4:00PM CDT by NWS New Orleans LA","summary":"* LOCATIONS AFFECTED - Port Sulphur - Empire - Venice * WIND - LATEST LOCAL FORECAST: Below tropical storm force wind - Peak Wind Forecast: 25-35 mph with gusts to 55 mph - THREAT TO LIFE AND PROPERTY THAT INCLUDES TYPICAL FORECAST UNCERTA…","date":"2026-10-09T21:00:00Z","ts":1791579600,"severity":7,"source":"nws_live","url":"https://api.weather.gov/alerts/urn:oid:2.49.0.1.840.0.ddab172a81bbdc984c3ba0098582ac2af5d7d9a6.001.2","layer":"weather_alerts","event":"Tropical Storm Warning","nws_severity":"Severe","area":"Lower Plaquemines"}},{"type":"Feature","geometry":{"type":"Point","coordinates":[-89.69468,29.52916]},"properties":{"title":"Storm Surge Warning issued October 9 at 4:00PM CDT by NWS New Orleans LA","summary":"* LOCATIONS AFFECTED - Port Sulphur - Empire - Venice * WIND - LATEST LOCAL FORECAST: Below tropical storm force wind - Peak Wind Forecast: 25-35 mph with gusts to 55 mph - THREAT TO LIFE AND PROPERTY THAT INCLUDES TYPICAL FORECAST UNCERTA…","date":"2026-10-09T21:00:00Z","ts":1791579600,"severity":9,"source":"nws_live","url":"https://api.weather.gov/alerts/urn:oid:2.49.0.1.840.0.ddab172a81bbdc984c3ba0098582ac2af5d7d9a6.001.1","layer":"weather_alerts","event":"Storm Surge Warning","nws_severity":"Extreme","area":"Lower Plaquemines"}},{"type":"Feature","geometry":{"type":"Point","coordinates":[-88.59587,30.4065]},"properties":{"title":"Storm Surge Warning issued October 9 at 4:00PM CDT by NWS New Orleans LA","summary":"* LOCATIONS AFFECTED - Pascagoula - Ocean Springs - St. Martin - Gautier - Moss Point * WIND - LATEST LOCAL FORECAST: Below tropical storm force wind - Peak Wind Forecast: 25-35 mph with gusts to 50 mph - THREAT TO LIFE AND PROPERTY THAT I…","date":"2026-10-09T21:00:00Z","ts":1791579600,"severity":9,"source":"nws_live","url":"https://api.weather.gov/alerts/urn:oid:2.49.0.1.840.0.ddab172a81bbdc984c3ba0098582ac2af5d7d9a6.007.2","layer":"weather_alerts","event":"Storm Surge Warning","nws_severity":"Extreme","area":"Southern Jackson"}},{"type":"Feature","geometry":{"type":"Point","coordinates":[-88.5705,30.39136]},"properties":{"title":"Hurricane Warning issued October 9 at 4:00PM CDT by NWS New Orleans LA","summary":"* LOCATIONS AFFECTED - Pascagoula - Ocean Springs - St. Martin - Gautier - Moss Point * WIND - LATEST LOCAL FORECAST: Below tropical storm force wind - Peak Wind Forecast: 25-35 mph with gusts to 50 mph - THREAT TO LIFE AND PROPERTY THAT I…","date":"2026-10-09T21:00:00Z","ts":1791579600,"severity":9,"source":"nws_live","url":"https://api.weather.gov/alerts/urn:oid:2.49.0.1.840.0.ddab172a81bbdc984c3ba0098582ac2af5d7d9a6.007.1","layer":"weather_alerts","event":"Hurricane Warning","nws_severity":"Extreme","area":"Southern Jackson"}},{"type":"Feature","geometry":{"type":"Point","coordinates":[-89.14283,30.37344]},"properties":{"title":"Tropical Storm Warning issued October 9 at 4:00PM CDT by NWS New Orleans LA","summary":"* LOCATIONS AFFECTED - Gulfport - Biloxi - Pass Christian - Long Beach * WIND - LATEST LOCAL FORECAST: Below tropical storm force wind - Peak Wind Forecast: 20-30 mph with gusts to 45 mph - THREAT TO LIFE AND PROPERTY THAT INCLUDES TYPICAL…","date":"2026-10-09T21:00:00Z","ts":1791579600,"severity":7,"source":"nws_live","url":"https://api.weather.gov/alerts/urn:oid:2.49.0.1.840.0.ddab172a81bbdc984c3ba0098582ac2af5d7d9a6.006.2","layer":"weather_alerts","event":"Tropical Storm Warning","nws_severity":"Severe","area":"Southern Harrison"}},{"type":"Feature","geometry":{"type":"Point","coordinates":[-89.13075,30.59162]},"properties":{"title":"Tropical Storm Warning issued October 9 at 4:00PM CDT by NWS New Orleans LA","summary":"* LOCATIONS AFFECTED - Lyman - Saucier * WIND - LATEST LOCAL FORECAST: Below tropical storm force wind - Peak Wind Forecast: 15-25 mph with gusts to 35 mph - THREAT TO LIFE AND PROPERTY THAT INCLUDES TYPICAL FORECAST UNCERTAINTY IN TRACK,…","date":"2026-10-09T21:00:00Z","ts":1791579600,"severity":7,"source":"nws_live","url":"https://api.weather.gov/alerts/urn:oid:2.49.0.1.840.0.ddab172a81bbdc984c3ba0098582ac2af5d7d9a6.009.1","layer":"weather_alerts","event":"Tropical Storm Warning","nws_severity":"Severe","area":"Northern Harrison"}},{"type":"Feature","geometry":{"type":"Point","coordinates":[-88.65257,30.61129]},"properties":{"title":"Tropical Storm Warning issued October 9 at 4:00PM CDT by NWS New Orleans LA","summary":"* LOCATIONS AFFECTED - Wade - Vancleave - Escatawpa * WIND - LATEST LOCAL FORECAST: Below tropical storm force wind - Peak Wind Forecast: 15-25 mph with gusts to 35 mph - THREAT TO LIFE AND PROPERTY THAT INCLUDES TYPICAL FORECAST UNCERTAIN…","date":"2026-10-09T21:00:00Z","ts":1791579600,"severity":7,"source":"nws_live","url":"https://api.weather.gov/alerts/urn:oid:2.49.0.1.840.0.ddab172a81bbdc984c3ba0098582ac2af5d7d9a6.008.2","layer":"weather_alerts","event":"Tropical Storm Warning","nws_severity":"Severe","area":"Northern Jackson"}},{"type":"Feature","geometry":{"type":"Point","coordinates":[-89.5755,30.47812]},"properties":{"title":"Tropical Storm Warning issued October 9 at 4:00PM CDT by NWS New Orleans LA","summary":"* LOCATIONS AFFECTED - Necaise - Sellers * WIND - LATEST LOCAL FORECAST: Below tropical storm force wind - Peak Wind Forecast: 10-20 mph with gusts to 30 mph - THREAT TO LIFE AND PROPERTY THAT INCLUDES TYPICAL FORECAST UNCERTAINTY IN TRACK…","date":"2026-10-09T21:00:00Z","ts":1791579600,"severity":7,"source":"nws_live","url":"https://api.weather.gov/alerts/urn:oid:2.49.0.1.840.0.ddab172a81bbdc984c3ba0098582ac2af5d7d9a6.010.1","layer":"weather_alerts","event":"Tropical Storm Warning","nws_severity":"Severe","area":"Northern Hancock"}},{"type":"Feature","geometry":{"type":"Point","coordinates":[-89.80077,30.08149]},"properties":{"title":"Tropical Storm Warning issued October 9 at 4:00PM CDT by NWS New Orleans LA","summary":"* LOCATIONS AFFECTED - Lake Catherine * WIND - LATEST LOCAL FORECAST: Below tropical storm force wind - Peak Wind Forecast: 15-25 mph with gusts to 40 mph - THREAT TO LIFE AND PROPERTY THAT INCLUDES TYPICAL FORECAST UNCERTAINTY IN TRACK, S…","date":"2026-10-09T21:00:00Z","ts":1791579600,"severity":7,"source":"nws_live","url":"https://api.weather.gov/alerts/urn:oid:2.49.0.1.840.0.ddab172a81bbdc984c3ba0098582ac2af5d7d9a6.003.2","layer":"weather_alerts","event":"Tropical Storm Warning","nws_severity":"Severe","area":"Eastern Orleans"}},{"type":"Feature","geometry":{"type":"Point","coordinates":[-82.97194,29.24561]},"properties":{"title":"Storm Surge Watch issued October 9 at 4:59PM EDT by NWS Tampa Bay Ruskin FL","summary":"* LOCATIONS AFFECTED - Cedar Key - Yankeetown - Fowler Bluff * WIND - LATEST LOCAL FORECAST: Below tropical storm force wind - Peak Wind Forecast: 10-15 mph with gusts to 30 mph - THREAT TO LIFE AND PROPERTY THAT INCLUDES TYPICAL FORECAST…","date":"2026-10-09T20:59:00Z","ts":1791579540,"severity":7,"source":"nws_live","url":"https://api.weather.gov/alerts/urn:oid:2.49.0.1.840.0.ff69352ca2b4e1703daebaacec9b0826c5985a1f.001.1","layer":"weather_alerts","event":"Storm Surge Watch","nws_severity":"Severe","area":"Coastal Levy"}},{"type":"Feature","geometry":{"type":"Point","coordinates":[-116.51155,33.14552]},"properties":{"title":"Tropical Storm Watch issued October 9 at 1:57PM PDT by NWS San Diego CA","summary":"* LOCATIONS AFFECTED - Julian - Pine Valley * WIND - LATEST LOCAL FORECAST: Below tropical storm force wind - Peak Wind Forecast: 20-30 mph with gusts to 50 mph - THREAT TO LIFE AND PROPERTY THAT INCLUDES TYPICAL FORECAST UNCERTAINTY IN TR…","date":"2026-10-09T20:57:00Z","ts":1791579420,"severity":7,"source":"nws_live","url":"https://api.weather.gov/alerts/urn:oid:2.49.0.1.840.0.324721bfaa4015d62e9a6c9452874147669cf85f.003.1","layer":"weather_alerts","event":"Tropical Storm Watch","nws_severity":"Severe","area":"San Diego County Mountains"}},{"type":"Feature","geometry":{"type":"Point","coordinates":[-117.16471,33.23988]},"properties":{"title":"Tropical Storm Watch issued October 9 at 1:57PM PDT by NWS San Diego CA","summary":"* LOCATIONS AFFECTED - Escondido - El Cajon - Lakeside - Poway * WIND - LATEST LOCAL FORECAST: Below tropical storm force wind - Peak Wind Forecast: 20-30 mph with gusts to 45 mph - THREAT TO LIFE AND PROPERTY THAT INCLUDES TYPICAL FORECAS…","date":"2026-10-09T20:57:00Z","ts":1791579420,"severity":7,"source":"nws_live","url":"https://api.weather.gov/alerts/urn:oid:2.49.0.1.840.0.324721bfaa4015d62e9a6c9452874147669cf85f.002.1","layer":"weather_alerts","event":"Tropical Storm Watch","nws_severity":"Severe","area":"San Diego County Inland Valleys"}},{"type":"Feature","geometry":{"type":"Point","coordinates":[-117.28638,33.04738]},"properties":{"title":"Tropical Storm Watch issued October 9 at 1:57PM PDT by NWS San Diego CA","summary":"* LOCATIONS AFFECTED - Oceanside - Carlsbad - Chula Vista - San Diego * WIND - LATEST LOCAL FORECAST: Below tropical storm force wind - Peak Wind Forecast: 10-15 mph with gusts to 30 mph - THREAT TO LIFE AND PROPERTY THAT INCLUDES TYPICAL…","date":"2026-10-09T20:57:00Z","ts":1791579420,"severity":7,"source":"nws_live","url":"https://api.weather.gov/alerts/urn:oid:2.49.0.1.840.0.324721bfaa4015d62e9a6c9452874147669cf85f.001.1","layer":"weather_alerts","event":"Tropical Storm Watch","nws_severity":"Severe","area":"San Diego County Coastal Areas"}},{"type":"Feature","geometry":{"type":"Point","coordinates":[-116.38266,33.1494]},"properties":{"title":"Tropical Storm Watch issued October 9 at 1:57PM PDT by NWS San Diego CA","summary":"* LOCATIONS AFFECTED - Borrego Springs * WIND - LATEST LOCAL FORECAST: Below tropical storm force wind - Peak Wind Forecast: 25-35 mph with gusts to 50 mph - THREAT TO LIFE AND PROPERTY THAT INCLUDES TYPICAL FORECAST UNCERTAINTY IN TRACK,…","date":"2026-10-09T20:57:00Z","ts":1791579420,"severity":7,"source":"nws_live","url":"https://api.weather.gov/alerts/urn:oid:2.49.0.1.840.0.324721bfaa4015d62e9a6c9452874147669cf85f.004.1","layer":"weather_alerts","event":"Tropical Storm Watch","nws_severity":"Severe","area":"San Diego County Deserts"}},{"type":"Feature","geometry":{"type":"Point","coordinates":[-88.65786,31.96571]},"properties":{"title":"Tropical Storm Warning issued October 9 at 3:56PM CDT by NWS Jackson MS","summary":"* WIND - LATEST LOCAL FORECAST: Below tropical storm force wind - Peak Wind Forecast: 15-25 mph with gusts to 45 mph - THREAT TO LIFE AND PROPERTY THAT INCLUDES TYPICAL FORECAST UNCERTAINTY IN TRACK, SIZE AND INTENSITY: Potential for wind…","date":"2026-10-09T20:56:00Z","ts":1791579360,"severity":7,"source":"nws_live","url":"https://api.weather.gov/alerts/urn:oid:2.49.0.1.840.0.79ac8a62fad9071d0186de64eb378de420128ce0.011.1","layer":"weather_alerts","event":"Tropical Storm Warning","nws_severity":"Severe","area":"Clarke"}},{"type":"Feature","geometry":{"type":"Point","coordinates":[-88.83836,33.47445]},"properties":{"title":"Tropical Storm Warning issued October 9 at 3:56PM CDT by NWS Jackson MS","summary":"* WIND - LATEST LOCAL FORECAST: Below tropical storm force wind - Peak Wind Forecast: 15-25 mph with gusts to 45 mph - THREAT TO LIFE AND PROPERTY THAT INCLUDES TYPICAL FORECAST UNCERTAINTY IN TRACK, SIZE AND INTENSITY: Potential for wind…","date":"2026-10-09T20:56:00Z","ts":1791579360,"severity":7,"source":"nws_live","url":"https://api.weather.gov/alerts/urn:oid:2.49.0.1.840.0.79ac8a62fad9071d0186de64eb378de420128ce0.005.1","layer":"weather_alerts","event":"Tropical Storm Warning","nws_severity":"Severe","area":"Oktibbeha"}},{"type":"Feature","geometry":{"type":"Point","coordinates":[-88.62083,32.811]},"properties":{"title":"Tropical Storm Warning issued October 9 at 3:56PM CDT by NWS Jackson MS","summary":"* WIND - LATEST LOCAL FORECAST: Below tropical storm force wind - Peak Wind Forecast: 10-20 mph with gusts to 45 mph - THREAT TO LIFE AND PROPERTY THAT INCLUDES TYPICAL FORECAST UNCERTAINTY IN TRACK, SIZE AND INTENSITY: Potential for wind…","date":"2026-10-09T20:56:00Z","ts":1791579360,"severity":7,"source":"nws_live","url":"https://api.weather.gov/alerts/urn:oid:2.49.0.1.840.0.79ac8a62fad9071d0186de64eb378de420128ce0.013.1","layer":"weather_alerts","event":"Tropical Storm Warning","nws_severity":"Severe","area":"Kemper"}},{"type":"Feature","geometry":{"type":"Point","coordinates":[-89.11767,32.4005]},"properties":{"title":"Tropical Storm Warning issued October 9 at 3:56PM CDT by NWS Jackson MS","summary":"* WIND - LATEST LOCAL FORECAST: Below tropical storm force wind - Peak Wind Forecast: 10-20 mph with gusts to 45 mph - THREAT TO LIFE AND PROPERTY THAT INCLUDES TYPICAL FORECAST UNCERTAINTY IN TRACK, SIZE AND INTENSITY: Potential for wind…","date":"2026-10-09T20:56:00Z","ts":1791579360,"severity":7,"source":"nws_live","url":"https://api.weather.gov/alerts/urn:oid:2.49.0.1.840.0.79ac8a62fad9071d0186de64eb378de420128ce0.008.1","layer":"weather_alerts","event":"Tropical Storm Warning","nws_severity":"Severe","area":"Newton"}},{"type":"Feature","geometry":{"type":"Point","coordinates":[-89.22515,33.57725]},"properties":{"title":"Tropical Storm Warning issued October 9 at 3:56PM CDT by NWS Jackson MS","summary":"* WIND - LATEST LOCAL FORECAST: Below tropical storm force wind - Peak Wind Forecast: 10-20 mph with gusts to 45 mph - THREAT TO LIFE AND PROPERTY THAT INCLUDES TYPICAL FORECAST UNCERTAINTY IN TRACK, SIZE AND INTENSITY: Potential for wind…","date":"2026-10-09T20:56:00Z","ts":1791579360,"severity":7,"source":"nws_live","url":"https://api.weather.gov/alerts/urn:oid:2.49.0.1.840.0.79ac8a62fad9071d0186de64eb378de420128ce0.014.1","layer":"weather_alerts","event":"Tropical Storm Warning","nws_severity":"Severe","area":"Webster"}},{"type":"Feature","geometry":{"type":"Point","coordinates":[-89.15557,31.59429]},"properties":{"title":"Tropical Storm Warning issued October 9 at 3:56PM CDT by NWS Jackson MS","summary":"* WIND - LATEST LOCAL FORECAST: Below tropical storm force wind - Peak Wind Forecast: 15-25 mph with gusts to 45 mph - THREAT TO LIFE AND PROPERTY THAT INCLUDES TYPICAL FORECAST UNCERTAINTY IN TRACK, SIZE AND INTENSITY: Wind less than 39 m…","date":"2026-10-09T20:56:00Z","ts":1791579360,"severity":7,"source":"nws_live","url":"https://api.weather.gov/alerts/urn:oid:2.49.0.1.840.0.79ac8a62fad9071d0186de64eb378de420128ce0.003.1","layer":"weather_alerts","event":"Tropical Storm Warning","nws_severity":"Severe","area":"Jones"}},{"type":"Feature","geometry":{"type":"Point","coordinates":[-88.51929,33.091]},"properties":{"title":"Tropical Storm Warning issued October 9 at 3:56PM CDT by NWS Jackson MS","summary":"* WIND - LATEST LOCAL FORECAST: Below tropical storm force wind - Peak Wind Forecast: 15-25 mph with gusts to 45 mph - THREAT TO LIFE AND PROPERTY THAT INCLUDES TYPICAL FORECAST UNCERTAINTY IN TRACK, SIZE AND INTENSITY: Potential for wind…","date":"2026-10-09T20:56:00Z","ts":1791579360,"severity":7,"source":"nws_live","url":"https://api.weather.gov/alerts/urn:oid:2.49.0.1.840.0.79ac8a62fad9071d0186de64eb378de420128ce0.012.1","layer":"weather_alerts","event":"Tropical Storm Warning","nws_severity":"Severe","area":"Noxubee"}},{"type":"Feature","geometry":{"type":"Point","coordinates":[-89.03218,33.043]},"properties":{"title":"Tropical Storm Warning issued October 9 at 3:56PM CDT by NWS Jackson MS","summary":"* WIND - LATEST LOCAL FORECAST: Below tropical storm force wind - Peak Wind Forecast: 10-20 mph with gusts to 45 mph - THREAT TO LIFE AND PROPERTY THAT INCLUDES TYPICAL FORECAST UNCERTAINTY IN TRACK, SIZE AND INTENSITY: Potential for wind…","date":"2026-10-09T20:56:00Z","ts":1791579360,"severity":7,"source":"nws_live","url":"https://api.weather.gov/alerts/urn:oid:2.49.0.1.840.0.79ac8a62fad9071d0186de64eb378de420128ce0.009.1","layer":"weather_alerts","event":"Tropical Storm Warning","nws_severity":"Severe","area":"Winston"}},{"type":"Feature","geometry":{"type":"Point","coordinates":[-89.05267,31.955]},"properties":{"title":"Tropical Storm Warning issued October 9 at 3:56PM CDT by NWS Jackson MS","summary":"* WIND - LATEST LOCAL FORECAST: Below tropical storm force wind - Peak Wind Forecast: 15-25 mph with gusts to 45 mph - THREAT TO LIFE AND PROPERTY THAT INCLUDES TYPICAL FORECAST UNCERTAINTY IN TRACK, SIZE AND INTENSITY: Potential for wind…","date":"2026-10-09T20:56:00Z","ts":1791579360,"severity":7,"source":"nws_live","url":"https://api.weather.gov/alerts/urn:oid:2.49.0.1.840.0.79ac8a62fad9071d0186de64eb378de420128ce0.010.1","layer":"weather_alerts","event":"Tropical Storm Warning","nws_severity":"Severe","area":"Jasper"}},{"type":"Feature","geometry":{"type":"Point","coordinates":[-88.58367,32.3575]},"properties":{"title":"Tropical Storm Warning issued October 9 at 3:56PM CDT by NWS Jackson MS","summary":"* WIND - LATEST LOCAL FORECAST: Below tropical storm force wind - Peak Wind Forecast: 15-25 mph with gusts to 45 mph - THREAT TO LIFE AND PROPERTY THAT INCLUDES TYPICAL FORECAST UNCERTAINTY IN TRACK, SIZE AND INTENSITY: Potential for wind…","date":"2026-10-09T20:56:00Z","ts":1791579360,"severity":7,"source":"nws_live","url":"https://api.weather.gov/alerts/urn:oid:2.49.0.1.840.0.79ac8a62fad9071d0186de64eb378de420128ce0.001.1","layer":"weather_alerts","event":"Tropical Storm Warning","nws_severity":"Severe","area":"Lauderdale"}},{"type":"Feature","geometry":{"type":"Point","coordinates":[-89.28792,31.17377]},"properties":{"title":"Tropical Storm Warning issued October 9 at 3:56PM CDT by NWS Jackson MS","summary":"* WIND - LATEST LOCAL FORECAST: Below tropical storm force wind - Peak Wind Forecast: 15-25 mph with gusts to 45 mph - THREAT TO LIFE AND PROPERTY THAT INCLUDES TYPICAL FORECAST UNCERTAINTY IN TRACK, SIZE AND INTENSITY: Wind less than 39 m…","date":"2026-10-09T20:56:00Z","ts":1791579360,"severity":7,"source":"nws_live","url":"https://api.weather.gov/alerts/urn:oid:2.49.0.1.840.0.79ac8a62fad9071d0186de64eb378de420128ce0.002.1","layer":"weather_alerts","event":"Tropical Storm Warning","nws_severity":"Severe","area":"Forrest"}},{"type":"Feature","geometry":{"type":"Point","coordinates":[-88.6464,33.62634]},"properties":{"title":"Tropical Storm Warning issued October 9 at 3:56PM CDT by NWS Jackson MS","summary":"* WIND - LATEST LOCAL FORECAST: Below tropical storm force wind - Peak Wind Forecast: 15-25 mph with gusts to 45 mph - THREAT TO LIFE AND PROPERTY THAT INCLUDES TYPICAL FORECAST UNCERTAINTY IN TRACK, SIZE AND INTENSITY: Potential for wind…","date":"2026-10-09T20:56:00Z","ts":1791579360,"severity":7,"source":"nws_live","url":"https://api.weather.gov/alerts/urn:oid:2.49.0.1.840.0.79ac8a62fad9071d0186de64eb378de420128ce0.007.1","layer":"weather_alerts","event":"Tropical Storm Warning","nws_severity":"Severe","area":"Clay"}},{"type":"Feature","geometry":{"type":"Point","coordinates":[-89.28396,33.38404]},"properties":{"title":"Tropical Storm Warning issued October 9 at 3:56PM CDT by NWS Jackson MS","summary":"* WIND - LATEST LOCAL FORECAST: Below tropical storm force wind - Peak Wind Forecast: 10-20 mph with gusts to 40 mph - THREAT TO LIFE AND PROPERTY THAT INCLUDES TYPICAL FORECAST UNCERTAINTY IN TRACK, SIZE AND INTENSITY: Potential for wind…","date":"2026-10-09T20:56:00Z","ts":1791579360,"severity":7,"source":"nws_live","url":"https://api.weather.gov/alerts/urn:oid:2.49.0.1.840.0.79ac8a62fad9071d0186de64eb378de420128ce0.015.1","layer":"weather_alerts","event":"Tropical Storm Warning","nws_severity":"Severe","area":"Choctaw"}},{"type":"Feature","geometry":{"type":"Point","coordinates":[-89.01873,32.86255]},"properties":{"title":"Tropical Storm Warning issued October 9 at 3:56PM CDT by NWS Jackson MS","summary":"* WIND - LATEST LOCAL FORECAST: Below tropical storm force wind - Peak Wind Forecast: 10-20 mph with gusts to 40 mph - THREAT TO LIFE AND PROPERTY THAT INCLUDES TYPICAL FORECAST UNCERTAINTY IN TRACK, SIZE AND INTENSITY: Potential for wind…","date":"2026-10-09T20:56:00Z","ts":1791579360,"severity":7,"source":"nws_live","url":"https://api.weather.gov/alerts/urn:oid:2.49.0.1.840.0.79ac8a62fad9071d0186de64eb378de420128ce0.006.1","layer":"weather_alerts","event":"Tropical Storm Warning","nws_severity":"Severe","area":"Neshoba"}},{"type":"Feature","geometry":{"type":"Point","coordinates":[-88.45161,33.608]},"properties":{"title":"Tropical Storm Warning issued October 9 at 3:56PM CDT by NWS Jackson MS","summary":"* WIND - LATEST LOCAL FORECAST: Below tropical storm force wind - Peak Wind Forecast: 15-25 mph with gusts to 45 mph - THREAT TO LIFE AND PROPERTY THAT INCLUDES TYPICAL FORECAST UNCERTAINTY IN TRACK, SIZE AND INTENSITY: Potential for wind…","date":"2026-10-09T20:56:00Z","ts":1791579360,"severity":7,"source":"nws_live","url":"https://api.weather.gov/alerts/urn:oid:2.49.0.1.840.0.79ac8a62fad9071d0186de64eb378de420128ce0.004.1","layer":"weather_alerts","event":"Tropical Storm Warning","nws_severity":"Severe","area":"Lowndes"}},{"type":"Feature","geometry":{"type":"Point","coordinates":[-85.52526,30.03632]},"properties":{"title":"Flash Flood Warning issued October 9 at 4:56PM EDT until October 9 at 11:00PM EDT by NWS Tallahassee FL","summary":"FFWTAE The National Weather Service in Tallahassee has issued a * Flash Flood Warning for... Western Franklin County in Big Bend Florida... Bay County in the panhandle of Florida... Southwestern Calhoun County in the panhandle of Florida..…","date":"2026-10-09T20:56:00Z","ts":1791579360,"severity":7,"source":"nws_live","url":"https://api.weather.gov/alerts/urn:oid:2.49.0.1.840.0.7152eb1379b434ccb5cc42c79401c1678befbec9.001.1","layer":"weather_alerts","event":"Flash Flood Warning","nws_severity":"Severe","area":"Bay, FL; Calhoun, FL; Franklin, FL; Gulf, FL"}},{"type":"Feature","geometry":{"type":"Point","coordinates":[-88.63975,30.88575]},"properties":{"title":"Tropical Storm Warning issued October 9 at 3:55PM CDT by NWS Mobile AL","summary":"* LOCATIONS AFFECTED - Lucedale * WIND - LATEST LOCAL FORECAST: Below tropical storm force wind - Peak Wind Forecast: 20-30 mph with gusts to 50 mph - THREAT TO LIFE AND PROPERTY THAT INCLUDES TYPICAL FORECAST UNCERTAINTY IN TRACK, SIZE AN…","date":"2026-10-09T20:55:00Z","ts":1791579300,"severity":7,"source":"nws_live","url":"https://api.weather.gov/alerts/urn:oid:2.49.0.1.840.0.e5dcc7df558b7769ab6522c00248de18c15956c1.027.1","layer":"weather_alerts","event":"Tropical Storm Warning","nws_severity":"Severe","area":"George"}},{"type":"Feature","geometry":{"type":"Point","coordinates":[-87.67796,30.53812]},"properties":{"title":"Hurricane Warning issued October 9 at 3:55PM CDT by NWS Mobile AL","summary":"* LOCATIONS AFFECTED - Daphne - Fairhope - Foley * WIND - LATEST LOCAL FORECAST: Equivalent Tropical Storm force wind - Peak Wind Forecast: 30-40 mph with gusts to 70 mph - Window for Tropical Storm force winds: until early Saturday mornin…","date":"2026-10-09T20:55:00Z","ts":1791579300,"severity":9,"source":"nws_live","url":"https://api.weather.gov/alerts/urn:oid:2.49.0.1.840.0.e5dcc7df558b7769ab6522c00248de18c15956c1.016.1","layer":"weather_alerts","event":"Hurricane Warning","nws_severity":"Extreme","area":"Baldwin Central"}},{"type":"Feature","geometry":{"type":"Point","coordinates":[-89.1073,30.7528]},"properties":{"title":"Tropical Storm Warning issued October 9 at 3:55PM CDT by NWS Mobile AL","summary":"* LOCATIONS AFFECTED - Wiggins * WIND - LATEST LOCAL FORECAST: Below tropical storm force wind - Peak Wind Forecast: 15-25 mph with gusts to 45 mph - THREAT TO LIFE AND PROPERTY THAT INCLUDES TYPICAL FORECAST UNCERTAINTY IN TRACK, SIZE AND…","date":"2026-10-09T20:55:00Z","ts":1791579300,"severity":7,"source":"nws_live","url":"https://api.weather.gov/alerts/urn:oid:2.49.0.1.840.0.e5dcc7df558b7769ab6522c00248de18c15956c1.010.1","layer":"weather_alerts","event":"Tropical Storm Warning","nws_severity":"Severe","area":"Stone"}},{"type":"Feature","geometry":{"type":"Point","coordinates":[-86.64973,31.69662]},"properties":{"title":"Tropical Storm Warning issued October 9 at 3:55PM CDT by NWS Mobile AL","summary":"* LOCATIONS AFFECTED - Greenville * WIND - LATEST LOCAL FORECAST: Equivalent Cat 1 Hurricane force wind - Peak Wind Forecast: 55-75 mph with gusts to 95 mph - Window for Tropical Storm force winds: until Saturday morning - Window for Hurri…","date":"2026-10-09T20:55:00Z","ts":1791579300,"severity":7,"source":"nws_live","url":"https://api.weather.gov/alerts/urn:oid:2.49.0.1.840.0.e5dcc7df558b7769ab6522c00248de18c15956c1.004.1","layer":"weather_alerts","event":"Tropical Storm Warning","nws_severity":"Severe","area":"Butler"}},{"type":"Feature","geometry":{"type":"Point","coordinates":[-88.22279,30.35867]},"properties":{"title":"Hurricane Warning issued October 9 at 3:55PM CDT by NWS Mobile AL","summary":"* LOCATIONS AFFECTED - Grand Bay - Dauphin Island - Bayou La Batre * WIND - LATEST LOCAL FORECAST: Equivalent Tropical Storm force wind - Peak Wind Forecast: 35-45 mph with gusts to 75 mph - Window for Tropical Storm force winds: until ear…","date":"2026-10-09T20:55:00Z","ts":1791579300,"severity":9,"source":"nws_live","url":"https://api.weather.gov/alerts/urn:oid:2.49.0.1.840.0.e5dcc7df558b7769ab6522c00248de18c15956c1.015.1","layer":"weather_alerts","event":"Hurricane Warning","nws_severity":"Extreme","area":"Mobile Coastal"}},{"type":"Feature","geometry":{"type":"Point","coordinates":[-88.60814,31.15686]},"properties":{"title":"Tropical Storm Warning issued October 9 at 3:55PM CDT by NWS Mobile AL","summary":"* LOCATIONS AFFECTED - Leakesville - McLain * WIND - LATEST LOCAL FORECAST: Below tropical storm force wind - Peak Wind Forecast: 10-20 mph with gusts to 45 mph - THREAT TO LIFE AND PROPERTY THAT INCLUDES TYPICAL FORECAST UNCERTAINTY IN TR…","date":"2026-10-09T20:55:00Z","ts":1791579300,"severity":7,"source":"nws_live","url":"https://api.weather.gov/alerts/urn:oid:2.49.0.1.840.0.e5dcc7df558b7769ab6522c00248de18c15956c1.009.1","layer":"weather_alerts","event":"Tropical Storm Warning","nws_severity":"Severe","area":"Greene"}},{"type":"Feature","geometry":{"type":"Point","coordinates":[-86.93129,31.1595]},"properties":{"title":"Hurricane Warning issued October 9 at 3:55PM CDT by NWS Mobile AL","summary":"* LOCATIONS AFFECTED - Atmore - Brewton - Flomaton * WIND - LATEST LOCAL FORECAST: Equivalent Tropical Storm force wind - Peak Wind Forecast: 40-50 mph with gusts to 80 mph - Window for Tropical Storm force winds: until early Saturday morn…","date":"2026-10-09T20:55:00Z","ts":1791579300,"severity":9,"source":"nws_live","url":"https://api.weather.gov/alerts/urn:oid:2.49.0.1.840.0.e5dcc7df558b7769ab6522c00248de18c15956c1.012.1","layer":"weather_alerts","event":"Hurricane Warning","nws_severity":"Extreme","area":"Escambia"}},{"type":"Feature","geometry":{"type":"Point","coordinates":[-87.34856,32.09841]},"properties":{"title":"Tropical Storm Warning issued October 9 at 3:55PM CDT by NWS Mobile AL","summary":"* LOCATIONS AFFECTED - Camden - Pine Hill * WIND - LATEST LOCAL FORECAST: Below tropical storm force wind - Peak Wind Forecast: 25-35 mph with gusts to 55 mph - THREAT TO LIFE AND PROPERTY THAT INCLUDES TYPICAL FORECAST UNCERTAINTY IN TRAC…","date":"2026-10-09T20:55:00Z","ts":1791579300,"severity":7,"source":"nws_live","url":"https://api.weather.gov/alerts/urn:oid:2.49.0.1.840.0.e5dcc7df558b7769ab6522c00248de18c15956c1.006.1","layer":"weather_alerts","event":"Tropical Storm Warning","nws_severity":"Severe","area":"Wilcox"}},{"type":"Feature","geometry":{"type":"Point","coordinates":[-87.16211,30.75621]},"properties":{"title":"Hurricane Warning issued October 9 at 3:55PM CDT by NWS Mobile AL","summary":"* LOCATIONS AFFECTED - Jay - Milton * WIND - LATEST LOCAL FORECAST: Equivalent Strong Tropical Storm force wind - Peak Wind Forecast: 55-70 mph with gusts to 100 mph - Window for Tropical Storm force winds: until early Saturday morning - T…","date":"2026-10-09T20:55:00Z","ts":1791579300,"severity":9,"source":"nws_live","url":"https://api.weather.gov/alerts/urn:oid:2.49.0.1.840.0.e5dcc7df558b7769ab6522c00248de18c15956c1.023.1","layer":"weather_alerts","event":"Hurricane Warning","nws_severity":"Extreme","area":"Santa Rosa Inland"}},{"type":"Feature","geometry":{"type":"Point","coordinates":[-87.69762,30.37951]},"properties":{"title":"Storm Surge Warning issued October 9 at 3:55PM CDT by NWS Mobile AL","summary":"* LOCATIONS AFFECTED - Gulf Shores - Orange Beach - Fort Morgan * WIND - LATEST LOCAL FORECAST: Equivalent Tropical Storm force wind - Peak Wind Forecast: 35-45 mph with gusts to 80 mph - Window for Tropical Storm force winds: until early…","date":"2026-10-09T20:55:00Z","ts":1791579300,"severity":9,"source":"nws_live","url":"https://api.weather.gov/alerts/urn:oid:2.49.0.1.840.0.e5dcc7df558b7769ab6522c00248de18c15956c1.014.2","layer":"weather_alerts","event":"Storm Surge Warning","nws_severity":"Extreme","area":"Baldwin Coastal"}},{"type":"Feature","geometry":{"type":"Point","coordinates":[-86.53009,30.44035]},"properties":{"title":"Storm Surge Warning issued October 9 at 3:55PM CDT by NWS Mobile AL","summary":"* LOCATIONS AFFECTED - Destin - Eglin AFB - Fort Walton Beach * WIND - LATEST LOCAL FORECAST: Equivalent Cat 3 Hurricane force wind - Peak Wind Forecast: 95-115 mph with gusts to 140 mph - Window for Tropical Storm force winds: until early…","date":"2026-10-09T20:55:00Z","ts":1791579300,"severity":9,"source":"nws_live","url":"https://api.weather.gov/alerts/urn:oid:2.49.0.1.840.0.e5dcc7df558b7769ab6522c00248de18c15956c1.020.2","layer":"weather_alerts","event":"Storm Surge Warning","nws_severity":"Extreme","area":"Okaloosa Coastal"}},{"type":"Feature","geometry":{"type":"Point","coordinates":[-86.47959,31.35303]},"properties":{"title":"Hurricane Warning issued October 9 at 3:55PM CDT by NWS Mobile AL","summary":"* LOCATIONS AFFECTED - Andalusia - Opp * WIND - LATEST LOCAL FORECAST: Equivalent Cat 1 Hurricane force wind - Peak Wind Forecast: 65-85 mph with gusts to 105 mph - Window for Tropical Storm force winds: until early Saturday morning - Wind…","date":"2026-10-09T20:55:00Z","ts":1791579300,"severity":9,"source":"nws_live","url":"https://api.weather.gov/alerts/urn:oid:2.49.0.1.840.0.e5dcc7df558b7769ab6522c00248de18c15956c1.013.1","layer":"weather_alerts","event":"Hurricane Warning","nws_severity":"Extreme","area":"Covington"}},{"type":"Feature","geometry":{"type":"Point","coordinates":[-87.30273,30.43201]},"properties":{"title":"Hurricane Warning issued October 9 at 3:55PM CDT by NWS Mobile AL","summary":"* LOCATIONS AFFECTED - Pensacola - Pensacola Beach - Perdido Bay * WIND - LATEST LOCAL FORECAST: Equivalent Cat 1 Hurricane force wind - Peak Wind Forecast: 65-85 mph with gusts to 120 mph - Window for Tropical Storm force winds: until ear…","date":"2026-10-09T20:55:00Z","ts":1791579300,"severity":9,"source":"nws_live","url":"https://api.weather.gov/alerts/urn:oid:2.49.0.1.840.0.e5dcc7df558b7769ab6522c00248de18c15956c1.019.1","layer":"weather_alerts","event":"Hurricane Warning","nws_severity":"Extreme","area":"Escambia Coastal"}},{"type":"Feature","geometry":{"type":"Point","coordinates":[-88.14444,30.61178]},"properties":{"title":"Hurricane Warning issued October 9 at 3:55PM CDT by NWS Mobile AL","summary":"* LOCATIONS AFFECTED - Mobile - Prichard - Theodore * WIND - LATEST LOCAL FORECAST: Below tropical storm force wind - Peak Wind Forecast: 25-35 mph with gusts to 65 mph - THREAT TO LIFE AND PROPERTY THAT INCLUDES TYPICAL FORECAST UNCERTAIN…","date":"2026-10-09T20:55:00Z","ts":1791579300,"severity":9,"source":"nws_live","url":"https://api.weather.gov/alerts/urn:oid:2.49.0.1.840.0.e5dcc7df558b7769ab6522c00248de18c15956c1.017.1","layer":"weather_alerts","event":"Hurricane Warning","nws_severity":"Extreme","area":"Mobile Central"}},{"type":"Feature","geometry":{"type":"Point","coordinates":[-87.87744,31.53394]},"properties":{"title":"Tropical Storm Warning issued October 9 at 3:55PM CDT by NWS Mobile AL","summary":"* LOCATIONS AFFECTED - Jackson - Thomasville - Grove Hill * WIND - LATEST LOCAL FORECAST: Below tropical storm force wind - Peak Wind Forecast: 15-25 mph with gusts to 50 mph - THREAT TO LIFE AND PROPERTY THAT INCLUDES TYPICAL FORECAST UNC…","date":"2026-10-09T20:55:00Z","ts":1791579300,"severity":7,"source":"nws_live","url":"https://api.weather.gov/alerts/urn:oid:2.49.0.1.840.0.e5dcc7df558b7769ab6522c00248de18c15956c1.026.1","layer":"weather_alerts","event":"Tropical Storm Warning","nws_severity":"Severe","area":"Clarke"}},{"type":"Feature","geometry":{"type":"Point","coordinates":[-87.41393,31.49196]},"properties":{"title":"Tropical Storm Warning issued October 9 at 3:55PM CDT by NWS Mobile AL","summary":"* LOCATIONS AFFECTED - Homewood - Monroeville * WIND - LATEST LOCAL FORECAST: Below tropical storm force wind - Peak Wind Forecast: 20-30 mph with gusts to 55 mph - THREAT TO LIFE AND PROPERTY THAT INCLUDES TYPICAL FORECAST UNCERTAINTY IN…","date":"2026-10-09T20:55:00Z","ts":1791579300,"severity":7,"source":"nws_live","url":"https://api.weather.gov/alerts/urn:oid:2.49.0.1.840.0.e5dcc7df558b7769ab6522c00248de18c15956c1.005.1","layer":"weather_alerts","event":"Tropical Storm Warning","nws_severity":"Severe","area":"Monroe"}},{"type":"Feature","geometry":{"type":"Point","coordinates":[-88.22909,30.37328]},"properties":{"title":"Storm Surge Warning issued October 9 at 3:55PM CDT by NWS Mobile AL","summary":"* LOCATIONS AFFECTED - Grand Bay - Dauphin Island - Bayou La Batre * WIND - LATEST LOCAL FORECAST: Equivalent Tropical Storm force wind - Peak Wind Forecast: 35-45 mph with gusts to 75 mph - Window for Tropical Storm force winds: until ear…","date":"2026-10-09T20:55:00Z","ts":1791579300,"severity":9,"source":"nws_live","url":"https://api.weather.gov/alerts/urn:oid:2.49.0.1.840.0.e5dcc7df558b7769ab6522c00248de18c15956c1.015.2","layer":"weather_alerts","event":"Storm Surge Warning","nws_severity":"Extreme","area":"Mobile Coastal"}},{"type":"Feature","geometry":{"type":"Point","coordinates":[-88.08424,32.05538]},"properties":{"title":"Tropical Storm Warning issued October 9 at 3:55PM CDT by NWS Mobile AL","summary":"* LOCATIONS AFFECTED - Butler - Lisman - Silas * WIND - LATEST LOCAL FORECAST: Below tropical storm force wind - Peak Wind Forecast: 10-20 mph with gusts to 45 mph - THREAT TO LIFE AND PROPERTY THAT INCLUDES TYPICAL FORECAST UNCERTAINTY IN…","date":"2026-10-09T20:55:00Z","ts":1791579300,"severity":7,"source":"nws_live","url":"https://api.weather.gov/alerts/urn:oid:2.49.0.1.840.0.e5dcc7df558b7769ab6522c00248de18c15956c1.003.1","layer":"weather_alerts","event":"Tropical Storm Warning","nws_severity":"Severe","area":"Choctaw"}},{"type":"Feature","geometry":{"type":"Point","coordinates":[-86.59515,30.66931]},"properties":{"title":"Hurricane Warning issued October 9 at 3:55PM CDT by NWS Mobile AL","summary":"* LOCATIONS AFFECTED - Crestview - Laurel Hill * WIND - LATEST LOCAL FORECAST: Equivalent Cat 2 Hurricane force wind - Peak Wind Forecast: 80-100 mph with gusts to 125 mph - Window for Tropical Storm force winds: until early Saturday morni…","date":"2026-10-09T20:55:00Z","ts":1791579300,"severity":9,"source":"nws_live","url":"https://api.weather.gov/alerts/urn:oid:2.49.0.1.840.0.e5dcc7df558b7769ab6522c00248de18c15956c1.022.1","layer":"weather_alerts","event":"Hurricane Warning","nws_severity":"Extreme","area":"Okaloosa Inland"}},{"type":"Feature","geometry":{"type":"Point","coordinates":[-88.6891,31.6937]},"properties":{"title":"Tropical Storm Warning issued October 9 at 3:55PM CDT by NWS Mobile AL","summary":"* LOCATIONS AFFECTED - Waynesboro * WIND - LATEST LOCAL FORECAST: Below tropical storm force wind - Peak Wind Forecast: 10-20 mph with gusts to 45 mph - THREAT TO LIFE AND PROPERTY THAT INCLUDES TYPICAL FORECAST UNCERTAINTY IN TRACK, SIZE…","date":"2026-10-09T20:55:00Z","ts":1791579300,"severity":7,"source":"nws_live","url":"https://api.weather.gov/alerts/urn:oid:2.49.0.1.840.0.e5dcc7df558b7769ab6522c00248de18c15956c1.002.1","layer":"weather_alerts","event":"Tropical Storm Warning","nws_severity":"Severe","area":"Wayne"}},{"type":"Feature","geometry":{"type":"Point","coordinates":[-87.30776,30.4363]},"properties":{"title":"Storm Surge Warning issued October 9 at 3:55PM CDT by NWS Mobile AL","summary":"* LOCATIONS AFFECTED - Pensacola - Pensacola Beach - Perdido Bay * WIND - LATEST LOCAL FORECAST: Equivalent Cat 1 Hurricane force wind - Peak Wind Forecast: 65-85 mph with gusts to 120 mph - Window for Tropical Storm force winds: until ear…","date":"2026-10-09T20:55:00Z","ts":1791579300,"severity":9,"source":"nws_live","url":"https://api.weather.gov/alerts/urn:oid:2.49.0.1.840.0.e5dcc7df558b7769ab6522c00248de18c15956c1.019.2","layer":"weather_alerts","event":"Storm Surge Warning","nws_severity":"Extreme","area":"Escambia Coastal"}},{"type":"Feature","geometry":{"type":"Point","coordinates":[-87.35562,30.79284]},"properties":{"title":"Hurricane Warning issued October 9 at 3:55PM CDT by NWS Mobile AL","summary":"* LOCATIONS AFFECTED - Century - Walnut Hill - Molino * WIND - LATEST LOCAL FORECAST: Below tropical storm force wind - Peak Wind Forecast: 25-35 mph with gusts to 70 mph - THREAT TO LIFE AND PROPERTY THAT INCLUDES TYPICAL FORECAST UNCERTA…","date":"2026-10-09T20:55:00Z","ts":1791579300,"severity":9,"source":"nws_live","url":"https://api.weather.gov/alerts/urn:oid:2.49.0.1.840.0.e5dcc7df558b7769ab6522c00248de18c15956c1.021.1","layer":"weather_alerts","event":"Hurricane Warning","nws_severity":"Extreme","area":"Escambia Inland"}},{"type":"Feature","geometry":{"type":"Point","coordinates":[-87.70864,30.51204]},"properties":{"title":"Storm Surge Warning issued October 9 at 3:55PM CDT by NWS Mobile AL","summary":"* LOCATIONS AFFECTED - Daphne - Fairhope - Foley * WIND - LATEST LOCAL FORECAST: Equivalent Tropical Storm force wind - Peak Wind Forecast: 30-40 mph with gusts to 70 mph - Window for Tropical Storm force winds: until early Saturday mornin…","date":"2026-10-09T20:55:00Z","ts":1791579300,"severity":9,"source":"nws_live","url":"https://api.weather.gov/alerts/urn:oid:2.49.0.1.840.0.e5dcc7df558b7769ab6522c00248de18c15956c1.016.2","layer":"weather_alerts","event":"Storm Surge Warning","nws_severity":"Extreme","area":"Baldwin Central"}},{"type":"Feature","geometry":{"type":"Point","coordinates":[-87.83811,31.03717]},"properties":{"title":"Hurricane Warning issued October 9 at 3:55PM CDT by NWS Mobile AL","summary":"* LOCATIONS AFFECTED - Bay Minette - Stockton * WIND - LATEST LOCAL FORECAST: Below tropical storm force wind - Peak Wind Forecast: 25-35 mph with gusts to 70 mph - THREAT TO LIFE AND PROPERTY THAT INCLUDES TYPICAL FORECAST UNCERTAINTY IN…","date":"2026-10-09T20:55:00Z","ts":1791579300,"severity":9,"source":"nws_live","url":"https://api.weather.gov/alerts/urn:oid:2.49.0.1.840.0.e5dcc7df558b7769ab6522c00248de18c15956c1.024.1","layer":"weather_alerts","event":"Hurricane Warning","nws_severity":"Extreme","area":"Baldwin Inland"}},{"type":"Feature","geometry":{"type":"Point","coordinates":[-88.97155,31.13373]},"properties":{"title":"Tropical Storm Warning issued October 9 at 3:55PM CDT by NWS Mobile AL","summary":"* LOCATIONS AFFECTED - Beaumont - New Augusta - Richton * WIND - LATEST LOCAL FORECAST: Below tropical storm force wind - Peak Wind Forecast: 10-20 mph with gusts to 45 mph - THREAT TO LIFE AND PROPERTY THAT INCLUDES TYPICAL FORECAST UNCER…","date":"2026-10-09T20:55:00Z","ts":1791579300,"severity":7,"source":"nws_live","url":"https://api.weather.gov/alerts/urn:oid:2.49.0.1.840.0.e5dcc7df558b7769ab6522c00248de18c15956c1.008.1","layer":"weather_alerts","event":"Tropical Storm Warning","nws_severity":"Severe","area":"Perry"}},{"type":"Feature","geometry":{"type":"Point","coordinates":[-87.70456,30.37764]},"properties":{"title":"Hurricane Warning issued October 9 at 3:55PM CDT by NWS Mobile AL","summary":"* LOCATIONS AFFECTED - Gulf Shores - Orange Beach - Fort Morgan * WIND - LATEST LOCAL FORECAST: Equivalent Tropical Storm force wind - Peak Wind Forecast: 35-45 mph with gusts to 80 mph - Window for Tropical Storm force winds: until early…","date":"2026-10-09T20:55:00Z","ts":1791579300,"severity":9,"source":"nws_live","url":"https://api.weather.gov/alerts/urn:oid:2.49.0.1.840.0.e5dcc7df558b7769ab6522c00248de18c15956c1.014.1","layer":"weather_alerts","event":"Hurricane Warning","nws_severity":"Extreme","area":"Baldwin Coastal"}},{"type":"Feature","geometry":{"type":"Point","coordinates":[-87.98923,30.99141]},"properties":{"title":"Hurricane Warning issued October 9 at 3:55PM CDT by NWS Mobile AL","summary":"* LOCATIONS AFFECTED - Citronelle - Saraland - Satsuma * WIND - LATEST LOCAL FORECAST: Below tropical storm force wind - Peak Wind Forecast: 20-30 mph with gusts to 60 mph - THREAT TO LIFE AND PROPERTY THAT INCLUDES TYPICAL FORECAST UNCERT…","date":"2026-10-09T20:55:00Z","ts":1791579300,"severity":9,"source":"nws_live","url":"https://api.weather.gov/alerts/urn:oid:2.49.0.1.840.0.e5dcc7df558b7769ab6522c00248de18c15956c1.025.1","layer":"weather_alerts","event":"Hurricane Warning","nws_severity":"Extreme","area":"Mobile Inland"}},{"type":"Feature","geometry":{"type":"Point","coordinates":[-86.52712,30.44009]},"properties":{"title":"Hurricane Warning issued October 9 at 3:55PM CDT by NWS Mobile AL","summary":"* LOCATIONS AFFECTED - Destin - Eglin AFB - Fort Walton Beach * WIND - LATEST LOCAL FORECAST: Equivalent Cat 3 Hurricane force wind - Peak Wind Forecast: 95-115 mph with gusts to 140 mph - Window for Tropical Storm force winds: until early…","date":"2026-10-09T20:55:00Z","ts":1791579300,"severity":9,"source":"nws_live","url":"https://api.weather.gov/alerts/urn:oid:2.49.0.1.840.0.e5dcc7df558b7769ab6522c00248de18c15956c1.020.1","layer":"weather_alerts","event":"Hurricane Warning","nws_severity":"Extreme","area":"Okaloosa Coastal"}},{"type":"Feature","geometry":{"type":"Point","coordinates":[-87.06493,30.50421]},"properties":{"title":"Hurricane Warning issued October 9 at 3:55PM CDT by NWS Mobile AL","summary":"* LOCATIONS AFFECTED - Bagdad - Gulf Breeze - Navarre * WIND - LATEST LOCAL FORECAST: Equivalent Cat 1 Hurricane force wind - Peak Wind Forecast: 65-85 mph with gusts to 115 mph - Window for Tropical Storm force winds: until early Saturday…","date":"2026-10-09T20:55:00Z","ts":1791579300,"severity":9,"source":"nws_live","url":"https://api.weather.gov/alerts/urn:oid:2.49.0.1.840.0.e5dcc7df558b7769ab6522c00248de18c15956c1.018.1","layer":"weather_alerts","event":"Hurricane Warning","nws_severity":"Extreme","area":"Santa Rosa Coastal"}},{"type":"Feature","geometry":{"type":"Point","coordinates":[-88.18254,30.63171]},"properties":{"title":"Storm Surge Warning issued October 9 at 3:55PM CDT by NWS Mobile AL","summary":"* LOCATIONS AFFECTED - Mobile - Prichard - Theodore * WIND - LATEST LOCAL FORECAST: Below tropical storm force wind - Peak Wind Forecast: 25-35 mph with gusts to 65 mph - THREAT TO LIFE AND PROPERTY THAT INCLUDES TYPICAL FORECAST UNCERTAIN…","date":"2026-10-09T20:55:00Z","ts":1791579300,"severity":9,"source":"nws_live","url":"https://api.weather.gov/alerts/urn:oid:2.49.0.1.840.0.e5dcc7df558b7769ab6522c00248de18c15956c1.017.2","layer":"weather_alerts","event":"Storm Surge Warning","nws_severity":"Extreme","area":"Mobile Central"}},{"type":"Feature","geometry":{"type":"Point","coordinates":[-86.93736,31.42572]},"properties":{"title":"Hurricane Warning issued October 9 at 3:55PM CDT by NWS Mobile AL","summary":"* LOCATIONS AFFECTED - Evergreen * WIND - LATEST LOCAL FORECAST: Equivalent Tropical Storm force wind - Peak Wind Forecast: 40-50 mph with gusts to 75 mph - Window for Tropical Storm force winds: until Saturday morning - THREAT TO LIFE AND…","date":"2026-10-09T20:55:00Z","ts":1791579300,"severity":9,"source":"nws_live","url":"https://api.weather.gov/alerts/urn:oid:2.49.0.1.840.0.e5dcc7df558b7769ab6522c00248de18c15956c1.011.1","layer":"weather_alerts","event":"Hurricane Warning","nws_severity":"Extreme","area":"Conecuh"}},{"type":"Feature","geometry":{"type":"Point","coordinates":[-87.06771,30.50721]},"properties":{"title":"Storm Surge Warning issued October 9 at 3:55PM CDT by NWS Mobile AL","summary":"* LOCATIONS AFFECTED - Bagdad - Gulf Breeze - Navarre * WIND - LATEST LOCAL FORECAST: Equivalent Cat 1 Hurricane force wind - Peak Wind Forecast: 65-85 mph with gusts to 115 mph - Window for Tropical Storm force winds: until early Saturday…","date":"2026-10-09T20:55:00Z","ts":1791579300,"severity":9,"source":"nws_live","url":"https://api.weather.gov/alerts/urn:oid:2.49.0.1.840.0.e5dcc7df558b7769ab6522c00248de18c15956c1.018.2","layer":"weather_alerts","event":"Storm Surge Warning","nws_severity":"Extreme","area":"Santa Rosa Coastal"}},{"type":"Feature","geometry":{"type":"Point","coordinates":[-88.04569,31.39647]},"properties":{"title":"Tropical Storm Warning issued October 9 at 3:55PM CDT by NWS Mobile AL","summary":"* LOCATIONS AFFECTED - Chatom - Millry * WIND - LATEST LOCAL FORECAST: Below tropical storm force wind - Peak Wind Forecast: 15-25 mph with gusts to 50 mph - THREAT TO LIFE AND PROPERTY THAT INCLUDES TYPICAL FORECAST UNCERTAINTY IN TRACK,…","date":"2026-10-09T20:55:00Z","ts":1791579300,"severity":7,"source":"nws_live","url":"https://api.weather.gov/alerts/urn:oid:2.49.0.1.840.0.e5dcc7df558b7769ab6522c00248de18c15956c1.001.1","layer":"weather_alerts","event":"Tropical Storm Warning","nws_severity":"Severe","area":"Washington"}},{"type":"Feature","geometry":{"type":"Point","coordinates":[-86.30786,31.72469]},"properties":{"title":"Tropical Storm Warning issued October 9 at 3:55PM CDT by NWS Mobile AL","summary":"* LOCATIONS AFFECTED - Brantley - Luverne * WIND - LATEST LOCAL FORECAST: Equivalent Cat 1 Hurricane force wind - Peak Wind Forecast: 55-75 mph with gusts to 90 mph - Window for Tropical Storm force winds: until Saturday morning - THREAT T…","date":"2026-10-09T20:55:00Z","ts":1791579300,"severity":7,"source":"nws_live","url":"https://api.weather.gov/alerts/urn:oid:2.49.0.1.840.0.e5dcc7df558b7769ab6522c00248de18c15956c1.007.1","layer":"weather_alerts","event":"Tropical Storm Warning","nws_severity":"Severe","area":"Crenshaw"}},{"type":"Feature","geometry":{"type":"Point","coordinates":[-84.63294,29.92941]},"properties":{"title":"Flash Flood Warning issued October 9 at 4:34PM EDT until October 9 at 10:30PM EDT by NWS Tallahassee FL","summary":"FFWTAE The National Weather Service in Tallahassee has issued a * Flash Flood Warning for... Franklin County in Big Bend Florida... Southeastern Liberty County in Big Bend Florida... Wakulla County in Big Bend Florida... * Until 1030 PM ED…","date":"2026-10-09T20:34:00Z","ts":1791578040,"severity":7,"source":"nws_live","url":"https://api.weather.gov/alerts/urn:oid:2.49.0.1.840.0.40518fdfee3417fc9347cf8c6b6e7709401dfbfa.001.1","layer":"weather_alerts","event":"Flash Flood Warning","nws_severity":"Severe","area":"Franklin, FL; Liberty, FL; Wakulla, FL"}},{"type":"Feature","geometry":{"type":"Point","coordinates":[-86.77714,30.84571]},"properties":{"title":"Flood Warning issued October 9 at 2:03PM CDT until October 12 at 6:46AM CDT by NWS Mobile AL","summary":"...Forecast flooding changed from Minor to Moderate severity and increased in duration for the following rivers in Alabama... Florida... Blackwater River Near Baker affecting Okaloosa, Covington, Escambia and Santa Rosa Counties. For the B…","date":"2026-10-09T19:03:00Z","ts":1791572580,"severity":7,"source":"nws_live","url":"https://api.weather.gov/alerts/urn:oid:2.49.0.1.840.0.c870e02510d53bda09cbda66a4daeb49844e9006.001.1","layer":"weather_alerts","event":"Flood Warning","nws_severity":"Severe","area":"Covington, AL; Escambia, AL; Okaloosa, FL; Santa Rosa, FL"}},{"type":"Feature","geometry":{"type":"Point","coordinates":[-84.16429,30.23571]},"properties":{"title":"Flood Warning issued October 9 at 1:54PM EDT by NWS Tallahassee FL","summary":"...The Flood Warning is extended for the following rivers in Florida... St. Marks River near Newport On Old Magnolia Rd affecting Wakulla and Leon Counties. * WHAT...Minor flooding is forecast. * WHERE...St. Marks River near Newport On Old…","date":"2026-10-09T17:54:00Z","ts":1791568440,"severity":7,"source":"nws_live","url":"https://api.weather.gov/alerts/urn:oid:2.49.0.1.840.0.cba6c7a245def7f263beeea4637e8e3136515f34.001.1","layer":"weather_alerts","event":"Flood Warning","nws_severity":"Severe","area":"Leon, FL; Wakulla, FL"}},{"type":"Feature","geometry":{"type":"Point","coordinates":[-88.05111,30.83667]},"properties":{"title":"Flood Warning issued October 9 at 9:51AM CDT until October 11 at 11:48AM CDT by NWS Mobile AL","summary":"...The Flood Warning continues for the following rivers in Alabama... Bayou Sara At Saraland affecting Mobile County. For the Bayou Sara...including Saraland...Minor flooding is forecast. * WHAT...Minor flooding is forecast. * WHERE...Bayo…","date":"2026-10-09T14:51:00Z","ts":1791557460,"severity":7,"source":"nws_live","url":"https://api.weather.gov/alerts/urn:oid:2.49.0.1.840.0.800d2563d6faeed7f80dce3417b79fd64d5d588e.001.1","layer":"weather_alerts","event":"Flood Warning","nws_severity":"Severe","area":"Mobile, AL"}},{"type":"Feature","geometry":{"type":"Point","coordinates":[-82.10571,30.44714]},"properties":{"title":"Flood Warning issued October 9 at 10:40AM EDT by NWS Jacksonville FL","summary":"...The Flood Warning continues for the following rivers in Georgia... Florida... St Mary's River At Macclenny affecting Charlton, Nassau and Baker Counties. Additional information is available at https://water.weather.gov/wfo/JAX The next…","date":"2026-10-09T14:40:00Z","ts":1791556800,"severity":7,"source":"nws_live","url":"https://api.weather.gov/alerts/urn:oid:2.49.0.1.840.0.7f8131b94dfb92173184209f64da2653377b6e9e.001.1","layer":"weather_alerts","event":"Flood Warning","nws_severity":"Severe","area":"Baker, FL; Nassau, FL; Charlton, GA"}},{"type":"Feature","geometry":{"type":"Point","coordinates":[-82.24571,27.48]},"properties":{"title":"Flood Warning issued October 9 at 10:36AM EDT until October 10 at 12:00PM EDT by NWS Tampa Bay Ruskin FL","summary":"...The Flood Warning is extended for the following rivers in Florida... Cypress Creek At SR 54 Worthington Gardens affecting Pasco County. Manatee River Near Myakka Head at SR 64 affecting Manatee County. ...The Flood Warning continues for…","date":"2026-10-09T14:36:00Z","ts":1791556560,"severity":7,"source":"nws_live","url":"https://api.weather.gov/alerts/urn:oid:2.49.0.1.840.0.8a72fed8f8ad9da2a0cf0bdde6e5253f206786ae.001.1","layer":"weather_alerts","event":"Flood Warning","nws_severity":"Severe","area":"Manatee, FL"}},{"type":"Feature","geometry":{"type":"Point","coordinates":[-82.358,27.66]},"properties":{"title":"Flood Warning issued October 9 at 10:36AM EDT until October 10 at 10:00PM EDT by NWS Tampa Bay Ruskin FL","summary":"...The Flood Warning is extended for the following rivers in Florida... Cypress Creek At SR 54 Worthington Gardens affecting Pasco County. Manatee River Near Myakka Head at SR 64 affecting Manatee County. ...The Flood Warning continues for…","date":"2026-10-09T14:36:00Z","ts":1791556560,"severity":7,"source":"nws_live","url":"https://api.weather.gov/alerts/urn:oid:2.49.0.1.840.0.8a72fed8f8ad9da2a0cf0bdde6e5253f206786ae.002.1","layer":"weather_alerts","event":"Flood Warning","nws_severity":"Severe","area":"Hillsborough, FL"}},{"type":"Feature","geometry":{"type":"Point","coordinates":[-82.434,29.028]},"properties":{"title":"Flood Warning issued October 9 at 10:36AM EDT by NWS Tampa Bay Ruskin FL","summary":"...The Flood Warning is extended for the following rivers in Florida... Cypress Creek At SR 54 Worthington Gardens affecting Pasco County. Manatee River Near Myakka Head at SR 64 affecting Manatee County. ...The Flood Warning continues for…","date":"2026-10-09T14:36:00Z","ts":1791556560,"severity":7,"source":"nws_live","url":"https://api.weather.gov/alerts/urn:oid:2.49.0.1.840.0.8a72fed8f8ad9da2a0cf0bdde6e5253f206786ae.004.1","layer":"weather_alerts","event":"Flood Warning","nws_severity":"Severe","area":"Citrus, FL; Levy, FL; Marion, FL"}},{"type":"Feature","geometry":{"type":"Point","coordinates":[-82.364,28.17]},"properties":{"title":"Flood Warning issued October 9 at 10:36AM EDT by NWS Tampa Bay Ruskin FL","summary":"...The Flood Warning is extended for the following rivers in Florida... Cypress Creek At SR 54 Worthington Gardens affecting Pasco County. Manatee River Near Myakka Head at SR 64 affecting Manatee County. ...The Flood Warning continues for…","date":"2026-10-09T14:36:00Z","ts":1791556560,"severity":7,"source":"nws_live","url":"https://api.weather.gov/alerts/urn:oid:2.49.0.1.840.0.8a72fed8f8ad9da2a0cf0bdde6e5253f206786ae.003.1","layer":"weather_alerts","event":"Flood Warning","nws_severity":"Severe","area":"Pasco, FL"}},{"type":"Feature","geometry":{"type":"Point","coordinates":[-92.09143,41.82714]},"properties":{"title":"Flood Warning issued October 9 at 9:35AM CDT until October 10 at 12:45PM CDT by NWS Quad Cities IA IL","summary":"...The Flood Warning is extended for the following rivers in Iowa... Iowa River at Marengo affecting Iowa and Benton Counties. * WHAT...Minor flooding is occurring. * WHERE...Iowa River at Marengo. * WHEN...Until Saturday afternoon. * IMPA…","date":"2026-10-09T14:35:00Z","ts":1791556500,"severity":7,"source":"nws_live","url":"https://api.weather.gov/alerts/urn:oid:2.49.0.1.840.0.a2640e9b201ada6e992a73f4e49b1eb07bfc85f9.001.1","layer":"weather_alerts","event":"Flood Warning","nws_severity":"Severe","area":"Benton, IA; Iowa, IA"}},{"type":"Feature","geometry":{"type":"Point","coordinates":[-87.5325,30.58625]},"properties":{"title":"Flood Warning issued October 9 at 9:21AM CDT until October 11 at 8:02AM CDT by NWS Mobile AL","summary":"...The Flood Warning continues for the following rivers in Alabama... Styx River Near Elsanor affecting Baldwin County. For the Styx River...including Elsanor...Moderate flooding is forecast. * WHAT...Moderate flooding is forecast. * WHERE…","date":"2026-10-09T14:21:00Z","ts":1791555660,"severity":7,"source":"nws_live","url":"https://api.weather.gov/alerts/urn:oid:2.49.0.1.840.0.8b79498148f6ee27be2ca9cc0bf8d6e3ce4aabcb.001.1","layer":"weather_alerts","event":"Flood Warning","nws_severity":"Severe","area":"Baldwin, AL"}},{"type":"Feature","geometry":{"type":"Point","coordinates":[-87.49286,30.67429]},"properties":{"title":"Flood Warning issued October 9 at 9:17AM CDT until October 11 at 8:20AM CDT by NWS Mobile AL","summary":"...The Flood Warning continues for the following rivers in Alabama... Florida... Perdido River Near Barrineau Park affecting Escambia and Baldwin Counties. For the Perdido River...including Barrineau Park...Minor flooding is forecast. * WH…","date":"2026-10-09T14:17:00Z","ts":1791555420,"severity":7,"source":"nws_live","url":"https://api.weather.gov/alerts/urn:oid:2.49.0.1.840.0.75f46c2d1658ea8091109476237590bc1634e6fb.001.1","layer":"weather_alerts","event":"Flood Warning","nws_severity":"Severe","area":"Baldwin, AL; Escambia, FL"}},{"type":"Feature","geometry":{"type":"Point","coordinates":[-86.54714,30.73143]},"properties":{"title":"Flood Warning issued October 9 at 9:12AM CDT until October 13 at 11:00AM CDT by NWS Mobile AL","summary":"...The Flood Warning continues for the following rivers in Florida... Shoal River Near Crestview affecting Okaloosa County. For the Shoal River...including Crestview...Minor flooding is forecast. * WHAT...Minor flooding is forecast. * WHER…","date":"2026-10-09T14:12:00Z","ts":1791555120,"severity":7,"source":"nws_live","url":"https://api.weather.gov/alerts/urn:oid:2.49.0.1.840.0.db0ee09963865ffdf0ebfdd854335cdca59315da.001.1","layer":"weather_alerts","event":"Flood Warning","nws_severity":"Severe","area":"Okaloosa, FL"}},{"type":"Feature","geometry":{"type":"Point","coordinates":[-86.97571,30.81]},"properties":{"title":"Flood Warning issued October 9 at 9:05AM CDT until October 13 at 2:20AM CDT by NWS Mobile AL","summary":"...The Flood Warning is extended for the following rivers in Florida... Big Coldwater Creek Near Milton affecting Okaloosa and Santa Rosa Counties. For the Big Coldwater Creek...including Milton, Harold...Minor flooding is forecast. * WHAT…","date":"2026-10-09T14:05:00Z","ts":1791554700,"severity":7,"source":"nws_live","url":"https://api.weather.gov/alerts/urn:oid:2.49.0.1.840.0.569dae8532beef836d16028e405d251364005844.001.1","layer":"weather_alerts","event":"Flood Warning","nws_severity":"Severe","area":"Okaloosa, FL; Santa Rosa, FL"}},{"type":"Feature","geometry":{"type":"Point","coordinates":[-90.69857,41.83714]},"properties":{"title":"Flood Warning issued October 9 at 8:23AM CDT until October 13 at 7:30AM CDT by NWS Quad Cities IA IL","summary":"...The Flood Warning is extended for the following rivers in Iowa... Wapsipinicon River near De Witt 4S affecting Clinton and Scott Counties. * WHAT...Major flooding is occurring. * WHERE...Wapsipinicon River near De Witt 4S. * WHEN...Unti…","date":"2026-10-09T13:23:00Z","ts":1791552180,"severity":7,"source":"nws_live","url":"https://api.weather.gov/alerts/urn:oid:2.49.0.1.840.0.4ce1bd2cdd229f8a2eeed453b47f235aa8d95996.001.1","layer":"weather_alerts","event":"Flood Warning","nws_severity":"Severe","area":"Clinton, IA; Scott, IA"}},{"type":"Feature","geometry":{"type":"Point","coordinates":[-81.536,29.186]},"properties":{"title":"Flood Warning issued October 9 at 8:52AM EDT by NWS Melbourne FL","summary":"...Forecast flooding changed from Minor to Moderate severity for the following rivers in Florida... St Johns River Near Astor affecting Lake and Volusia Counties. .The St Johns River at Astor has reached Moderate Flood Stage due to northea…","date":"2026-10-09T12:52:00Z","ts":1791550320,"severity":7,"source":"nws_live","url":"https://api.weather.gov/alerts/urn:oid:2.49.0.1.840.0.8a3dd7595a5686c7b226150184ef3ef916f9c33d.001.1","layer":"weather_alerts","event":"Flood Warning","nws_severity":"Severe","area":"Lake, FL; Volusia, FL"}}]}