{
  "type": "FeatureCollection",
  "features": [
    {
      "type": "Feature",
      "geometry": {
        "type": "Point",
        "coordinates": [
          126.5,
          28.3
        ]
      },
      "properties": {
        "title": "Orange notification for tropical cyclone SAUDEL-26. Population affected by Category 1 (120 km/h) win",
        "summary": "Orange notification for tropical cyclone SAUDEL-26. Population affected by Category 1 (120 km/h) wind speeds or higher is 7.679 million .",
        "date": "2026-08-26",
        "severity": 6,
        "source": "gdacs"
      }
    },
    {
      "type": "Feature",
      "geometry": {
        "type": "Point",
        "coordinates": [
          21.167070508537588,
          44.86779445139911
        ]
      },
      "properties": {
        "title": "Orange forest fire notification in Serbia",
        "summary": "Orange forest fire notification in Serbia",
        "date": "2026-08-26",
        "severity": 6,
        "source": "gdacs"
      }
    },
    {
      "type": "Feature",
      "geometry": {
        "type": "Point",
        "coordinates": [
          121.6028516,
          23.9953651
        ]
      },
      "properties": {
        "title": "Orange flood alert in China",
        "summary": "Orange flood alert in China",
        "date": "2026-08-26",
        "severity": 6,
        "source": "gdacs"
      }
    },
    {
      "type": "Feature",
      "geometry": {
        "type": "Point",
        "coordinates": [
          29.989,
          52.848
        ]
      },
      "properties": {
        "title": "FIRMS thermal: FRP 2.68 MW",
        "summary": "VIIRS S-NPP NRT, sat N, acquired 2026-08-25 0026Z, FRP 2.68 MW",
        "date": "2026-08-25",
        "severity": 3,
        "source": "firms"
      }
    },
    {
      "type": "Feature",
      "geometry": {
        "type": "Point",
        "coordinates": [
          32.874,
          52.329
        ]
      },
      "properties": {
        "title": "FIRMS thermal: FRP 2.27 MW",
        "summary": "VIIRS S-NPP NRT, sat N, acquired 2026-08-25 0026Z, FRP 2.27 MW",
        "date": "2026-08-25",
        "severity": 3,
        "source": "firms"
      }
    },
    {
      "type": "Feature",
      "geometry": {
        "type": "Point",
        "coordinates": [
          29.988,
          52.845
        ]
      },
      "properties": {
        "title": "FIRMS thermal: FRP 2.68 MW",
        "summary": "VIIRS S-NPP NRT, sat N, acquired 2026-08-25 0026Z, FRP 2.68 MW",
        "date": "2026-08-25",
        "severity": 3,
        "source": "firms"
      }
    },
    {
      "type": "Feature",
      "geometry": {
        "type": "Point",
        "coordinates": [
          32.65,
          52.331
        ]
      },
      "properties": {
        "title": "FIRMS thermal: FRP 2.24 MW",
        "summary": "VIIRS S-NPP NRT, sat N, acquired 2026-08-25 0026Z, FRP 2.24 MW",
        "date": "2026-08-25",
        "severity": 3,
        "source": "firms"
      }
    },
    {
      "type": "Feature",
      "geometry": {
        "type": "Point",
        "coordinates": [
          34.276,
          51.926
        ]
      },
      "properties": {
        "title": "FIRMS thermal: FRP 2.85 MW",
        "summary": "VIIRS S-NPP NRT, sat N, acquired 2026-08-25 0026Z, FRP 2.85 MW",
        "date": "2026-08-25",
        "severity": 3,
        "source": "firms"
      }
    },
    {
      "type": "Feature",
      "geometry": {
        "type": "Point",
        "coordinates": [
          34.263,
          51.929
        ]
      },
      "properties": {
        "title": "FIRMS thermal: FRP 4.87 MW",
        "summary": "VIIRS S-NPP NRT, sat N, acquired 2026-08-25 0026Z, FRP 4.87 MW",
        "date": "2026-08-25",
        "severity": 4,
        "source": "firms"
      }
    },
    {
      "type": "Feature",
      "geometry": {
        "type": "Point",
        "coordinates": [
          34.274,
          51.923
        ]
      },
      "properties": {
        "title": "FIRMS thermal: FRP 2.85 MW",
        "summary": "VIIRS S-NPP NRT, sat N, acquired 2026-08-25 0026Z, FRP 2.85 MW",
        "date": "2026-08-25",
        "severity": 3,
        "source": "firms"
      }
    },
    {
      "type": "Feature",
      "geometry": {
        "type": "Point",
        "coordinates": [
          32.28,
          51.773
        ]
      },
      "properties": {
        "title": "FIRMS thermal: FRP 16.62 MW",
        "summary": "VIIRS S-NPP NRT, sat N, acquired 2026-08-25 0026Z, FRP 16.62 MW",
        "date": "2026-08-25",
        "severity": 8,
        "source": "firms"
      }
    },
    {
      "type": "Feature",
      "geometry": {
        "type": "Point",
        "coordinates": [
          32.279,
          51.77
        ]
      },
      "properties": {
        "title": "FIRMS thermal: FRP 16.62 MW",
        "summary": "VIIRS S-NPP NRT, sat N, acquired 2026-08-25 0026Z, FRP 16.62 MW",
        "date": "2026-08-25",
        "severity": 8,
        "source": "firms"
      }
    },
    {
      "type": "Feature",
      "geometry": {
        "type": "Point",
        "coordinates": [
          29.344,
          51.893
        ]
      },
      "properties": {
        "title": "FIRMS thermal: FRP 2.27 MW",
        "summary": "VIIRS S-NPP NRT, sat N, acquired 2026-08-25 0026Z, FRP 2.27 MW",
        "date": "2026-08-25",
        "severity": 3,
        "source": "firms"
      }
    },
    {
      "type": "Feature",
      "geometry": {
        "type": "Point",
        "coordinates": [
          29.338,
          51.894
        ]
      },
      "properties": {
        "title": "FIRMS thermal: FRP 2.27 MW",
        "summary": "VIIRS S-NPP NRT, sat N, acquired 2026-08-25 0026Z, FRP 2.27 MW",
        "date": "2026-08-25",
        "severity": 3,
        "source": "firms"
      }
    },
    {
      "type": "Feature",
      "geometry": {
        "type": "Point",
        "coordinates": [
          29.337,
          51.891
        ]
      },
      "properties": {
        "title": "FIRMS thermal: FRP 2.27 MW",
        "summary": "VIIRS S-NPP NRT, sat N, acquired 2026-08-25 0026Z, FRP 2.27 MW",
        "date": "2026-08-25",
        "severity": 3,
        "source": "firms"
      }
    },
    {
      "type": "Feature",
      "geometry": {
        "type": "Point",
        "coordinates": [
          30.379,
          51.017
        ]
      },
      "properties": {
        "title": "FIRMS thermal: FRP 7.75 MW",
        "summary": "VIIRS S-NPP NRT, sat N, acquired 2026-08-25 0026Z, FRP 7.75 MW",
        "date": "2026-08-25",
        "severity": 5,
        "source": "firms"
      }
    },
    {
      "type": "Feature",
      "geometry": {
        "type": "Point",
        "coordinates": [
          30.385,
          51.016
        ]
      },
      "properties": {
        "title": "FIRMS thermal: FRP 7.75 MW",
        "summary": "VIIRS S-NPP NRT, sat N, acquired 2026-08-25 0026Z, FRP 7.75 MW",
        "date": "2026-08-25",
        "severity": 5,
        "source": "firms"
      }
    },
    {
      "type": "Feature",
      "geometry": {
        "type": "Point",
        "coordinates": [
          30.39,
          51.015
        ]
      },
      "properties": {
        "title": "FIRMS thermal: FRP 6.55 MW",
        "summary": "VIIRS S-NPP NRT, sat N, acquired 2026-08-25 0026Z, FRP 6.55 MW",
        "date": "2026-08-25",
        "severity": 5,
        "source": "firms"
      }
    },
    {
      "type": "Feature",
      "geometry": {
        "type": "Point",
        "coordinates": [
          30.401,
          51.013
        ]
      },
      "properties": {
        "title": "FIRMS thermal: FRP 2.05 MW",
        "summary": "VIIRS S-NPP NRT, sat N, acquired 2026-08-25 0026Z, FRP 2.05 MW",
        "date": "2026-08-25",
        "severity": 3,
        "source": "firms"
      }
    },
    {
      "type": "Feature",
      "geometry": {
        "type": "Point",
        "coordinates": [
          30.396,
          51.014
        ]
      },
      "properties": {
        "title": "FIRMS thermal: FRP 6.55 MW",
        "summary": "VIIRS S-NPP NRT, sat N, acquired 2026-08-25 0026Z, FRP 6.55 MW",
        "date": "2026-08-25",
        "severity": 5,
        "source": "firms"
      }
    },
    {
      "type": "Feature",
      "geometry": {
        "type": "Point",
        "coordinates": [
          30.407,
          51.012
        ]
      },
      "properties": {
        "title": "FIRMS thermal: FRP 2.05 MW",
        "summary": "VIIRS S-NPP NRT, sat N, acquired 2026-08-25 0026Z, FRP 2.05 MW",
        "date": "2026-08-25",
        "severity": 3,
        "source": "firms"
      }
    },
    {
      "type": "Feature",
      "geometry": {
        "type": "Point",
        "coordinates": [
          30.405,
          51.009
        ]
      },
      "properties": {
        "title": "FIRMS thermal: FRP 3.63 MW",
        "summary": "VIIRS S-NPP NRT, sat N, acquired 2026-08-25 0026Z, FRP 3.63 MW",
        "date": "2026-08-25",
        "severity": 4,
        "source": "firms"
      }
    },
    {
      "type": "Feature",
      "geometry": {
        "type": "Point",
        "coordinates": [
          30.4,
          51.01
        ]
      },
      "properties": {
        "title": "FIRMS thermal: FRP 3.63 MW",
        "summary": "VIIRS S-NPP NRT, sat N, acquired 2026-08-25 0026Z, FRP 3.63 MW",
        "date": "2026-08-25",
        "severity": 4,
        "source": "firms"
      }
    },
    {
      "type": "Feature",
      "geometry": {
        "type": "Point",
        "coordinates": [
          29.186,
          51.211
        ]
      },
      "properties": {
        "title": "FIRMS thermal: FRP 2.81 MW",
        "summary": "VIIRS S-NPP NRT, sat N, acquired 2026-08-25 0026Z, FRP 2.81 MW",
        "date": "2026-08-25",
        "severity": 3,
        "source": "firms"
      }
    },
    {
      "type": "Feature",
      "geometry": {
        "type": "Point",
        "coordinates": [
          30.38,
          51.006
        ]
      },
      "properties": {
        "title": "FIRMS thermal: FRP 3.34 MW",
        "summary": "VIIRS S-NPP NRT, sat N, acquired 2026-08-25 0026Z, FRP 3.34 MW",
        "date": "2026-08-25",
        "severity": 4,
        "source": "firms"
      }
    },
    {
      "type": "Feature",
      "geometry": {
        "type": "Point",
        "coordinates": [
          30.386,
          51.005
        ]
      },
      "properties": {
        "title": "FIRMS thermal: FRP 2.12 MW",
        "summary": "VIIRS S-NPP NRT, sat N, acquired 2026-08-25 0026Z, FRP 2.12 MW",
        "date": "2026-08-25",
        "severity": 3,
        "source": "firms"
      }
    },
    {
      "type": "Feature",
      "geometry": {
        "type": "Point",
        "coordinates": [
          29.185,
          51.208
        ]
      },
      "properties": {
        "title": "FIRMS thermal: FRP 2.81 MW",
        "summary": "VIIRS S-NPP NRT, sat N, acquired 2026-08-25 0026Z, FRP 2.81 MW",
        "date": "2026-08-25",
        "severity": 3,
        "source": "firms"
      }
    },
    {
      "type": "Feature",
      "geometry": {
        "type": "Point",
        "coordinates": [
          30.379,
          51.003
        ]
      },
      "properties": {
        "title": "FIRMS thermal: FRP 3.34 MW",
        "summary": "VIIRS S-NPP NRT, sat N, acquired 2026-08-25 0026Z, FRP 3.34 MW",
        "date": "2026-08-25",
        "severity": 4,
        "source": "firms"
      }
    },
    {
      "type": "Feature",
      "geometry": {
        "type": "Point",
        "coordinates": [
          30.384,
          51.002
        ]
      },
      "properties": {
        "title": "FIRMS thermal: FRP 2.12 MW",
        "summary": "VIIRS S-NPP NRT, sat N, acquired 2026-08-25 0026Z, FRP 2.12 MW",
        "date": "2026-08-25",
        "severity": 3,
        "source": "firms"
      }
    },
    {
      "type": "Feature",
      "geometry": {
        "type": "Point",
        "coordinates": [
          32.684,
          49.006
        ]
      },
      "properties": {
        "title": "FIRMS thermal: FRP 2.2 MW",
        "summary": "VIIRS S-NPP NRT, sat N, acquired 2026-08-25 0028Z, FRP 2.2 MW",
        "date": "2026-08-25",
        "severity": 3,
        "source": "firms"
      }
    },
    {
      "type": "Feature",
      "geometry": {
        "type": "Point",
        "coordinates": [
          34.641,
          48.535
        ]
      },
      "properties": {
        "title": "FIRMS thermal: FRP 2.68 MW",
        "summary": "VIIRS S-NPP NRT, sat N, acquired 2026-08-25 0028Z, FRP 2.68 MW",
        "date": "2026-08-25",
        "severity": 3,
        "source": "firms"
      }
    },
    {
      "type": "Feature",
      "geometry": {
        "type": "Point",
        "coordinates": [
          24.713,
          48.977
        ]
      },
      "properties": {
        "title": "FIRMS thermal: FRP 2.43 MW",
        "summary": "VIIRS S-NPP NRT, sat N, acquired 2026-08-25 0028Z, FRP 2.43 MW",
        "date": "2026-08-25",
        "severity": 3,
        "source": "firms"
      }
    },
    {
      "type": "Feature",
      "geometry": {
        "type": "Point",
        "coordinates": [
          23.031,
          48.185
        ]
      },
      "properties": {
        "title": "FIRMS thermal: FRP 38.68 MW",
        "summary": "VIIRS S-NPP NRT, sat N, acquired 2026-08-25 0028Z, FRP 38.68 MW",
        "date": "2026-08-25",
        "severity": 8,
        "source": "firms"
      }
    },
    {
      "type": "Feature",
      "geometry": {
        "type": "Point",
        "coordinates": [
          23.03,
          48.181
        ]
      },
      "properties": {
        "title": "FIRMS thermal: FRP 38.68 MW",
        "summary": "VIIRS S-NPP NRT, sat N, acquired 2026-08-25 0028Z, FRP 38.68 MW",
        "date": "2026-08-25",
        "severity": 8,
        "source": "firms"
      }
    },
    {
      "type": "Feature",
      "geometry": {
        "type": "Point",
        "coordinates": [
          23.023,
          48.179
        ]
      },
      "properties": {
        "title": "FIRMS thermal: FRP 11.4 MW",
        "summary": "VIIRS S-NPP NRT, sat N, acquired 2026-08-25 0028Z, FRP 11.4 MW",
        "date": "2026-08-25",
        "severity": 6,
        "source": "firms"
      }
    },
    {
      "type": "Feature",
      "geometry": {
        "type": "Point",
        "coordinates": [
          23.029,
          48.178
        ]
      },
      "properties": {
        "title": "FIRMS thermal: FRP 11.4 MW",
        "summary": "VIIRS S-NPP NRT, sat N, acquired 2026-08-25 0028Z, FRP 11.4 MW",
        "date": "2026-08-25",
        "severity": 6,
        "source": "firms"
      }
    },
    {
      "type": "Feature",
      "geometry": {
        "type": "Point",
        "coordinates": [
          23.022,
          48.175
        ]
      },
      "properties": {
        "title": "FIRMS thermal: FRP 11.4 MW",
        "summary": "VIIRS S-NPP NRT, sat N, acquired 2026-08-25 0028Z, FRP 11.4 MW",
        "date": "2026-08-25",
        "severity": 6,
        "source": "firms"
      }
    },
    {
      "type": "Feature",
      "geometry": {
        "type": "Point",
        "coordinates": [
          34.127,
          44.531
        ]
      },
      "properties": {
        "title": "FIRMS thermal: FRP 3.14 MW",
        "summary": "VIIRS S-NPP NRT, sat N, acquired 2026-08-25 0028Z, FRP 3.14 MW",
        "date": "2026-08-25",
        "severity": 4,
        "source": "firms"
      }
    },
    {
      "type": "Feature",
      "geometry": {
        "type": "Point",
        "coordinates": [
          34.125,
          44.527
        ]
      },
      "properties": {
        "title": "FIRMS thermal: FRP 3.14 MW",
        "summary": "VIIRS S-NPP NRT, sat N, acquired 2026-08-25 0028Z, FRP 3.14 MW",
        "date": "2026-08-25",
        "severity": 4,
        "source": "firms"
      }
    },
    {
      "type": "Feature",
      "geometry": {
        "type": "Point",
        "coordinates": [
          22.086,
          45.368
        ]
      },
      "properties": {
        "title": "FIRMS thermal: FRP 2.49 MW",
        "summary": "VIIRS S-NPP NRT, sat N, acquired 2026-08-25 0028Z, FRP 2.49 MW",
        "date": "2026-08-25",
        "severity": 3,
        "source": "firms"
      }
    },
    {
      "type": "Feature",
      "geometry": {
        "type": "Point",
        "coordinates": [
          22.085,
          45.365
        ]
      },
      "properties": {
        "title": "FIRMS thermal: FRP 2.49 MW",
        "summary": "VIIRS S-NPP NRT, sat N, acquired 2026-08-25 0028Z, FRP 2.49 MW",
        "date": "2026-08-25",
        "severity": 3,
        "source": "firms"
      }
    },
    {
      "type": "Feature",
      "geometry": {
        "type": "Point",
        "coordinates": [
          26.259,
          50.544
        ]
      },
      "properties": {
        "title": "FIRMS thermal: FRP 2.08 MW",
        "summary": "VIIRS S-NPP NRT, sat N, acquired 2026-08-25 0206Z, FRP 2.08 MW",
        "date": "2026-08-25",
        "severity": 3,
        "source": "firms"
      }
    },
    {
      "type": "Feature",
      "geometry": {
        "type": "Point",
        "coordinates": [
          23.029,
          48.184
        ]
      },
      "properties": {
        "title": "FIRMS thermal: FRP 8.91 MW",
        "summary": "VIIRS S-NPP NRT, sat N, acquired 2026-08-25 0209Z, FRP 8.91 MW",
        "date": "2026-08-25",
        "severity": 5,
        "source": "firms"
      }
    },
    {
      "type": "Feature",
      "geometry": {
        "type": "Point",
        "coordinates": [
          23.038,
          48.18
        ]
      },
      "properties": {
        "title": "FIRMS thermal: FRP 8.91 MW",
        "summary": "VIIRS S-NPP NRT, sat N, acquired 2026-08-25 0209Z, FRP 8.91 MW",
        "date": "2026-08-25",
        "severity": 5,
        "source": "firms"
      }
    },
    {
      "type": "Feature",
      "geometry": {
        "type": "Point",
        "coordinates": [
          23.025,
          48.177
        ]
      },
      "properties": {
        "title": "FIRMS thermal: FRP 8.91 MW",
        "summary": "VIIRS S-NPP NRT, sat N, acquired 2026-08-25 0209Z, FRP 8.91 MW",
        "date": "2026-08-25",
        "severity": 5,
        "source": "firms"
      }
    },
    {
      "type": "Feature",
      "geometry": {
        "type": "Point",
        "coordinates": [
          23.016,
          48.18
        ]
      },
      "properties": {
        "title": "FIRMS thermal: FRP 16.43 MW",
        "summary": "VIIRS S-NPP NRT, sat N, acquired 2026-08-25 0209Z, FRP 16.43 MW",
        "date": "2026-08-25",
        "severity": 8,
        "source": "firms"
      }
    },
    {
      "type": "Feature",
      "geometry": {
        "type": "Point",
        "coordinates": [
          23.033,
          48.174
        ]
      },
      "properties": {
        "title": "FIRMS thermal: FRP 8.91 MW",
        "summary": "VIIRS S-NPP NRT, sat N, acquired 2026-08-25 0209Z, FRP 8.91 MW",
        "date": "2026-08-25",
        "severity": 5,
        "source": "firms"
      }
    },
    {
      "type": "Feature",
      "geometry": {
        "type": "Point",
        "coordinates": [
          23.034,
          48.183
        ]
      },
      "properties": {
        "title": "FIRMS thermal: FRP 7.35 MW",
        "summary": "VIIRS S-NPP NRT, sat N, acquired 2026-08-25 0209Z, FRP 7.35 MW",
        "date": "2026-08-25",
        "severity": 5,
        "source": "firms"
      }
    },
    {
      "type": "Feature",
      "geometry": {
        "type": "Point",
        "coordinates": [
          23.025,
          48.186
        ]
      },
      "properties": {
        "title": "FIRMS thermal: FRP 7.35 MW",
        "summary": "VIIRS S-NPP NRT, sat N, acquired 2026-08-25 0209Z, FRP 7.35 MW",
        "date": "2026-08-25",
        "severity": 5,
        "source": "firms"
      }
    },
    {
      "type": "Feature",
      "geometry": {
        "type": "Point",
        "coordinates": [
          23.03,
          48.176
        ]
      },
      "properties": {
        "title": "FIRMS thermal: FRP 25.26 MW",
        "summary": "VIIRS S-NPP NRT, sat N, acquired 2026-08-25 0209Z, FRP 25.26 MW",
        "date": "2026-08-25",
        "severity": 8,
        "source": "firms"
      }
    },
    {
      "type": "Feature",
      "geometry": {
        "type": "Point",
        "coordinates": [
          34.13,
          44.532
        ]
      },
      "properties": {
        "title": "FIRMS thermal: FRP 17.68 MW",
        "summary": "VIIRS S-NPP NRT, sat N, acquired 2026-08-25 1011Z, FRP 17.68 MW",
        "date": "2026-08-25",
        "severity": 8,
        "source": "firms"
      }
    },
    {
      "type": "Feature",
      "geometry": {
        "type": "Point",
        "coordinates": [
          34.125,
          44.531
        ]
      },
      "properties": {
        "title": "FIRMS thermal: FRP 4.97 MW",
        "summary": "VIIRS S-NPP NRT, sat N, acquired 2026-08-25 1011Z, FRP 4.97 MW",
        "date": "2026-08-25",
        "severity": 4,
        "source": "firms"
      }
    },
    {
      "type": "Feature",
      "geometry": {
        "type": "Point",
        "coordinates": [
          34.132,
          44.533
        ]
      },
      "properties": {
        "title": "FIRMS thermal: FRP 11.08 MW",
        "summary": "VIIRS S-NPP NRT, sat N, acquired 2026-08-25 1011Z, FRP 11.08 MW",
        "date": "2026-08-25",
        "severity": 6,
        "source": "firms"
      }
    },
    {
      "type": "Feature",
      "geometry": {
        "type": "Point",
        "coordinates": [
          34.128,
          44.532
        ]
      },
      "properties": {
        "title": "FIRMS thermal: FRP 10.51 MW",
        "summary": "VIIRS S-NPP NRT, sat N, acquired 2026-08-25 1011Z, FRP 10.51 MW",
        "date": "2026-08-25",
        "severity": 6,
        "source": "firms"
      }
    },
    {
      "type": "Feature",
      "geometry": {
        "type": "Point",
        "coordinates": [
          34.224,
          45.866
        ]
      },
      "properties": {
        "title": "FIRMS thermal: FRP 2.89 MW",
        "summary": "VIIRS S-NPP NRT, sat N, acquired 2026-08-25 1013Z, FRP 2.89 MW",
        "date": "2026-08-25",
        "severity": 3,
        "source": "firms"
      }
    },
    {
      "type": "Feature",
      "geometry": {
        "type": "Point",
        "coordinates": [
          31.674,
          45.257
        ]
      },
      "properties": {
        "title": "FIRMS thermal: FRP 7.46 MW",
        "summary": "VIIRS S-NPP NRT, sat N, acquired 2026-08-25 1013Z, FRP 7.46 MW",
        "date": "2026-08-25",
        "severity": 5,
        "source": "firms"
      }
    },
    {
      "type": "Feature",
      "geometry": {
        "type": "Point",
        "coordinates": [
          34.777,
          46.427
        ]
      },
      "properties": {
        "title": "FIRMS thermal: FRP 26.64 MW",
        "summary": "VIIRS S-NPP NRT, sat N, acquired 2026-08-25 1013Z, FRP 26.64 MW",
        "date": "2026-08-25",
        "severity": 8,
        "source": "firms"
      }
    },
    {
      "type": "Feature",
      "geometry": {
        "type": "Point",
        "coordinates": [
          33.994,
          46.331
        ]
      },
      "properties": {
        "title": "FIRMS thermal: FRP 8.86 MW",
        "summary": "VIIRS S-NPP NRT, sat N, acquired 2026-08-25 1013Z, FRP 8.86 MW",
        "date": "2026-08-25",
        "severity": 5,
        "source": "firms"
      }
    },
    {
      "type": "Feature",
      "geometry": {
        "type": "Point",
        "coordinates": [
          33.982,
          46.332
        ]
      },
      "properties": {
        "title": "FIRMS thermal: FRP 6.47 MW",
        "summary": "VIIRS S-NPP NRT, sat N, acquired 2026-08-25 1013Z, FRP 6.47 MW",
        "date": "2026-08-25",
        "severity": 5,
        "source": "firms"
      }
    },
    {
      "type": "Feature",
      "geometry": {
        "type": "Point",
        "coordinates": [
          34.806,
          46.562
        ]
      },
      "properties": {
        "title": "FIRMS thermal: FRP 23.52 MW",
        "summary": "VIIRS S-NPP NRT, sat N, acquired 2026-08-25 1013Z, FRP 23.52 MW",
        "date": "2026-08-25",
        "severity": 8,
        "source": "firms"
      }
    },
    {
      "type": "Feature",
      "geometry": {
        "type": "Point",
        "coordinates": [
          34.705,
          46.585
        ]
      },
      "properties": {
        "title": "FIRMS thermal: FRP 5.41 MW",
        "summary": "VIIRS S-NPP NRT, sat N, acquired 2026-08-25 1013Z, FRP 5.41 MW",
        "date": "2026-08-25",
        "severity": 4,
        "source": "firms"
      }
    },
    {
      "type": "Feature",
      "geometry": {
        "type": "Point",
        "coordinates": [
          34.308,
          46.513
        ]
      },
      "properties": {
        "title": "FIRMS thermal: FRP 5.95 MW",
        "summary": "VIIRS S-NPP NRT, sat N, acquired 2026-08-25 1013Z, FRP 5.95 MW",
        "date": "2026-08-25",
        "severity": 4,
        "source": "firms"
      }
    },
    {
      "type": "Feature",
      "geometry": {
        "type": "Point",
        "coordinates": [
          34.245,
          46.508
        ]
      },
      "properties": {
        "title": "FIRMS thermal: FRP 6.36 MW",
        "summary": "VIIRS S-NPP NRT, sat N, acquired 2026-08-25 1013Z, FRP 6.36 MW",
        "date": "2026-08-25",
        "severity": 5,
        "source": "firms"
      }
    },
    {
      "type": "Feature",
      "geometry": {
        "type": "Point",
        "coordinates": [
          34.25,
          46.509
        ]
      },
      "properties": {
        "title": "FIRMS thermal: FRP 6.36 MW",
        "summary": "VIIRS S-NPP NRT, sat N, acquired 2026-08-25 1013Z, FRP 6.36 MW",
        "date": "2026-08-25",
        "severity": 5,
        "source": "firms"
      }
    },
    {
      "type": "Feature",
      "geometry": {
        "type": "Point",
        "coordinates": [
          34.405,
          46.611
        ]
      },
      "properties": {
        "title": "FIRMS thermal: FRP 10.65 MW",
        "summary": "VIIRS S-NPP NRT, sat N, acquired 2026-08-25 1013Z, FRP 10.65 MW",
        "date": "2026-08-25",
        "severity": 6,
        "source": "firms"
      }
    },
    {
      "type": "Feature",
      "geometry": {
        "type": "Point",
        "coordinates": [
          34.406,
          46.609
        ]
      },
      "properties": {
        "title": "FIRMS thermal: FRP 12.37 MW",
        "summary": "VIIRS S-NPP NRT, sat N, acquired 2026-08-25 1013Z, FRP 12.37 MW",
        "date": "2026-08-25",
        "severity": 7,
        "source": "firms"
      }
    },
    {
      "type": "Feature",
      "geometry": {
        "type": "Point",
        "coordinates": [
          34.502,
          46.69
        ]
      },
      "properties": {
        "title": "FIRMS thermal: FRP 7.44 MW",
        "summary": "VIIRS S-NPP NRT, sat N, acquired 2026-08-25 1013Z, FRP 7.44 MW",
        "date": "2026-08-25",
        "severity": 5,
        "source": "firms"
      }
    },
    {
      "type": "Feature",
      "geometry": {
        "type": "Point",
        "coordinates": [
          34.5,
          46.693
        ]
      },
      "properties": {
        "title": "FIRMS thermal: FRP 10.42 MW",
        "summary": "VIIRS S-NPP NRT, sat N, acquired 2026-08-25 1013Z, FRP 10.42 MW",
        "date": "2026-08-25",
        "severity": 6,
        "source": "firms"
      }
    },
    {
      "type": "Feature",
      "geometry": {
        "type": "Point",
        "coordinates": [
          34.493,
          46.692
        ]
      },
      "properties": {
        "title": "FIRMS thermal: FRP 6.08 MW",
        "summary": "VIIRS S-NPP NRT, sat N, acquired 2026-08-25 1013Z, FRP 6.08 MW",
        "date": "2026-08-25",
        "severity": 5,
        "source": "firms"
      }
    },
    {
      "type": "Feature",
      "geometry": {
        "type": "Point",
        "coordinates": [
          29.647,
          45.537
        ]
      },
      "properties": {
        "title": "FIRMS thermal: FRP 23.36 MW",
        "summary": "VIIRS S-NPP NRT, sat N, acquired 2026-08-25 1013Z, FRP 23.36 MW",
        "date": "2026-08-25",
        "severity": 8,
        "source": "firms"
      }
    },
    {
      "type": "Feature",
      "geometry": {
        "type": "Point",
        "coordinates": [
          29.648,
          45.535
        ]
      },
      "properties": {
        "title": "FIRMS thermal: FRP 26.68 MW",
        "summary": "VIIRS S-NPP NRT, sat N, acquired 2026-08-25 1013Z, FRP 26.68 MW",
        "date": "2026-08-25",
        "severity": 8,
        "source": "firms"
      }
    },
    {
      "type": "Feature",
      "geometry": {
        "type": "Point",
        "coordinates": [
          34.022,
          46.639
        ]
      },
      "properties": {
        "title": "FIRMS thermal: FRP 18.8 MW",
        "summary": "VIIRS S-NPP NRT, sat N, acquired 2026-08-25 1013Z, FRP 18.8 MW",
        "date": "2026-08-25",
        "severity": 8,
        "source": "firms"
      }
    },
    {
      "type": "Feature",
      "geometry": {
        "type": "Point",
        "coordinates": [
          34.017,
          46.638
        ]
      },
      "properties": {
        "title": "FIRMS thermal: FRP 18.8 MW",
        "summary": "VIIRS S-NPP NRT, sat N, acquired 2026-08-25 1013Z, FRP 18.8 MW",
        "date": "2026-08-25",
        "severity": 8,
        "source": "firms"
      }
    },
    {
      "type": "Feature",
      "geometry": {
        "type": "Point",
        "coordinates": [
          33.919,
          46.637
        ]
      },
      "properties": {
        "title": "FIRMS thermal: FRP 5.07 MW",
        "summary": "VIIRS S-NPP NRT, sat N, acquired 2026-08-25 1013Z, FRP 5.07 MW",
        "date": "2026-08-25",
        "severity": 4,
        "source": "firms"
      }
    },
    {
      "type": "Feature",
      "geometry": {
        "type": "Point",
        "coordinates": [
          32.589,
          46.348
        ]
      },
      "properties": {
        "title": "FIRMS thermal: FRP 5.31 MW",
        "summary": "VIIRS S-NPP NRT, sat N, acquired 2026-08-25 1013Z, FRP 5.31 MW",
        "date": "2026-08-25",
        "severity": 4,
        "source": "firms"
      }
    },
    {
      "type": "Feature",
      "geometry": {
        "type": "Point",
        "coordinates": [
          34.408,
          46.772
        ]
      },
      "properties": {
        "title": "FIRMS thermal: FRP 14.15 MW",
        "summary": "VIIRS S-NPP NRT, sat N, acquired 2026-08-25 1013Z, FRP 14.15 MW",
        "date": "2026-08-25",
        "severity": 7,
        "source": "firms"
      }
    },
    {
      "type": "Feature",
      "geometry": {
        "type": "Point",
        "coordinates": [
          32.598,
          46.354
        ]
      },
      "properties": {
        "title": "FIRMS thermal: FRP 5.28 MW",
        "summary": "VIIRS S-NPP NRT, sat N, acquired 2026-08-25 1013Z, FRP 5.28 MW",
        "date": "2026-08-25",
        "severity": 4,
        "source": "firms"
      }
    },
    {
      "type": "Feature",
      "geometry": {
        "type": "Point",
        "coordinates": [
          32.593,
          46.353
        ]
      },
      "properties": {
        "title": "FIRMS thermal: FRP 5.28 MW",
        "summary": "VIIRS S-NPP NRT, sat N, acquired 2026-08-25 1013Z, FRP 5.28 MW",
        "date": "2026-08-25",
        "severity": 4,
        "source": "firms"
      }
    },
    {
      "type": "Feature",
      "geometry": {
        "type": "Point",
        "coordinates": [
          33.3,
          46.529
        ]
      },
      "properties": {
        "title": "FIRMS thermal: FRP 82.16 MW",
        "summary": "VIIRS S-NPP NRT, sat N, acquired 2026-08-25 1013Z, FRP 82.16 MW",
        "date": "2026-08-25",
        "severity": 8,
        "source": "firms"
      }
    },
    {
      "type": "Feature",
      "geometry": {
        "type": "Point",
        "coordinates": [
          34.328,
          46.809
        ]
      },
      "properties": {
        "title": "FIRMS thermal: FRP 11.77 MW",
        "summary": "VIIRS S-NPP NRT, sat N, acquired 2026-08-25 1013Z, FRP 11.77 MW",
        "date": "2026-08-25",
        "severity": 6,
        "source": "firms"
      }
    },
    {
      "type": "Feature",
      "geometry": {
        "type": "Point",
        "coordinates": [
          34.754,
          46.906
        ]
      },
      "properties": {
        "title": "FIRMS thermal: FRP 9.95 MW",
        "summary": "VIIRS S-NPP NRT, sat N, acquired 2026-08-25 1013Z, FRP 9.95 MW",
        "date": "2026-08-25",
        "severity": 6,
        "source": "firms"
      }
    },
    {
      "type": "Feature",
      "geometry": {
        "type": "Point",
        "coordinates": [
          34.754,
          46.903
        ]
      },
      "properties": {
        "title": "FIRMS thermal: FRP 5.89 MW",
        "summary": "VIIRS S-NPP NRT, sat N, acquired 2026-08-25 1013Z, FRP 5.89 MW",
        "date": "2026-08-25",
        "severity": 4,
        "source": "firms"
      }
    },
    {
      "type": "Feature",
      "geometry": {
        "type": "Point",
        "coordinates": [
          32.242,
          46.339
        ]
      },
      "properties": {
        "title": "FIRMS thermal: FRP 2.56 MW",
        "summary": "VIIRS S-NPP NRT, sat N, acquired 2026-08-25 1013Z, FRP 2.56 MW",
        "date": "2026-08-25",
        "severity": 3,
        "source": "firms"
      }
    },
    {
      "type": "Feature",
      "geometry": {
        "type": "Point",
        "coordinates": [
          32.296,
          46.399
        ]
      },
      "properties": {
        "title": "FIRMS thermal: FRP 6.38 MW",
        "summary": "VIIRS S-NPP NRT, sat N, acquired 2026-08-25 1013Z, FRP 6.38 MW",
        "date": "2026-08-25",
        "severity": 5,
        "source": "firms"
      }
    },
    {
      "type": "Feature",
      "geometry": {
        "type": "Point",
        "coordinates": [
          32.343,
          46.448
        ]
      },
      "properties": {
        "title": "FIRMS thermal: FRP 6.51 MW",
        "summary": "VIIRS S-NPP NRT, sat N, acquired 2026-08-25 1013Z, FRP 6.51 MW",
        "date": "2026-08-25",
        "severity": 5,
        "source": "firms"
      }
    },
    {
      "type": "Feature",
      "geometry": {
        "type": "Point",
        "coordinates": [
          32.33,
          46.449
        ]
      },
      "properties": {
        "title": "FIRMS thermal: FRP 21.33 MW",
        "summary": "VIIRS S-NPP NRT, sat N, acquired 2026-08-25 1013Z, FRP 21.33 MW",
        "date": "2026-08-25",
        "severity": 8,
        "source": "firms"
      }
    },
    {
      "type": "Feature",
      "geometry": {
        "type": "Point",
        "coordinates": [
          32.324,
          46.448
        ]
      },
      "properties": {
        "title": "FIRMS thermal: FRP 11.46 MW",
        "summary": "VIIRS S-NPP NRT, sat N, acquired 2026-08-25 1013Z, FRP 11.46 MW",
        "date": "2026-08-25",
        "severity": 6,
        "source": "firms"
      }
    },
    {
      "type": "Feature",
      "geometry": {
        "type": "Point",
        "coordinates": [
          32.864,
          46.581
        ]
      },
      "properties": {
        "title": "FIRMS thermal: FRP 2.38 MW",
        "summary": "VIIRS S-NPP NRT, sat N, acquired 2026-08-25 1013Z, FRP 2.38 MW",
        "date": "2026-08-25",
        "severity": 3,
        "source": "firms"
      }
    },
    {
      "type": "Feature",
      "geometry": {
        "type": "Point",
        "coordinates": [
          32.279,
          46.446
        ]
      },
      "properties": {
        "title": "FIRMS thermal: FRP 16.02 MW",
        "summary": "VIIRS S-NPP NRT, sat N, acquired 2026-08-25 1013Z, FRP 16.02 MW",
        "date": "2026-08-25",
        "severity": 8,
        "source": "firms"
      }
    },
    {
      "type": "Feature",
      "geometry": {
        "type": "Point",
        "coordinates": [
          32.967,
          46.619
        ]
      },
      "properties": {
        "title": "FIRMS thermal: FRP 3.34 MW",
        "summary": "VIIRS S-NPP NRT, sat N, acquired 2026-08-25 1013Z, FRP 3.34 MW",
        "date": "2026-08-25",
        "severity": 4,
        "source": "firms"
      }
    },
    {
      "type": "Feature",
      "geometry": {
        "type": "Point",
        "coordinates": [
          32.278,
          46.446
        ]
      },
      "properties": {
        "title": "FIRMS thermal: FRP 10.88 MW",
        "summary": "VIIRS S-NPP NRT, sat N, acquired 2026-08-25 1013Z, FRP 10.88 MW",
        "date": "2026-08-25",
        "severity": 6,
        "source": "firms"
      }
    },
    {
      "type": "Feature",
      "geometry": {
        "type": "Point",
        "coordinates": [
          32.967,
          46.618
        ]
      },
      "properties": {
        "title": "FIRMS thermal: FRP 3.3 MW",
        "summary": "VIIRS S-NPP NRT, sat N, acquired 2026-08-25 1013Z, FRP 3.3 MW",
        "date": "2026-08-25",
        "severity": 4,
        "source": "firms"
      }
    },
    {
      "type": "Feature",
      "geometry": {
        "type": "Point",
        "coordinates": [
          34.518,
          46.987
        ]
      },
      "properties": {
        "title": "FIRMS thermal: FRP 9.37 MW",
        "summary": "VIIRS S-NPP NRT, sat N, acquired 2026-08-25 1013Z, FRP 9.37 MW",
        "date": "2026-08-25",
        "severity": 6,
        "source": "firms"
      }
    },
    {
      "type": "Feature",
      "geometry": {
        "type": "Point",
        "coordinates": [
          34.511,
          46.985
        ]
      },
      "properties": {
        "title": "FIRMS thermal: FRP 9.37 MW",
        "summary": "VIIRS S-NPP NRT, sat N, acquired 2026-08-25 1013Z, FRP 9.37 MW",
        "date": "2026-08-25",
        "severity": 6,
        "source": "firms"
      }
    },
    {
      "type": "Feature",
      "geometry": {
        "type": "Point",
        "coordinates": [
          34.516,
          46.991
        ]
      },
      "properties": {
        "title": "FIRMS thermal: FRP 6.42 MW",
        "summary": "VIIRS S-NPP NRT, sat N, acquired 2026-08-25 1013Z, FRP 6.42 MW",
        "date": "2026-08-25",
        "severity": 5,
        "source": "firms"
      }
    },
    {
      "type": "Feature",
      "geometry": {
        "type": "Point",
        "coordinates": [
          32.59,
          46.555
        ]
      },
      "properties": {
        "title": "FIRMS thermal: FRP 4.38 MW",
        "summary": "VIIRS S-NPP NRT, sat N, acquired 2026-08-25 1013Z, FRP 4.38 MW",
        "date": "2026-08-25",
        "severity": 4,
        "source": "firms"
      }
    },
    {
      "type": "Feature",
      "geometry": {
        "type": "Point",
        "coordinates": [
          32.229,
          46.467
        ]
      },
      "properties": {
        "title": "FIRMS thermal: FRP 4.03 MW",
        "summary": "VIIRS S-NPP NRT, sat N, acquired 2026-08-25 1013Z, FRP 4.03 MW",
        "date": "2026-08-25",
        "severity": 4,
        "source": "firms"
      }
    },
    {
      "type": "Feature",
      "geometry": {
        "type": "Point",
        "coordinates": [
          33.346,
          46.738
        ]
      },
      "properties": {
        "title": "FIRMS thermal: FRP 7.27 MW",
        "summary": "VIIRS S-NPP NRT, sat N, acquired 2026-08-25 1013Z, FRP 7.27 MW",
        "date": "2026-08-25",
        "severity": 5,
        "source": "firms"
      }
    },
    {
      "type": "Feature",
      "geometry": {
        "type": "Point",
        "coordinates": [
          33.674,
          46.884
        ]
      },
      "properties": {
        "title": "FIRMS thermal: FRP 6.63 MW",
        "summary": "VIIRS S-NPP NRT, sat N, acquired 2026-08-25 1013Z, FRP 6.63 MW",
        "date": "2026-08-25",
        "severity": 5,
        "source": "firms"
      }
    },
    {
      "type": "Feature",
      "geometry": {
        "type": "Point",
        "coordinates": [
          32.545,
          46.652
        ]
      },
      "properties": {
        "title": "FIRMS thermal: FRP 9.02 MW",
        "summary": "VIIRS S-NPP NRT, sat N, acquired 2026-08-25 1013Z, FRP 9.02 MW",
        "date": "2026-08-25",
        "severity": 6,
        "source": "firms"
      }
    },
    {
      "type": "Feature",
      "geometry": {
        "type": "Point",
        "coordinates": [
          34.078,
          47.035
        ]
      },
      "properties": {
        "title": "FIRMS thermal: FRP 4.6 MW",
        "summary": "VIIRS S-NPP NRT, sat N, acquired 2026-08-25 1013Z, FRP 4.6 MW",
        "date": "2026-08-25",
        "severity": 4,
        "source": "firms"
      }
    },
    {
      "type": "Feature",
      "geometry": {
        "type": "Point",
        "coordinates": [
          34.084,
          47.041
        ]
      },
      "properties": {
        "title": "FIRMS thermal: FRP 9.49 MW",
        "summary": "VIIRS S-NPP NRT, sat N, acquired 2026-08-25 1013Z, FRP 9.49 MW",
        "date": "2026-08-25",
        "severity": 6,
        "source": "firms"
      }
    },
    {
      "type": "Feature",
      "geometry": {
        "type": "Point",
        "coordinates": [
          34.077,
          47.039
        ]
      },
      "properties": {
        "title": "FIRMS thermal: FRP 10.89 MW",
        "summary": "VIIRS S-NPP NRT, sat N, acquired 2026-08-25 1013Z, FRP 10.89 MW",
        "date": "2026-08-25",
        "severity": 6,
        "source": "firms"
      }
    },
    {
      "type": "Feature",
      "geometry": {
        "type": "Point",
        "coordinates": [
          34.082,
          47.044
        ]
      },
      "properties": {
        "title": "FIRMS thermal: FRP 9.49 MW",
        "summary": "VIIRS S-NPP NRT, sat N, acquired 2026-08-25 1013Z, FRP 9.49 MW",
        "date": "2026-08-25",
        "severity": 6,
        "source": "firms"
      }
    },
    {
      "type": "Feature",
      "geometry": {
        "type": "Point",
        "coordinates": [
          32.287,
          46.632
        ]
      },
      "properties": {
        "title": "FIRMS thermal: FRP 2.15 MW",
        "summary": "VIIRS S-NPP NRT, sat N, acquired 2026-08-25 1013Z, FRP 2.15 MW",
        "date": "2026-08-25",
        "severity": 3,
        "source": "firms"
      }
    },
    {
      "type": "Feature",
      "geometry": {
        "type": "Point",
        "coordinates": [
          35.0,
          47.257
        ]
      },
      "properties": {
        "title": "FIRMS thermal: FRP 4.12 MW",
        "summary": "VIIRS S-NPP NRT, sat N, acquired 2026-08-25 1013Z, FRP 4.12 MW",
        "date": "2026-08-25",
        "severity": 4,
        "source": "firms"
      }
    },
    {
      "type": "Feature",
      "geometry": {
        "type": "Point",
        "coordinates": [
          31.766,
          46.514
        ]
      },
      "properties": {
        "title": "FIRMS thermal: FRP 6.72 MW",
        "summary": "VIIRS S-NPP NRT, sat N, acquired 2026-08-25 1013Z, FRP 6.72 MW",
        "date": "2026-08-25",
        "severity": 5,
        "source": "firms"
      }
    },
    {
      "type": "Feature",
      "geometry": {
        "type": "Point",
        "coordinates": [
          31.76,
          46.512
        ]
      },
      "properties": {
        "title": "FIRMS thermal: FRP 6.72 MW",
        "summary": "VIIRS S-NPP NRT, sat N, acquired 2026-08-25 1013Z, FRP 6.72 MW",
        "date": "2026-08-25",
        "severity": 5,
        "source": "firms"
      }
    },
    {
      "type": "Feature",
      "geometry": {
        "type": "Point",
        "coordinates": [
          34.009,
          47.045
        ]
      },
      "properties": {
        "title": "FIRMS thermal: FRP 30.7 MW",
        "summary": "VIIRS S-NPP NRT, sat N, acquired 2026-08-25 1013Z, FRP 30.7 MW",
        "date": "2026-08-25",
        "severity": 8,
        "source": "firms"
      }
    },
    {
      "type": "Feature",
      "geometry": {
        "type": "Point",
        "coordinates": [
          34.002,
          47.044
        ]
      },
      "properties": {
        "title": "FIRMS thermal: FRP 30.7 MW",
        "summary": "VIIRS S-NPP NRT, sat N, acquired 2026-08-25 1013Z, FRP 30.7 MW",
        "date": "2026-08-25",
        "severity": 8,
        "source": "firms"
      }
    },
    {
      "type": "Feature",
      "geometry": {
        "type": "Point",
        "coordinates": [
          34.0,
          47.047
        ]
      },
      "properties": {
        "title": "FIRMS thermal: FRP 29.85 MW",
        "summary": "VIIRS S-NPP NRT, sat N, acquired 2026-08-25 1013Z, FRP 29.85 MW",
        "date": "2026-08-25",
        "severity": 8,
        "source": "firms"
      }
    },
    {
      "type": "Feature",
      "geometry": {
        "type": "Point",
        "coordinates": [
          34.026,
          47.062
        ]
      },
      "properties": {
        "title": "FIRMS thermal: FRP 34.69 MW",
        "summary": "VIIRS S-NPP NRT, sat N, acquired 2026-08-25 1013Z, FRP 34.69 MW",
        "date": "2026-08-25",
        "severity": 8,
        "source": "firms"
      }
    },
    {
      "type": "Feature",
      "geometry": {
        "type": "Point",
        "coordinates": [
          34.018,
          47.06
        ]
      },
      "properties": {
        "title": "FIRMS thermal: FRP 36.79 MW",
        "summary": "VIIRS S-NPP NRT, sat N, acquired 2026-08-25 1013Z, FRP 36.79 MW",
        "date": "2026-08-25",
        "severity": 8,
        "source": "firms"
      }
    },
    {
      "type": "Feature",
      "geometry": {
        "type": "Point",
        "coordinates": [
          34.024,
          47.065
        ]
      },
      "properties": {
        "title": "FIRMS thermal: FRP 34.69 MW",
        "summary": "VIIRS S-NPP NRT, sat N, acquired 2026-08-25 1013Z, FRP 34.69 MW",
        "date": "2026-08-25",
        "severity": 8,
        "source": "firms"
      }
    },
    {
      "type": "Feature",
      "geometry": {
        "type": "Point",
        "coordinates": [
          34.017,
          47.064
        ]
      },
      "properties": {
        "title": "FIRMS thermal: FRP 36.79 MW",
        "summary": "VIIRS S-NPP NRT, sat N, acquired 2026-08-25 1013Z, FRP 36.79 MW",
        "date": "2026-08-25",
        "severity": 8,
        "source": "firms"
      }
    },
    {
      "type": "Feature",
      "geometry": {
        "type": "Point",
        "coordinates": [
          33.335,
          46.91
        ]
      },
      "properties": {
        "title": "FIRMS thermal: FRP 4.75 MW",
        "summary": "VIIRS S-NPP NRT, sat N, acquired 2026-08-25 1013Z, FRP 4.75 MW",
        "date": "2026-08-25",
        "severity": 4,
        "source": "firms"
      }
    },
    {
      "type": "Feature",
      "geometry": {
        "type": "Point",
        "coordinates": [
          33.577,
          46.974
        ]
      },
      "properties": {
        "title": "FIRMS thermal: FRP 3.94 MW",
        "summary": "VIIRS S-NPP NRT, sat N, acquired 2026-08-25 1013Z, FRP 3.94 MW",
        "date": "2026-08-25",
        "severity": 4,
        "source": "firms"
      }
    },
    {
      "type": "Feature",
      "geometry": {
        "type": "Point",
        "coordinates": [
          32.48,
          46.72
        ]
      },
      "properties": {
        "title": "FIRMS thermal: FRP 5.9 MW",
        "summary": "VIIRS S-NPP NRT, sat N, acquired 2026-08-25 1013Z, FRP 5.9 MW",
        "date": "2026-08-25",
        "severity": 4,
        "source": "firms"
      }
    },
    {
      "type": "Feature",
      "geometry": {
        "type": "Point",
        "coordinates": [
          32.478,
          46.724
        ]
      },
      "properties": {
        "title": "FIRMS thermal: FRP 2.66 MW",
        "summary": "VIIRS S-NPP NRT, sat N, acquired 2026-08-25 1013Z, FRP 2.66 MW",
        "date": "2026-08-25",
        "severity": 3,
        "source": "firms"
      }
    },
    {
      "type": "Feature",
      "geometry": {
        "type": "Point",
        "coordinates": [
          34.014,
          47.069
        ]
      },
      "properties": {
        "title": "FIRMS thermal: FRP 64.06 MW",
        "summary": "VIIRS S-NPP NRT, sat N, acquired 2026-08-25 1013Z, FRP 64.06 MW",
        "date": "2026-08-25",
        "severity": 8,
        "source": "firms"
      }
    },
    {
      "type": "Feature",
      "geometry": {
        "type": "Point",
        "coordinates": [
          34.093,
          47.121
        ]
      },
      "properties": {
        "title": "FIRMS thermal: FRP 6.67 MW",
        "summary": "VIIRS S-NPP NRT, sat N, acquired 2026-08-25 1013Z, FRP 6.67 MW",
        "date": "2026-08-25",
        "severity": 5,
        "source": "firms"
      }
    },
    {
      "type": "Feature",
      "geometry": {
        "type": "Point",
        "coordinates": [
          32.449,
          46.751
        ]
      },
      "properties": {
        "title": "FIRMS thermal: FRP 11.17 MW",
        "summary": "VIIRS S-NPP NRT, sat N, acquired 2026-08-25 1013Z, FRP 11.17 MW",
        "date": "2026-08-25",
        "severity": 6,
        "source": "firms"
      }
    },
    {
      "type": "Feature",
      "geometry": {
        "type": "Point",
        "coordinates": [
          32.443,
          46.749
        ]
      },
      "properties": {
        "title": "FIRMS thermal: FRP 7.51 MW",
        "summary": "VIIRS S-NPP NRT, sat N, acquired 2026-08-25 1013Z, FRP 7.51 MW",
        "date": "2026-08-25",
        "severity": 5,
        "source": "firms"
      }
    },
    {
      "type": "Feature",
      "geometry": {
        "type": "Point",
        "coordinates": [
          34.522,
          47.236
        ]
      },
      "properties": {
        "title": "FIRMS thermal: FRP 6.02 MW",
        "summary": "VIIRS S-NPP NRT, sat N, acquired 2026-08-25 1013Z, FRP 6.02 MW",
        "date": "2026-08-25",
        "severity": 5,
        "source": "firms"
      }
    },
    {
      "type": "Feature",
      "geometry": {
        "type": "Point",
        "coordinates": [
          34.52,
          47.24
        ]
      },
      "properties": {
        "title": "FIRMS thermal: FRP 7.12 MW",
        "summary": "VIIRS S-NPP NRT, sat N, acquired 2026-08-25 1013Z, FRP 7.12 MW",
        "date": "2026-08-25",
        "severity": 5,
        "source": "firms"
      }
    },
    {
      "type": "Feature",
      "geometry": {
        "type": "Point",
        "coordinates": [
          34.243,
          47.188
        ]
      },
      "properties": {
        "title": "FIRMS thermal: FRP 15.19 MW",
        "summary": "VIIRS S-NPP NRT, sat N, acquired 2026-08-25 1013Z, FRP 15.19 MW",
        "date": "2026-08-25",
        "severity": 8,
        "source": "firms"
      }
    },
    {
      "type": "Feature",
      "geometry": {
        "type": "Point",
        "coordinates": [
          32.668,
          46.826
        ]
      },
      "properties": {
        "title": "FIRMS thermal: FRP 3.77 MW",
        "summary": "VIIRS S-NPP NRT, sat N, acquired 2026-08-25 1013Z, FRP 3.77 MW",
        "date": "2026-08-25",
        "severity": 4,
        "source": "firms"
      }
    },
    {
      "type": "Feature",
      "geometry": {
        "type": "Point",
        "coordinates": [
          34.732,
          47.307
        ]
      },
      "properties": {
        "title": "FIRMS thermal: FRP 6.93 MW",
        "summary": "VIIRS S-NPP NRT, sat N, acquired 2026-08-25 1013Z, FRP 6.93 MW",
        "date": "2026-08-25",
        "severity": 5,
        "source": "firms"
      }
    },
    {
      "type": "Feature",
      "geometry": {
        "type": "Point",
        "coordinates": [
          32.81,
          46.887
        ]
      },
      "properties": {
        "title": "FIRMS thermal: FRP 5.07 MW",
        "summary": "VIIRS S-NPP NRT, sat N, acquired 2026-08-25 1013Z, FRP 5.07 MW",
        "date": "2026-08-25",
        "severity": 4,
        "source": "firms"
      }
    },
    {
      "type": "Feature",
      "geometry": {
        "type": "Point",
        "coordinates": [
          32.799,
          46.884
        ]
      },
      "properties": {
        "title": "FIRMS thermal: FRP 6.73 MW",
        "summary": "VIIRS S-NPP NRT, sat N, acquired 2026-08-25 1013Z, FRP 6.73 MW",
        "date": "2026-08-25",
        "severity": 5,
        "source": "firms"
      }
    },
    {
      "type": "Feature",
      "geometry": {
        "type": "Point",
        "coordinates": [
          34.2,
          47.229
        ]
      },
      "properties": {
        "title": "FIRMS thermal: FRP 18.47 MW",
        "summary": "VIIRS S-NPP NRT, sat N, acquired 2026-08-25 1013Z, FRP 18.47 MW",
        "date": "2026-08-25",
        "severity": 8,
        "source": "firms"
      }
    },
    {
      "type": "Feature",
      "geometry": {
        "type": "Point",
        "coordinates": [
          34.199,
          47.232
        ]
      },
      "properties": {
        "title": "FIRMS thermal: FRP 18.47 MW",
        "summary": "VIIRS S-NPP NRT, sat N, acquired 2026-08-25 1013Z, FRP 18.47 MW",
        "date": "2026-08-25",
        "severity": 8,
        "source": "firms"
      }
    },
    {
      "type": "Feature",
      "geometry": {
        "type": "Point",
        "coordinates": [
          34.191,
          47.231
        ]
      },
      "properties": {
        "title": "FIRMS thermal: FRP 18.47 MW",
        "summary": "VIIRS S-NPP NRT, sat N, acquired 2026-08-25 1013Z, FRP 18.47 MW",
        "date": "2026-08-25",
        "severity": 8,
        "source": "firms"
      }
    },
    {
      "type": "Feature",
      "geometry": {
        "type": "Point",
        "coordinates": [
          34.199,
          47.231
        ]
      },
      "properties": {
        "title": "FIRMS thermal: FRP 41.79 MW",
        "summary": "VIIRS S-NPP NRT, sat N, acquired 2026-08-25 1013Z, FRP 41.79 MW",
        "date": "2026-08-25",
        "severity": 8,
        "source": "firms"
      }
    },
    {
      "type": "Feature",
      "geometry": {
        "type": "Point",
        "coordinates": [
          33.506,
          47.087
        ]
      },
      "properties": {
        "title": "FIRMS thermal: FRP 8.32 MW",
        "summary": "VIIRS S-NPP NRT, sat N, acquired 2026-08-25 1013Z, FRP 8.32 MW",
        "date": "2026-08-25",
        "severity": 5,
        "source": "firms"
      }
    },
    {
      "type": "Feature",
      "geometry": {
        "type": "Point",
        "coordinates": [
          33.501,
          47.085
        ]
      },
      "properties": {
        "title": "FIRMS thermal: FRP 19.87 MW",
        "summary": "VIIRS S-NPP NRT, sat N, acquired 2026-08-25 1013Z, FRP 19.87 MW",
        "date": "2026-08-25",
        "severity": 8,
        "source": "firms"
      }
    },
    {
      "type": "Feature",
      "geometry": {
        "type": "Point",
        "coordinates": [
          32.235,
          46.789
        ]
      },
      "properties": {
        "title": "FIRMS thermal: FRP 3.37 MW",
        "summary": "VIIRS S-NPP NRT, sat N, acquired 2026-08-25 1013Z, FRP 3.37 MW",
        "date": "2026-08-25",
        "severity": 4,
        "source": "firms"
      }
    },
    {
      "type": "Feature",
      "geometry": {
        "type": "Point",
        "coordinates": [
          32.23,
          46.787
        ]
      },
      "properties": {
        "title": "FIRMS thermal: FRP 3.37 MW",
        "summary": "VIIRS S-NPP NRT, sat N, acquired 2026-08-25 1013Z, FRP 3.37 MW",
        "date": "2026-08-25",
        "severity": 4,
        "source": "firms"
      }
    },
    {
      "type": "Feature",
      "geometry": {
        "type": "Point",
        "coordinates": [
          33.225,
          47.052
        ]
      },
      "properties": {
        "title": "FIRMS thermal: FRP 4.2 MW",
        "summary": "VIIRS S-NPP NRT, sat N, acquired 2026-08-25 1013Z, FRP 4.2 MW",
        "date": "2026-08-25",
        "severity": 4,
        "source": "firms"
      }
    },
    {
      "type": "Feature",
      "geometry": {
        "type": "Point",
        "coordinates": [
          34.03,
          47.253
        ]
      },
      "properties": {
        "title": "FIRMS thermal: FRP 10.74 MW",
        "summary": "VIIRS S-NPP NRT, sat N, acquired 2026-08-25 1013Z, FRP 10.74 MW",
        "date": "2026-08-25",
        "severity": 6,
        "source": "firms"
      }
    },
    {
      "type": "Feature",
      "geometry": {
        "type": "Point",
        "coordinates": [
          34.037,
          47.254
        ]
      },
      "properties": {
        "title": "FIRMS thermal: FRP 10.74 MW",
        "summary": "VIIRS S-NPP NRT, sat N, acquired 2026-08-25 1013Z, FRP 10.74 MW",
        "date": "2026-08-25",
        "severity": 6,
        "source": "firms"
      }
    },
    {
      "type": "Feature",
      "geometry": {
        "type": "Point",
        "coordinates": [
          34.035,
          47.258
        ]
      },
      "properties": {
        "title": "FIRMS thermal: FRP 10.74 MW",
        "summary": "VIIRS S-NPP NRT, sat N, acquired 2026-08-25 1013Z, FRP 10.74 MW",
        "date": "2026-08-25",
        "severity": 6,
        "source": "firms"
      }
    },
    {
      "type": "Feature",
      "geometry": {
        "type": "Point",
        "coordinates": [
          34.021,
          47.255
        ]
      },
      "properties": {
        "title": "FIRMS thermal: FRP 21.73 MW",
        "summary": "VIIRS S-NPP NRT, sat N, acquired 2026-08-25 1013Z, FRP 21.73 MW",
        "date": "2026-08-25",
        "severity": 8,
        "source": "firms"
      }
    },
    {
      "type": "Feature",
      "geometry": {
        "type": "Point",
        "coordinates": [
          34.132,
          47.337
        ]
      },
      "properties": {
        "title": "FIRMS thermal: FRP 4.64 MW",
        "summary": "VIIRS S-NPP NRT, sat N, acquired 2026-08-25 1013Z, FRP 4.64 MW",
        "date": "2026-08-25",
        "severity": 4,
        "source": "firms"
      }
    },
    {
      "type": "Feature",
      "geometry": {
        "type": "Point",
        "coordinates": [
          34.031,
          47.365
        ]
      },
      "properties": {
        "title": "FIRMS thermal: FRP 13.0 MW",
        "summary": "VIIRS S-NPP NRT, sat N, acquired 2026-08-25 1013Z, FRP 13 MW",
        "date": "2026-08-25",
        "severity": 7,
        "source": "firms"
      }
    },
    {
      "type": "Feature",
      "geometry": {
        "type": "Point",
        "coordinates": [
          24.308,
          44.668
        ]
      },
      "properties": {
        "title": "FIRMS thermal: FRP 6.88 MW",
        "summary": "VIIRS S-NPP NRT, sat N, acquired 2026-08-25 1013Z, FRP 6.88 MW",
        "date": "2026-08-25",
        "severity": 5,
        "source": "firms"
      }
    },
    {
      "type": "Feature",
      "geometry": {
        "type": "Point",
        "coordinates": [
          34.559,
          47.493
        ]
      },
      "properties": {
        "title": "FIRMS thermal: FRP 11.86 MW",
        "summary": "VIIRS S-NPP NRT, sat N, acquired 2026-08-25 1013Z, FRP 11.86 MW",
        "date": "2026-08-25",
        "severity": 6,
        "source": "firms"
      }
    },
    {
      "type": "Feature",
      "geometry": {
        "type": "Point",
        "coordinates": [
          34.9,
          47.578
        ]
      },
      "properties": {
        "title": "FIRMS thermal: FRP 15.49 MW",
        "summary": "VIIRS S-NPP NRT, sat N, acquired 2026-08-25 1013Z, FRP 15.49 MW",
        "date": "2026-08-25",
        "severity": 8,
        "source": "firms"
      }
    },
    {
      "type": "Feature",
      "geometry": {
        "type": "Point",
        "coordinates": [
          33.667,
          47.309
        ]
      },
      "properties": {
        "title": "FIRMS thermal: FRP 2.61 MW",
        "summary": "VIIRS S-NPP NRT, sat N, acquired 2026-08-25 1013Z, FRP 2.61 MW",
        "date": "2026-08-25",
        "severity": 3,
        "source": "firms"
      }
    },
    {
      "type": "Feature",
      "geometry": {
        "type": "Point",
        "coordinates": [
          33.667,
          47.322
        ]
      },
      "properties": {
        "title": "FIRMS thermal: FRP 4.0 MW",
        "summary": "VIIRS S-NPP NRT, sat N, acquired 2026-08-25 1013Z, FRP 4 MW",
        "date": "2026-08-25",
        "severity": 4,
        "source": "firms"
      }
    },
    {
      "type": "Feature",
      "geometry": {
        "type": "Point",
        "coordinates": [
          33.662,
          47.321
        ]
      },
      "properties": {
        "title": "FIRMS thermal: FRP 4.0 MW",
        "summary": "VIIRS S-NPP NRT, sat N, acquired 2026-08-25 1013Z, FRP 4 MW",
        "date": "2026-08-25",
        "severity": 4,
        "source": "firms"
      }
    },
    {
      "type": "Feature",
      "geometry": {
        "type": "Point",
        "coordinates": [
          33.665,
          47.326
        ]
      },
      "properties": {
        "title": "FIRMS thermal: FRP 6.34 MW",
        "summary": "VIIRS S-NPP NRT, sat N, acquired 2026-08-25 1013Z, FRP 6.34 MW",
        "date": "2026-08-25",
        "severity": 5,
        "source": "firms"
      }
    },
    {
      "type": "Feature",
      "geometry": {
        "type": "Point",
        "coordinates": [
          33.66,
          47.325
        ]
      },
      "properties": {
        "title": "FIRMS thermal: FRP 6.34 MW",
        "summary": "VIIRS S-NPP NRT, sat N, acquired 2026-08-25 1013Z, FRP 6.34 MW",
        "date": "2026-08-25",
        "severity": 5,
        "source": "firms"
      }
    },
    {
      "type": "Feature",
      "geometry": {
        "type": "Point",
        "coordinates": [
          32.887,
          47.157
        ]
      },
      "properties": {
        "title": "FIRMS thermal: FRP 5.49 MW",
        "summary": "VIIRS S-NPP NRT, sat N, acquired 2026-08-25 1013Z, FRP 5.49 MW",
        "date": "2026-08-25",
        "severity": 4,
        "source": "firms"
      }
    },
    {
      "type": "Feature",
      "geometry": {
        "type": "Point",
        "coordinates": [
          32.886,
          47.158
        ]
      },
      "properties": {
        "title": "FIRMS thermal: FRP 5.32 MW",
        "summary": "VIIRS S-NPP NRT, sat N, acquired 2026-08-25 1013Z, FRP 5.32 MW",
        "date": "2026-08-25",
        "severity": 4,
        "source": "firms"
      }
    },
    {
      "type": "Feature",
      "geometry": {
        "type": "Point",
        "coordinates": [
          33.186,
          47.264
        ]
      },
      "properties": {
        "title": "FIRMS thermal: FRP 2.94 MW",
        "summary": "VIIRS S-NPP NRT, sat N, acquired 2026-08-25 1013Z, FRP 2.94 MW",
        "date": "2026-08-25",
        "severity": 3,
        "source": "firms"
      }
    },
    {
      "type": "Feature",
      "geometry": {
        "type": "Point",
        "coordinates": [
          33.184,
          47.268
        ]
      },
      "properties": {
        "title": "FIRMS thermal: FRP 37.74 MW",
        "summary": "VIIRS S-NPP NRT, sat N, acquired 2026-08-25 1013Z, FRP 37.74 MW",
        "date": "2026-08-25",
        "severity": 8,
        "source": "firms"
      }
    },
    {
      "type": "Feature",
      "geometry": {
        "type": "Point",
        "coordinates": [
          24.002,
          44.682
        ]
      },
      "properties": {
        "title": "FIRMS thermal: FRP 7.09 MW",
        "summary": "VIIRS S-NPP NRT, sat N, acquired 2026-08-25 1013Z, FRP 7.09 MW",
        "date": "2026-08-25",
        "severity": 5,
        "source": "firms"
      }
    },
    {
      "type": "Feature",
      "geometry": {
        "type": "Point",
        "coordinates": [
          34.175,
          47.558
        ]
      },
      "properties": {
        "title": "FIRMS thermal: FRP 6.64 MW",
        "summary": "VIIRS S-NPP NRT, sat N, acquired 2026-08-25 1013Z, FRP 6.64 MW",
        "date": "2026-08-25",
        "severity": 5,
        "source": "firms"
      }
    },
    {
      "type": "Feature",
      "geometry": {
        "type": "Point",
        "coordinates": [
          34.625,
          47.798
        ]
      },
      "properties": {
        "title": "FIRMS thermal: FRP 14.98 MW",
        "summary": "VIIRS S-NPP NRT, sat N, acquired 2026-08-25 1013Z, FRP 14.98 MW",
        "date": "2026-08-25",
        "severity": 7,
        "source": "firms"
      }
    },
    {
      "type": "Feature",
      "geometry": {
        "type": "Point",
        "coordinates": [
          34.623,
          47.802
        ]
      },
      "properties": {
        "title": "FIRMS thermal: FRP 14.98 MW",
        "summary": "VIIRS S-NPP NRT, sat N, acquired 2026-08-25 1013Z, FRP 14.98 MW",
        "date": "2026-08-25",
        "severity": 7,
        "source": "firms"
      }
    },
    {
      "type": "Feature",
      "geometry": {
        "type": "Point",
        "coordinates": [
          34.525,
          47.789
        ]
      },
      "properties": {
        "title": "FIRMS thermal: FRP 3.76 MW",
        "summary": "VIIRS S-NPP NRT, sat N, acquired 2026-08-25 1013Z, FRP 3.76 MW",
        "date": "2026-08-25",
        "severity": 4,
        "source": "firms"
      }
    },
    {
      "type": "Feature",
      "geometry": {
        "type": "Point",
        "coordinates": [
          33.821,
          47.684
        ]
      },
      "properties": {
        "title": "FIRMS thermal: FRP 5.08 MW",
        "summary": "VIIRS S-NPP NRT, sat N, acquired 2026-08-25 1013Z, FRP 5.08 MW",
        "date": "2026-08-25",
        "severity": 4,
        "source": "firms"
      }
    },
    {
      "type": "Feature",
      "geometry": {
        "type": "Point",
        "coordinates": [
          34.735,
          47.895
        ]
      },
      "properties": {
        "title": "FIRMS thermal: FRP 4.13 MW",
        "summary": "VIIRS S-NPP NRT, sat N, acquired 2026-08-25 1013Z, FRP 4.13 MW",
        "date": "2026-08-25",
        "severity": 4,
        "source": "firms"
      }
    },
    {
      "type": "Feature",
      "geometry": {
        "type": "Point",
        "coordinates": [
          33.814,
          47.698
        ]
      },
      "properties": {
        "title": "FIRMS thermal: FRP 6.15 MW",
        "summary": "VIIRS S-NPP NRT, sat N, acquired 2026-08-25 1013Z, FRP 6.15 MW",
        "date": "2026-08-25",
        "severity": 5,
        "source": "firms"
      }
    },
    {
      "type": "Feature",
      "geometry": {
        "type": "Point",
        "coordinates": [
          23.109,
          44.71
        ]
      },
      "properties": {
        "title": "FIRMS thermal: FRP 5.44 MW",
        "summary": "VIIRS S-NPP NRT, sat N, acquired 2026-08-25 1013Z, FRP 5.44 MW",
        "date": "2026-08-25",
        "severity": 4,
        "source": "firms"
      }
    },
    {
      "type": "Feature",
      "geometry": {
        "type": "Point",
        "coordinates": [
          33.459,
          47.798
        ]
      },
      "properties": {
        "title": "FIRMS thermal: FRP 7.21 MW",
        "summary": "VIIRS S-NPP NRT, sat N, acquired 2026-08-25 1013Z, FRP 7.21 MW",
        "date": "2026-08-25",
        "severity": 5,
        "source": "firms"
      }
    },
    {
      "type": "Feature",
      "geometry": {
        "type": "Point",
        "coordinates": [
          33.454,
          47.797
        ]
      },
      "properties": {
        "title": "FIRMS thermal: FRP 7.21 MW",
        "summary": "VIIRS S-NPP NRT, sat N, acquired 2026-08-25 1013Z, FRP 7.21 MW",
        "date": "2026-08-25",
        "severity": 5,
        "source": "firms"
      }
    },
    {
      "type": "Feature",
      "geometry": {
        "type": "Point",
        "coordinates": [
          23.585,
          45.03
        ]
      },
      "properties": {
        "title": "FIRMS thermal: FRP 5.94 MW",
        "summary": "VIIRS S-NPP NRT, sat N, acquired 2026-08-25 1013Z, FRP 5.94 MW",
        "date": "2026-08-25",
        "severity": 4,
        "source": "firms"
      }
    },
    {
      "type": "Feature",
      "geometry": {
        "type": "Point",
        "coordinates": [
          29.678,
          47.02
        ]
      },
      "properties": {
        "title": "FIRMS thermal: FRP 16.53 MW",
        "summary": "VIIRS S-NPP NRT, sat N, acquired 2026-08-25 1013Z, FRP 16.53 MW",
        "date": "2026-08-25",
        "severity": 8,
        "source": "firms"
      }
    },
    {
      "type": "Feature",
      "geometry": {
        "type": "Point",
        "coordinates": [
          29.678,
          47.019
        ]
      },
      "properties": {
        "title": "FIRMS thermal: FRP 3.95 MW",
        "summary": "VIIRS S-NPP NRT, sat N, acquired 2026-08-25 1013Z, FRP 3.95 MW",
        "date": "2026-08-25",
        "severity": 4,
        "source": "firms"
      }
    },
    {
      "type": "Feature",
      "geometry": {
        "type": "Point",
        "coordinates": [
          29.675,
          47.023
        ]
      },
      "properties": {
        "title": "FIRMS thermal: FRP 3.95 MW",
        "summary": "VIIRS S-NPP NRT, sat N, acquired 2026-08-25 1013Z, FRP 3.95 MW",
        "date": "2026-08-25",
        "severity": 4,
        "source": "firms"
      }
    },
    {
      "type": "Feature",
      "geometry": {
        "type": "Point",
        "coordinates": [
          28.255,
          46.871
        ]
      },
      "properties": {
        "title": "FIRMS thermal: FRP 2.43 MW",
        "summary": "VIIRS S-NPP NRT, sat N, acquired 2026-08-25 1013Z, FRP 2.43 MW",
        "date": "2026-08-25",
        "severity": 3,
        "source": "firms"
      }
    },
    {
      "type": "Feature",
      "geometry": {
        "type": "Point",
        "coordinates": [
          32.852,
          48.577
        ]
      },
      "properties": {
        "title": "FIRMS thermal: FRP 9.42 MW",
        "summary": "VIIRS S-NPP NRT, sat N, acquired 2026-08-25 1013Z, FRP 9.42 MW",
        "date": "2026-08-25",
        "severity": 6,
        "source": "firms"
      }
    },
    {
      "type": "Feature",
      "geometry": {
        "type": "Point",
        "coordinates": [
          32.847,
          48.576
        ]
      },
      "properties": {
        "title": "FIRMS thermal: FRP 9.42 MW",
        "summary": "VIIRS S-NPP NRT, sat N, acquired 2026-08-25 1013Z, FRP 9.42 MW",
        "date": "2026-08-25",
        "severity": 6,
        "source": "firms"
      }
    },
    {
      "type": "Feature",
      "geometry": {
        "type": "Point",
        "coordinates": [
          32.842,
          48.575
        ]
      },
      "properties": {
        "title": "FIRMS thermal: FRP 5.74 MW",
        "summary": "VIIRS S-NPP NRT, sat N, acquired 2026-08-25 1013Z, FRP 5.74 MW",
        "date": "2026-08-25",
        "severity": 4,
        "source": "firms"
      }
    },
    {
      "type": "Feature",
      "geometry": {
        "type": "Point",
        "coordinates": [
          32.845,
          48.58
        ]
      },
      "properties": {
        "title": "FIRMS thermal: FRP 9.42 MW",
        "summary": "VIIRS S-NPP NRT, sat N, acquired 2026-08-25 1013Z, FRP 9.42 MW",
        "date": "2026-08-25",
        "severity": 6,
        "source": "firms"
      }
    },
    {
      "type": "Feature",
      "geometry": {
        "type": "Point",
        "coordinates": [
          23.608,
          46.104
        ]
      },
      "properties": {
        "title": "FIRMS thermal: FRP 5.27 MW",
        "summary": "VIIRS S-NPP NRT, sat N, acquired 2026-08-25 1013Z, FRP 5.27 MW",
        "date": "2026-08-25",
        "severity": 4,
        "source": "firms"
      }
    },
    {
      "type": "Feature",
      "geometry": {
        "type": "Point",
        "coordinates": [
          23.605,
          46.11
        ]
      },
      "properties": {
        "title": "FIRMS thermal: FRP 7.9 MW",
        "summary": "VIIRS S-NPP NRT, sat N, acquired 2026-08-25 1013Z, FRP 7.9 MW",
        "date": "2026-08-25",
        "severity": 5,
        "source": "firms"
      }
    },
    {
      "type": "Feature",
      "geometry": {
        "type": "Point",
        "coordinates": [
          23.598,
          46.108
        ]
      },
      "properties": {
        "title": "FIRMS thermal: FRP 7.36 MW",
        "summary": "VIIRS S-NPP NRT, sat N, acquired 2026-08-25 1013Z, FRP 7.36 MW",
        "date": "2026-08-25",
        "severity": 5,
        "source": "firms"
      }
    },
    {
      "type": "Feature",
      "geometry": {
        "type": "Point",
        "coordinates": [
          31.981,
          48.51
        ]
      },
      "properties": {
        "title": "FIRMS thermal: FRP 2.4 MW",
        "summary": "VIIRS S-NPP NRT, sat N, acquired 2026-08-25 1013Z, FRP 2.4 MW",
        "date": "2026-08-25",
        "severity": 3,
        "source": "firms"
      }
    },
    {
      "type": "Feature",
      "geometry": {
        "type": "Point",
        "coordinates": [
          23.606,
          46.106
        ]
      },
      "properties": {
        "title": "FIRMS thermal: FRP 7.38 MW",
        "summary": "VIIRS S-NPP NRT, sat N, acquired 2026-08-25 1013Z, FRP 7.38 MW",
        "date": "2026-08-25",
        "severity": 5,
        "source": "firms"
      }
    },
    {
      "type": "Feature",
      "geometry": {
        "type": "Point",
        "coordinates": [
          23.599,
          46.104
        ]
      },
      "properties": {
        "title": "FIRMS thermal: FRP 7.38 MW",
        "summary": "VIIRS S-NPP NRT, sat N, acquired 2026-08-25 1013Z, FRP 7.38 MW",
        "date": "2026-08-25",
        "severity": 5,
        "source": "firms"
      }
    },
    {
      "type": "Feature",
      "geometry": {
        "type": "Point",
        "coordinates": [
          29.865,
          48.065
        ]
      },
      "properties": {
        "title": "FIRMS thermal: FRP 35.21 MW",
        "summary": "VIIRS S-NPP NRT, sat N, acquired 2026-08-25 1013Z, FRP 35.21 MW",
        "date": "2026-08-25",
        "severity": 8,
        "source": "firms"
      }
    },
    {
      "type": "Feature",
      "geometry": {
        "type": "Point",
        "coordinates": [
          29.859,
          48.063
        ]
      },
      "properties": {
        "title": "FIRMS thermal: FRP 16.18 MW",
        "summary": "VIIRS S-NPP NRT, sat N, acquired 2026-08-25 1013Z, FRP 16.18 MW",
        "date": "2026-08-25",
        "severity": 8,
        "source": "firms"
      }
    },
    {
      "type": "Feature",
      "geometry": {
        "type": "Point",
        "coordinates": [
          29.863,
          48.069
        ]
      },
      "properties": {
        "title": "FIRMS thermal: FRP 35.21 MW",
        "summary": "VIIRS S-NPP NRT, sat N, acquired 2026-08-25 1013Z, FRP 35.21 MW",
        "date": "2026-08-25",
        "severity": 8,
        "source": "firms"
      }
    },
    {
      "type": "Feature",
      "geometry": {
        "type": "Point",
        "coordinates": [
          34.936,
          49.869
        ]
      },
      "properties": {
        "title": "FIRMS thermal: FRP 2.94 MW",
        "summary": "VIIRS S-NPP NRT, sat N, acquired 2026-08-25 1013Z, FRP 2.94 MW",
        "date": "2026-08-25",
        "severity": 3,
        "source": "firms"
      }
    },
    {
      "type": "Feature",
      "geometry": {
        "type": "Point",
        "coordinates": [
          26.071,
          47.742
        ]
      },
      "properties": {
        "title": "FIRMS thermal: FRP 3.78 MW",
        "summary": "VIIRS S-NPP NRT, sat N, acquired 2026-08-25 1013Z, FRP 3.78 MW",
        "date": "2026-08-25",
        "severity": 4,
        "source": "firms"
      }
    },
    {
      "type": "Feature",
      "geometry": {
        "type": "Point",
        "coordinates": [
          26.07,
          47.748
        ]
      },
      "properties": {
        "title": "FIRMS thermal: FRP 6.68 MW",
        "summary": "VIIRS S-NPP NRT, sat N, acquired 2026-08-25 1013Z, FRP 6.68 MW",
        "date": "2026-08-25",
        "severity": 5,
        "source": "firms"
      }
    },
    {
      "type": "Feature",
      "geometry": {
        "type": "Point",
        "coordinates": [
          32.063,
          49.393
        ]
      },
      "properties": {
        "title": "FIRMS thermal: FRP 2.98 MW",
        "summary": "VIIRS S-NPP NRT, sat N, acquired 2026-08-25 1013Z, FRP 2.98 MW",
        "date": "2026-08-25",
        "severity": 3,
        "source": "firms"
      }
    },
    {
      "type": "Feature",
      "geometry": {
        "type": "Point",
        "coordinates": [
          27.868,
          48.584
        ]
      },
      "properties": {
        "title": "FIRMS thermal: FRP 8.75 MW",
        "summary": "VIIRS S-NPP NRT, sat N, acquired 2026-08-25 1013Z, FRP 8.75 MW",
        "date": "2026-08-25",
        "severity": 5,
        "source": "firms"
      }
    },
    {
      "type": "Feature",
      "geometry": {
        "type": "Point",
        "coordinates": [
          27.868,
          48.585
        ]
      },
      "properties": {
        "title": "FIRMS thermal: FRP 12.11 MW",
        "summary": "VIIRS S-NPP NRT, sat N, acquired 2026-08-25 1013Z, FRP 12.11 MW",
        "date": "2026-08-25",
        "severity": 7,
        "source": "firms"
      }
    },
    {
      "type": "Feature",
      "geometry": {
        "type": "Point",
        "coordinates": [
          33.01,
          49.927
        ]
      },
      "properties": {
        "title": "FIRMS thermal: FRP 3.21 MW",
        "summary": "VIIRS S-NPP NRT, sat N, acquired 2026-08-25 1013Z, FRP 3.21 MW",
        "date": "2026-08-25",
        "severity": 4,
        "source": "firms"
      }
    },
    {
      "type": "Feature",
      "geometry": {
        "type": "Point",
        "coordinates": [
          27.096,
          48.552
        ]
      },
      "properties": {
        "title": "FIRMS thermal: FRP 3.72 MW",
        "summary": "VIIRS S-NPP NRT, sat N, acquired 2026-08-25 1013Z, FRP 3.72 MW",
        "date": "2026-08-25",
        "severity": 4,
        "source": "firms"
      }
    },
    {
      "type": "Feature",
      "geometry": {
        "type": "Point",
        "coordinates": [
          27.092,
          48.551
        ]
      },
      "properties": {
        "title": "FIRMS thermal: FRP 3.72 MW",
        "summary": "VIIRS S-NPP NRT, sat N, acquired 2026-08-25 1013Z, FRP 3.72 MW",
        "date": "2026-08-25",
        "severity": 4,
        "source": "firms"
      }
    },
    {
      "type": "Feature",
      "geometry": {
        "type": "Point",
        "coordinates": [
          26.82,
          48.483
        ]
      },
      "properties": {
        "title": "FIRMS thermal: FRP 2.77 MW",
        "summary": "VIIRS S-NPP NRT, sat N, acquired 2026-08-25 1013Z, FRP 2.77 MW",
        "date": "2026-08-25",
        "severity": 3,
        "source": "firms"
      }
    },
    {
      "type": "Feature",
      "geometry": {
        "type": "Point",
        "coordinates": [
          22.28,
          47.632
        ]
      },
      "properties": {
        "title": "FIRMS thermal: FRP 4.66 MW",
        "summary": "VIIRS S-NPP NRT, sat N, acquired 2026-08-25 1013Z, FRP 4.66 MW",
        "date": "2026-08-25",
        "severity": 4,
        "source": "firms"
      }
    },
    {
      "type": "Feature",
      "geometry": {
        "type": "Point",
        "coordinates": [
          34.866,
          51.219
        ]
      },
      "properties": {
        "title": "FIRMS thermal: FRP 12.8 MW",
        "summary": "VIIRS S-NPP NRT, sat N, acquired 2026-08-25 1013Z, FRP 12.8 MW",
        "date": "2026-08-25",
        "severity": 7,
        "source": "firms"
      }
    },
    {
      "type": "Feature",
      "geometry": {
        "type": "Point",
        "coordinates": [
          34.821,
          51.24
        ]
      },
      "properties": {
        "title": "FIRMS thermal: FRP 4.42 MW",
        "summary": "VIIRS S-NPP NRT, sat N, acquired 2026-08-25 1013Z, FRP 4.42 MW",
        "date": "2026-08-25",
        "severity": 4,
        "source": "firms"
      }
    },
    {
      "type": "Feature",
      "geometry": {
        "type": "Point",
        "coordinates": [
          34.425,
          51.335
        ]
      },
      "properties": {
        "title": "FIRMS thermal: FRP 4.45 MW",
        "summary": "VIIRS S-NPP NRT, sat N, acquired 2026-08-25 1013Z, FRP 4.45 MW",
        "date": "2026-08-25",
        "severity": 4,
        "source": "firms"
      }
    },
    {
      "type": "Feature",
      "geometry": {
        "type": "Point",
        "coordinates": [
          34.429,
          51.34
        ]
      },
      "properties": {
        "title": "FIRMS thermal: FRP 10.25 MW",
        "summary": "VIIRS S-NPP NRT, sat N, acquired 2026-08-25 1013Z, FRP 10.25 MW",
        "date": "2026-08-25",
        "severity": 6,
        "source": "firms"
      }
    },
    {
      "type": "Feature",
      "geometry": {
        "type": "Point",
        "coordinates": [
          34.405,
          51.346
        ]
      },
      "properties": {
        "title": "FIRMS thermal: FRP 36.25 MW",
        "summary": "VIIRS S-NPP NRT, sat N, acquired 2026-08-25 1013Z, FRP 36.25 MW",
        "date": "2026-08-25",
        "severity": 8,
        "source": "firms"
      }
    },
    {
      "type": "Feature",
      "geometry": {
        "type": "Point",
        "coordinates": [
          34.29,
          51.323
        ]
      },
      "properties": {
        "title": "FIRMS thermal: FRP 5.92 MW",
        "summary": "VIIRS S-NPP NRT, sat N, acquired 2026-08-25 1013Z, FRP 5.92 MW",
        "date": "2026-08-25",
        "severity": 4,
        "source": "firms"
      }
    },
    {
      "type": "Feature",
      "geometry": {
        "type": "Point",
        "coordinates": [
          34.288,
          51.326
        ]
      },
      "properties": {
        "title": "FIRMS thermal: FRP 5.72 MW",
        "summary": "VIIRS S-NPP NRT, sat N, acquired 2026-08-25 1013Z, FRP 5.72 MW",
        "date": "2026-08-25",
        "severity": 4,
        "source": "firms"
      }
    },
    {
      "type": "Feature",
      "geometry": {
        "type": "Point",
        "coordinates": [
          34.287,
          51.33
        ]
      },
      "properties": {
        "title": "FIRMS thermal: FRP 5.72 MW",
        "summary": "VIIRS S-NPP NRT, sat N, acquired 2026-08-25 1013Z, FRP 5.72 MW",
        "date": "2026-08-25",
        "severity": 4,
        "source": "firms"
      }
    },
    {
      "type": "Feature",
      "geometry": {
        "type": "Point",
        "coordinates": [
          34.28,
          51.329
        ]
      },
      "properties": {
        "title": "FIRMS thermal: FRP 5.72 MW",
        "summary": "VIIRS S-NPP NRT, sat N, acquired 2026-08-25 1013Z, FRP 5.72 MW",
        "date": "2026-08-25",
        "severity": 4,
        "source": "firms"
      }
    },
    {
      "type": "Feature",
      "geometry": {
        "type": "Point",
        "coordinates": [
          34.228,
          51.376
        ]
      },
      "properties": {
        "title": "FIRMS thermal: FRP 6.27 MW",
        "summary": "VIIRS S-NPP NRT, sat N, acquired 2026-08-25 1013Z, FRP 6.27 MW",
        "date": "2026-08-25",
        "severity": 5,
        "source": "firms"
      }
    },
    {
      "type": "Feature",
      "geometry": {
        "type": "Point",
        "coordinates": [
          34.226,
          51.379
        ]
      },
      "properties": {
        "title": "FIRMS thermal: FRP 6.27 MW",
        "summary": "VIIRS S-NPP NRT, sat N, acquired 2026-08-25 1013Z, FRP 6.27 MW",
        "date": "2026-08-25",
        "severity": 5,
        "source": "firms"
      }
    },
    {
      "type": "Feature",
      "geometry": {
        "type": "Point",
        "coordinates": [
          34.226,
          51.379
        ]
      },
      "properties": {
        "title": "FIRMS thermal: FRP 7.31 MW",
        "summary": "VIIRS S-NPP NRT, sat N, acquired 2026-08-25 1013Z, FRP 7.31 MW",
        "date": "2026-08-25",
        "severity": 5,
        "source": "firms"
      }
    },
    {
      "type": "Feature",
      "geometry": {
        "type": "Point",
        "coordinates": [
          33.957,
          51.331
        ]
      },
      "properties": {
        "title": "FIRMS thermal: FRP 4.73 MW",
        "summary": "VIIRS S-NPP NRT, sat N, acquired 2026-08-25 1013Z, FRP 4.73 MW",
        "date": "2026-08-25",
        "severity": 4,
        "source": "firms"
      }
    },
    {
      "type": "Feature",
      "geometry": {
        "type": "Point",
        "coordinates": [
          33.954,
          51.338
        ]
      },
      "properties": {
        "title": "FIRMS thermal: FRP 4.31 MW",
        "summary": "VIIRS S-NPP NRT, sat N, acquired 2026-08-25 1013Z, FRP 4.31 MW",
        "date": "2026-08-25",
        "severity": 4,
        "source": "firms"
      }
    },
    {
      "type": "Feature",
      "geometry": {
        "type": "Point",
        "coordinates": [
          33.912,
          51.442
        ]
      },
      "properties": {
        "title": "FIRMS thermal: FRP 27.11 MW",
        "summary": "VIIRS S-NPP NRT, sat N, acquired 2026-08-25 1013Z, FRP 27.11 MW",
        "date": "2026-08-25",
        "severity": 8,
        "source": "firms"
      }
    },
    {
      "type": "Feature",
      "geometry": {
        "type": "Point",
        "coordinates": [
          33.906,
          51.441
        ]
      },
      "properties": {
        "title": "FIRMS thermal: FRP 27.11 MW",
        "summary": "VIIRS S-NPP NRT, sat N, acquired 2026-08-25 1013Z, FRP 27.11 MW",
        "date": "2026-08-25",
        "severity": 8,
        "source": "firms"
      }
    },
    {
      "type": "Feature",
      "geometry": {
        "type": "Point",
        "coordinates": [
          33.899,
          51.44
        ]
      },
      "properties": {
        "title": "FIRMS thermal: FRP 6.22 MW",
        "summary": "VIIRS S-NPP NRT, sat N, acquired 2026-08-25 1013Z, FRP 6.22 MW",
        "date": "2026-08-25",
        "severity": 5,
        "source": "firms"
      }
    },
    {
      "type": "Feature",
      "geometry": {
        "type": "Point",
        "coordinates": [
          33.91,
          51.446
        ]
      },
      "properties": {
        "title": "FIRMS thermal: FRP 27.11 MW",
        "summary": "VIIRS S-NPP NRT, sat N, acquired 2026-08-25 1013Z, FRP 27.11 MW",
        "date": "2026-08-25",
        "severity": 8,
        "source": "firms"
      }
    },
    {
      "type": "Feature",
      "geometry": {
        "type": "Point",
        "coordinates": [
          33.897,
          51.443
        ]
      },
      "properties": {
        "title": "FIRMS thermal: FRP 6.22 MW",
        "summary": "VIIRS S-NPP NRT, sat N, acquired 2026-08-25 1013Z, FRP 6.22 MW",
        "date": "2026-08-25",
        "severity": 5,
        "source": "firms"
      }
    },
    {
      "type": "Feature",
      "geometry": {
        "type": "Point",
        "coordinates": [
          34.461,
          51.678
        ]
      },
      "properties": {
        "title": "FIRMS thermal: FRP 14.51 MW",
        "summary": "VIIRS S-NPP NRT, sat N, acquired 2026-08-25 1013Z, FRP 14.51 MW",
        "date": "2026-08-25",
        "severity": 7,
        "source": "firms"
      }
    },
    {
      "type": "Feature",
      "geometry": {
        "type": "Point",
        "coordinates": [
          34.46,
          51.681
        ]
      },
      "properties": {
        "title": "FIRMS thermal: FRP 9.38 MW",
        "summary": "VIIRS S-NPP NRT, sat N, acquired 2026-08-25 1013Z, FRP 9.38 MW",
        "date": "2026-08-25",
        "severity": 6,
        "source": "firms"
      }
    },
    {
      "type": "Feature",
      "geometry": {
        "type": "Point",
        "coordinates": [
          34.352,
          51.675
        ]
      },
      "properties": {
        "title": "FIRMS thermal: FRP 3.12 MW",
        "summary": "VIIRS S-NPP NRT, sat N, acquired 2026-08-25 1013Z, FRP 3.12 MW",
        "date": "2026-08-25",
        "severity": 4,
        "source": "firms"
      }
    },
    {
      "type": "Feature",
      "geometry": {
        "type": "Point",
        "coordinates": [
          34.704,
          51.756
        ]
      },
      "properties": {
        "title": "FIRMS thermal: FRP 4.49 MW",
        "summary": "VIIRS S-NPP NRT, sat N, acquired 2026-08-25 1013Z, FRP 4.49 MW",
        "date": "2026-08-25",
        "severity": 4,
        "source": "firms"
      }
    },
    {
      "type": "Feature",
      "geometry": {
        "type": "Point",
        "coordinates": [
          34.697,
          51.755
        ]
      },
      "properties": {
        "title": "FIRMS thermal: FRP 3.8 MW",
        "summary": "VIIRS S-NPP NRT, sat N, acquired 2026-08-25 1013Z, FRP 3.8 MW",
        "date": "2026-08-25",
        "severity": 4,
        "source": "firms"
      }
    },
    {
      "type": "Feature",
      "geometry": {
        "type": "Point",
        "coordinates": [
          28.42,
          50.35
        ]
      },
      "properties": {
        "title": "FIRMS thermal: FRP 3.37 MW",
        "summary": "VIIRS S-NPP NRT, sat N, acquired 2026-08-25 1013Z, FRP 3.37 MW",
        "date": "2026-08-25",
        "severity": 4,
        "source": "firms"
      }
    },
    {
      "type": "Feature",
      "geometry": {
        "type": "Point",
        "coordinates": [
          34.298,
          51.75
        ]
      },
      "properties": {
        "title": "FIRMS thermal: FRP 3.79 MW",
        "summary": "VIIRS S-NPP NRT, sat N, acquired 2026-08-25 1013Z, FRP 3.79 MW",
        "date": "2026-08-25",
        "severity": 4,
        "source": "firms"
      }
    },
    {
      "type": "Feature",
      "geometry": {
        "type": "Point",
        "coordinates": [
          34.297,
          51.845
        ]
      },
      "properties": {
        "title": "FIRMS thermal: FRP 3.75 MW",
        "summary": "VIIRS S-NPP NRT, sat N, acquired 2026-08-25 1013Z, FRP 3.75 MW",
        "date": "2026-08-25",
        "severity": 4,
        "source": "firms"
      }
    },
    {
      "type": "Feature",
      "geometry": {
        "type": "Point",
        "coordinates": [
          34.295,
          51.846
        ]
      },
      "properties": {
        "title": "FIRMS thermal: FRP 2.96 MW",
        "summary": "VIIRS S-NPP NRT, sat N, acquired 2026-08-25 1013Z, FRP 2.96 MW",
        "date": "2026-08-25",
        "severity": 3,
        "source": "firms"
      }
    },
    {
      "type": "Feature",
      "geometry": {
        "type": "Point",
        "coordinates": [
          34.801,
          51.973
        ]
      },
      "properties": {
        "title": "FIRMS thermal: FRP 23.81 MW",
        "summary": "VIIRS S-NPP NRT, sat N, acquired 2026-08-25 1013Z, FRP 23.81 MW",
        "date": "2026-08-25",
        "severity": 8,
        "source": "firms"
      }
    },
    {
      "type": "Feature",
      "geometry": {
        "type": "Point",
        "coordinates": [
          34.795,
          51.972
        ]
      },
      "properties": {
        "title": "FIRMS thermal: FRP 23.81 MW",
        "summary": "VIIRS S-NPP NRT, sat N, acquired 2026-08-25 1013Z, FRP 23.81 MW",
        "date": "2026-08-25",
        "severity": 8,
        "source": "firms"
      }
    },
    {
      "type": "Feature",
      "geometry": {
        "type": "Point",
        "coordinates": [
          30.387,
          51.002
        ]
      },
      "properties": {
        "title": "FIRMS thermal: FRP 9.57 MW",
        "summary": "VIIRS S-NPP NRT, sat N, acquired 2026-08-25 1013Z, FRP 9.57 MW",
        "date": "2026-08-25",
        "severity": 6,
        "source": "firms"
      }
    },
    {
      "type": "Feature",
      "geometry": {
        "type": "Point",
        "coordinates": [
          34.793,
          51.975
        ]
      },
      "properties": {
        "title": "FIRMS thermal: FRP 23.81 MW",
        "summary": "VIIRS S-NPP NRT, sat N, acquired 2026-08-25 1013Z, FRP 23.81 MW",
        "date": "2026-08-25",
        "severity": 8,
        "source": "firms"
      }
    },
    {
      "type": "Feature",
      "geometry": {
        "type": "Point",
        "coordinates": [
          30.385,
          51.006
        ]
      },
      "properties": {
        "title": "FIRMS thermal: FRP 9.57 MW",
        "summary": "VIIRS S-NPP NRT, sat N, acquired 2026-08-25 1013Z, FRP 9.57 MW",
        "date": "2026-08-25",
        "severity": 6,
        "source": "firms"
      }
    },
    {
      "type": "Feature",
      "geometry": {
        "type": "Point",
        "coordinates": [
          30.379,
          51.005
        ]
      },
      "properties": {
        "title": "FIRMS thermal: FRP 9.57 MW",
        "summary": "VIIRS S-NPP NRT, sat N, acquired 2026-08-25 1013Z, FRP 9.57 MW",
        "date": "2026-08-25",
        "severity": 6,
        "source": "firms"
      }
    },
    {
      "type": "Feature",
      "geometry": {
        "type": "Point",
        "coordinates": [
          30.311,
          50.997
        ]
      },
      "properties": {
        "title": "FIRMS thermal: FRP 4.1 MW",
        "summary": "VIIRS S-NPP NRT, sat N, acquired 2026-08-25 1013Z, FRP 4.1 MW",
        "date": "2026-08-25",
        "severity": 4,
        "source": "firms"
      }
    },
    {
      "type": "Feature",
      "geometry": {
        "type": "Point",
        "coordinates": [
          30.309,
          51.001
        ]
      },
      "properties": {
        "title": "FIRMS thermal: FRP 9.06 MW",
        "summary": "VIIRS S-NPP NRT, sat N, acquired 2026-08-25 1013Z, FRP 9.06 MW",
        "date": "2026-08-25",
        "severity": 6,
        "source": "firms"
      }
    },
    {
      "type": "Feature",
      "geometry": {
        "type": "Point",
        "coordinates": [
          30.303,
          51.0
        ]
      },
      "properties": {
        "title": "FIRMS thermal: FRP 9.06 MW",
        "summary": "VIIRS S-NPP NRT, sat N, acquired 2026-08-25 1013Z, FRP 9.06 MW",
        "date": "2026-08-25",
        "severity": 6,
        "source": "firms"
      }
    },
    {
      "type": "Feature",
      "geometry": {
        "type": "Point",
        "coordinates": [
          29.185,
          51.208
        ]
      },
      "properties": {
        "title": "FIRMS thermal: FRP 10.48 MW",
        "summary": "VIIRS S-NPP NRT, sat N, acquired 2026-08-25 1013Z, FRP 10.48 MW",
        "date": "2026-08-25",
        "severity": 6,
        "source": "firms"
      }
    },
    {
      "type": "Feature",
      "geometry": {
        "type": "Point",
        "coordinates": [
          29.179,
          51.206
        ]
      },
      "properties": {
        "title": "FIRMS thermal: FRP 10.48 MW",
        "summary": "VIIRS S-NPP NRT, sat N, acquired 2026-08-25 1013Z, FRP 10.48 MW",
        "date": "2026-08-25",
        "severity": 6,
        "source": "firms"
      }
    },
    {
      "type": "Feature",
      "geometry": {
        "type": "Point",
        "coordinates": [
          24.835,
          50.083
        ]
      },
      "properties": {
        "title": "FIRMS thermal: FRP 3.22 MW",
        "summary": "VIIRS S-NPP NRT, sat N, acquired 2026-08-25 1013Z, FRP 3.22 MW",
        "date": "2026-08-25",
        "severity": 4,
        "source": "firms"
      }
    },
    {
      "type": "Feature",
      "geometry": {
        "type": "Point",
        "coordinates": [
          33.341,
          52.366
        ]
      },
      "properties": {
        "title": "FIRMS thermal: FRP 7.26 MW",
        "summary": "VIIRS S-NPP NRT, sat N, acquired 2026-08-25 1013Z, FRP 7.26 MW",
        "date": "2026-08-25",
        "severity": 5,
        "source": "firms"
      }
    },
    {
      "type": "Feature",
      "geometry": {
        "type": "Point",
        "coordinates": [
          32.876,
          52.308
        ]
      },
      "properties": {
        "title": "FIRMS thermal: FRP 2.7 MW",
        "summary": "VIIRS S-NPP NRT, sat N, acquired 2026-08-25 1013Z, FRP 2.7 MW",
        "date": "2026-08-25",
        "severity": 3,
        "source": "firms"
      }
    },
    {
      "type": "Feature",
      "geometry": {
        "type": "Point",
        "coordinates": [
          32.891,
          52.536
        ]
      },
      "properties": {
        "title": "FIRMS thermal: FRP 13.0 MW",
        "summary": "VIIRS S-NPP NRT, sat N, acquired 2026-08-25 1013Z, FRP 13 MW",
        "date": "2026-08-25",
        "severity": 7,
        "source": "firms"
      }
    },
    {
      "type": "Feature",
      "geometry": {
        "type": "Point",
        "coordinates": [
          24.642,
          50.499
        ]
      },
      "properties": {
        "title": "FIRMS thermal: FRP 2.77 MW",
        "summary": "VIIRS S-NPP NRT, sat N, acquired 2026-08-25 1015Z, FRP 2.77 MW",
        "date": "2026-08-25",
        "severity": 3,
        "source": "firms"
      }
    },
    {
      "type": "Feature",
      "geometry": {
        "type": "Point",
        "coordinates": [
          32.924,
          52.668
        ]
      },
      "properties": {
        "title": "FIRMS thermal: FRP 9.16 MW",
        "summary": "VIIRS S-NPP NRT, sat N, acquired 2026-08-25 1015Z, FRP 9.16 MW",
        "date": "2026-08-25",
        "severity": 6,
        "source": "firms"
      }
    },
    {
      "type": "Feature",
      "geometry": {
        "type": "Point",
        "coordinates": [
          29.34,
          51.893
        ]
      },
      "properties": {
        "title": "FIRMS thermal: FRP 9.99 MW",
        "summary": "VIIRS S-NPP NRT, sat N, acquired 2026-08-25 1015Z, FRP 9.99 MW",
        "date": "2026-08-25",
        "severity": 6,
        "source": "firms"
      }
    },
    {
      "type": "Feature",
      "geometry": {
        "type": "Point",
        "coordinates": [
          27.486,
          44.129
        ]
      },
      "properties": {
        "title": "FIRMS thermal: FRP 3.38 MW",
        "summary": "VIIRS S-NPP NRT, sat N, acquired 2026-08-25 1153Z, FRP 3.38 MW",
        "date": "2026-08-25",
        "severity": 4,
        "source": "firms"
      }
    },
    {
      "type": "Feature",
      "geometry": {
        "type": "Point",
        "coordinates": [
          27.485,
          44.128
        ]
      },
      "properties": {
        "title": "FIRMS thermal: FRP 8.34 MW",
        "summary": "VIIRS S-NPP NRT, sat N, acquired 2026-08-25 1153Z, FRP 8.34 MW",
        "date": "2026-08-25",
        "severity": 5,
        "source": "firms"
      }
    },
    {
      "type": "Feature",
      "geometry": {
        "type": "Point",
        "coordinates": [
          28.591,
          44.298
        ]
      },
      "properties": {
        "title": "FIRMS thermal: FRP 2.43 MW",
        "summary": "VIIRS S-NPP NRT, sat N, acquired 2026-08-25 1153Z, FRP 2.43 MW",
        "date": "2026-08-25",
        "severity": 3,
        "source": "firms"
      }
    },
    {
      "type": "Feature",
      "geometry": {
        "type": "Point",
        "coordinates": [
          26.557,
          44.174
        ]
      },
      "properties": {
        "title": "FIRMS thermal: FRP 6.12 MW",
        "summary": "VIIRS S-NPP NRT, sat N, acquired 2026-08-25 1153Z, FRP 6.12 MW",
        "date": "2026-08-25",
        "severity": 5,
        "source": "firms"
      }
    },
    {
      "type": "Feature",
      "geometry": {
        "type": "Point",
        "coordinates": [
          28.59,
          44.3
        ]
      },
      "properties": {
        "title": "FIRMS thermal: FRP 2.88 MW",
        "summary": "VIIRS S-NPP NRT, sat N, acquired 2026-08-25 1153Z, FRP 2.88 MW",
        "date": "2026-08-25",
        "severity": 3,
        "source": "firms"
      }
    },
    {
      "type": "Feature",
      "geometry": {
        "type": "Point",
        "coordinates": [
          27.082,
          44.246
        ]
      },
      "properties": {
        "title": "FIRMS thermal: FRP 9.71 MW",
        "summary": "VIIRS S-NPP NRT, sat N, acquired 2026-08-25 1153Z, FRP 9.71 MW",
        "date": "2026-08-25",
        "severity": 6,
        "source": "firms"
      }
    },
    {
      "type": "Feature",
      "geometry": {
        "type": "Point",
        "coordinates": [
          23.354,
          44.052
        ]
      },
      "properties": {
        "title": "FIRMS thermal: FRP 2.97 MW",
        "summary": "VIIRS S-NPP NRT, sat N, acquired 2026-08-25 1153Z, FRP 2.97 MW",
        "date": "2026-08-25",
        "severity": 3,
        "source": "firms"
      }
    },
    {
      "type": "Feature",
      "geometry": {
        "type": "Point",
        "coordinates": [
          25.328,
          44.443
        ]
      },
      "properties": {
        "title": "FIRMS thermal: FRP 4.81 MW",
        "summary": "VIIRS S-NPP NRT, sat N, acquired 2026-08-25 1153Z, FRP 4.81 MW",
        "date": "2026-08-25",
        "severity": 4,
        "source": "firms"
      }
    },
    {
      "type": "Feature",
      "geometry": {
        "type": "Point",
        "coordinates": [
          31.674,
          45.258
        ]
      },
      "properties": {
        "title": "FIRMS thermal: FRP 5.55 MW",
        "summary": "VIIRS S-NPP NRT, sat N, acquired 2026-08-25 1153Z, FRP 5.55 MW",
        "date": "2026-08-25",
        "severity": 4,
        "source": "firms"
      }
    },
    {
      "type": "Feature",
      "geometry": {
        "type": "Point",
        "coordinates": [
          31.677,
          45.26
        ]
      },
      "properties": {
        "title": "FIRMS thermal: FRP 4.01 MW",
        "summary": "VIIRS S-NPP NRT, sat N, acquired 2026-08-25 1153Z, FRP 4.01 MW",
        "date": "2026-08-25",
        "severity": 4,
        "source": "firms"
      }
    },
    {
      "type": "Feature",
      "geometry": {
        "type": "Point",
        "coordinates": [
          31.671,
          45.259
        ]
      },
      "properties": {
        "title": "FIRMS thermal: FRP 4.01 MW",
        "summary": "VIIRS S-NPP NRT, sat N, acquired 2026-08-25 1153Z, FRP 4.01 MW",
        "date": "2026-08-25",
        "severity": 4,
        "source": "firms"
      }
    },
    {
      "type": "Feature",
      "geometry": {
        "type": "Point",
        "coordinates": [
          27.235,
          45.133
        ]
      },
      "properties": {
        "title": "FIRMS thermal: FRP 7.42 MW",
        "summary": "VIIRS S-NPP NRT, sat N, acquired 2026-08-25 1153Z, FRP 7.42 MW",
        "date": "2026-08-25",
        "severity": 5,
        "source": "firms"
      }
    },
    {
      "type": "Feature",
      "geometry": {
        "type": "Point",
        "coordinates": [
          23.582,
          45.03
        ]
      },
      "properties": {
        "title": "FIRMS thermal: FRP 66.01 MW",
        "summary": "VIIRS S-NPP NRT, sat N, acquired 2026-08-25 1153Z, FRP 66.01 MW",
        "date": "2026-08-25",
        "severity": 8,
        "source": "firms"
      }
    },
    {
      "type": "Feature",
      "geometry": {
        "type": "Point",
        "coordinates": [
          23.581,
          45.034
        ]
      },
      "properties": {
        "title": "FIRMS thermal: FRP 23.0 MW",
        "summary": "VIIRS S-NPP NRT, sat N, acquired 2026-08-25 1153Z, FRP 23 MW",
        "date": "2026-08-25",
        "severity": 8,
        "source": "firms"
      }
    },
    {
      "type": "Feature",
      "geometry": {
        "type": "Point",
        "coordinates": [
          29.199,
          45.572
        ]
      },
      "properties": {
        "title": "FIRMS thermal: FRP 3.34 MW",
        "summary": "VIIRS S-NPP NRT, sat N, acquired 2026-08-25 1153Z, FRP 3.34 MW",
        "date": "2026-08-25",
        "severity": 4,
        "source": "firms"
      }
    },
    {
      "type": "Feature",
      "geometry": {
        "type": "Point",
        "coordinates": [
          29.199,
          45.575
        ]
      },
      "properties": {
        "title": "FIRMS thermal: FRP 5.5 MW",
        "summary": "VIIRS S-NPP NRT, sat N, acquired 2026-08-25 1153Z, FRP 5.5 MW",
        "date": "2026-08-25",
        "severity": 4,
        "source": "firms"
      }
    },
    {
      "type": "Feature",
      "geometry": {
        "type": "Point",
        "coordinates": [
          29.521,
          45.691
        ]
      },
      "properties": {
        "title": "FIRMS thermal: FRP 23.45 MW",
        "summary": "VIIRS S-NPP NRT, sat N, acquired 2026-08-25 1153Z, FRP 23.45 MW",
        "date": "2026-08-25",
        "severity": 8,
        "source": "firms"
      }
    },
    {
      "type": "Feature",
      "geometry": {
        "type": "Point",
        "coordinates": [
          29.523,
          45.693
        ]
      },
      "properties": {
        "title": "FIRMS thermal: FRP 19.01 MW",
        "summary": "VIIRS S-NPP NRT, sat N, acquired 2026-08-25 1153Z, FRP 19.01 MW",
        "date": "2026-08-25",
        "severity": 8,
        "source": "firms"
      }
    },
    {
      "type": "Feature",
      "geometry": {
        "type": "Point",
        "coordinates": [
          29.518,
          45.693
        ]
      },
      "properties": {
        "title": "FIRMS thermal: FRP 12.48 MW",
        "summary": "VIIRS S-NPP NRT, sat N, acquired 2026-08-25 1153Z, FRP 12.48 MW",
        "date": "2026-08-25",
        "severity": 7,
        "source": "firms"
      }
    },
    {
      "type": "Feature",
      "geometry": {
        "type": "Point",
        "coordinates": [
          33.978,
          45.998
        ]
      },
      "properties": {
        "title": "FIRMS thermal: FRP 9.36 MW",
        "summary": "VIIRS S-NPP NRT, sat N, acquired 2026-08-25 1153Z, FRP 9.36 MW",
        "date": "2026-08-25",
        "severity": 6,
        "source": "firms"
      }
    },
    {
      "type": "Feature",
      "geometry": {
        "type": "Point",
        "coordinates": [
          33.962,
          46.005
        ]
      },
      "properties": {
        "title": "FIRMS thermal: FRP 12.24 MW",
        "summary": "VIIRS S-NPP NRT, sat N, acquired 2026-08-25 1153Z, FRP 12.24 MW",
        "date": "2026-08-25",
        "severity": 7,
        "source": "firms"
      }
    },
    {
      "type": "Feature",
      "geometry": {
        "type": "Point",
        "coordinates": [
          33.961,
          46.002
        ]
      },
      "properties": {
        "title": "FIRMS thermal: FRP 13.17 MW",
        "summary": "VIIRS S-NPP NRT, sat N, acquired 2026-08-25 1153Z, FRP 13.17 MW",
        "date": "2026-08-25",
        "severity": 7,
        "source": "firms"
      }
    },
    {
      "type": "Feature",
      "geometry": {
        "type": "Point",
        "coordinates": [
          33.978,
          46.002
        ]
      },
      "properties": {
        "title": "FIRMS thermal: FRP 11.92 MW",
        "summary": "VIIRS S-NPP NRT, sat N, acquired 2026-08-25 1153Z, FRP 11.92 MW",
        "date": "2026-08-25",
        "severity": 6,
        "source": "firms"
      }
    },
    {
      "type": "Feature",
      "geometry": {
        "type": "Point",
        "coordinates": [
          25.473,
          45.767
        ]
      },
      "properties": {
        "title": "FIRMS thermal: FRP 2.93 MW",
        "summary": "VIIRS S-NPP NRT, sat N, acquired 2026-08-25 1153Z, FRP 2.93 MW",
        "date": "2026-08-25",
        "severity": 3,
        "source": "firms"
      }
    },
    {
      "type": "Feature",
      "geometry": {
        "type": "Point",
        "coordinates": [
          34.485,
          46.184
        ]
      },
      "properties": {
        "title": "FIRMS thermal: FRP 8.37 MW",
        "summary": "VIIRS S-NPP NRT, sat N, acquired 2026-08-25 1153Z, FRP 8.37 MW",
        "date": "2026-08-25",
        "severity": 5,
        "source": "firms"
      }
    },
    {
      "type": "Feature",
      "geometry": {
        "type": "Point",
        "coordinates": [
          34.477,
          46.185
        ]
      },
      "properties": {
        "title": "FIRMS thermal: FRP 9.83 MW",
        "summary": "VIIRS S-NPP NRT, sat N, acquired 2026-08-25 1153Z, FRP 9.83 MW",
        "date": "2026-08-25",
        "severity": 6,
        "source": "firms"
      }
    },
    {
      "type": "Feature",
      "geometry": {
        "type": "Point",
        "coordinates": [
          32.872,
          46.191
        ]
      },
      "properties": {
        "title": "FIRMS thermal: FRP 2.28 MW",
        "summary": "VIIRS S-NPP NRT, sat N, acquired 2026-08-25 1153Z, FRP 2.28 MW",
        "date": "2026-08-25",
        "severity": 3,
        "source": "firms"
      }
    },
    {
      "type": "Feature",
      "geometry": {
        "type": "Point",
        "coordinates": [
          32.586,
          46.348
        ]
      },
      "properties": {
        "title": "FIRMS thermal: FRP 5.06 MW",
        "summary": "VIIRS S-NPP NRT, sat N, acquired 2026-08-25 1153Z, FRP 5.06 MW",
        "date": "2026-08-25",
        "severity": 4,
        "source": "firms"
      }
    },
    {
      "type": "Feature",
      "geometry": {
        "type": "Point",
        "coordinates": [
          32.307,
          46.4
        ]
      },
      "properties": {
        "title": "FIRMS thermal: FRP 106.04 MW",
        "summary": "VIIRS S-NPP NRT, sat N, acquired 2026-08-25 1153Z, FRP 106.04 MW",
        "date": "2026-08-25",
        "severity": 8,
        "source": "firms"
      }
    },
    {
      "type": "Feature",
      "geometry": {
        "type": "Point",
        "coordinates": [
          32.294,
          46.4
        ]
      },
      "properties": {
        "title": "FIRMS thermal: FRP 62.2 MW",
        "summary": "VIIRS S-NPP NRT, sat N, acquired 2026-08-25 1153Z, FRP 62.2 MW",
        "date": "2026-08-25",
        "severity": 8,
        "source": "firms"
      }
    },
    {
      "type": "Feature",
      "geometry": {
        "type": "Point",
        "coordinates": [
          32.307,
          46.407
        ]
      },
      "properties": {
        "title": "FIRMS thermal: FRP 106.04 MW",
        "summary": "VIIRS S-NPP NRT, sat N, acquired 2026-08-25 1153Z, FRP 106.04 MW",
        "date": "2026-08-25",
        "severity": 8,
        "source": "firms"
      }
    },
    {
      "type": "Feature",
      "geometry": {
        "type": "Point",
        "coordinates": [
          32.3,
          46.406
        ]
      },
      "properties": {
        "title": "FIRMS thermal: FRP 62.2 MW",
        "summary": "VIIRS S-NPP NRT, sat N, acquired 2026-08-25 1153Z, FRP 62.2 MW",
        "date": "2026-08-25",
        "severity": 8,
        "source": "firms"
      }
    },
    {
      "type": "Feature",
      "geometry": {
        "type": "Point",
        "coordinates": [
          34.79,
          46.423
        ]
      },
      "properties": {
        "title": "FIRMS thermal: FRP 24.93 MW",
        "summary": "VIIRS S-NPP NRT, sat N, acquired 2026-08-25 1153Z, FRP 24.93 MW",
        "date": "2026-08-25",
        "severity": 8,
        "source": "firms"
      }
    },
    {
      "type": "Feature",
      "geometry": {
        "type": "Point",
        "coordinates": [
          34.781,
          46.423
        ]
      },
      "properties": {
        "title": "FIRMS thermal: FRP 18.67 MW",
        "summary": "VIIRS S-NPP NRT, sat N, acquired 2026-08-25 1153Z, FRP 18.67 MW",
        "date": "2026-08-25",
        "severity": 8,
        "source": "firms"
      }
    },
    {
      "type": "Feature",
      "geometry": {
        "type": "Point",
        "coordinates": [
          33.307,
          46.433
        ]
      },
      "properties": {
        "title": "FIRMS thermal: FRP 9.57 MW",
        "summary": "VIIRS S-NPP NRT, sat N, acquired 2026-08-25 1153Z, FRP 9.57 MW",
        "date": "2026-08-25",
        "severity": 6,
        "source": "firms"
      }
    },
    {
      "type": "Feature",
      "geometry": {
        "type": "Point",
        "coordinates": [
          32.309,
          46.399
        ]
      },
      "properties": {
        "title": "FIRMS thermal: FRP 62.16 MW",
        "summary": "VIIRS S-NPP NRT, sat N, acquired 2026-08-25 1153Z, FRP 62.16 MW",
        "date": "2026-08-25",
        "severity": 8,
        "source": "firms"
      }
    },
    {
      "type": "Feature",
      "geometry": {
        "type": "Point",
        "coordinates": [
          32.302,
          46.399
        ]
      },
      "properties": {
        "title": "FIRMS thermal: FRP 62.16 MW",
        "summary": "VIIRS S-NPP NRT, sat N, acquired 2026-08-25 1153Z, FRP 62.16 MW",
        "date": "2026-08-25",
        "severity": 8,
        "source": "firms"
      }
    },
    {
      "type": "Feature",
      "geometry": {
        "type": "Point",
        "coordinates": [
          32.296,
          46.399
        ]
      },
      "properties": {
        "title": "FIRMS thermal: FRP 49.14 MW",
        "summary": "VIIRS S-NPP NRT, sat N, acquired 2026-08-25 1153Z, FRP 49.14 MW",
        "date": "2026-08-25",
        "severity": 8,
        "source": "firms"
      }
    },
    {
      "type": "Feature",
      "geometry": {
        "type": "Point",
        "coordinates": [
          32.309,
          46.405
        ]
      },
      "properties": {
        "title": "FIRMS thermal: FRP 86.06 MW",
        "summary": "VIIRS S-NPP NRT, sat N, acquired 2026-08-25 1153Z, FRP 86.06 MW",
        "date": "2026-08-25",
        "severity": 8,
        "source": "firms"
      }
    },
    {
      "type": "Feature",
      "geometry": {
        "type": "Point",
        "coordinates": [
          32.302,
          46.405
        ]
      },
      "properties": {
        "title": "FIRMS thermal: FRP 86.06 MW",
        "summary": "VIIRS S-NPP NRT, sat N, acquired 2026-08-25 1153Z, FRP 86.06 MW",
        "date": "2026-08-25",
        "severity": 8,
        "source": "firms"
      }
    },
    {
      "type": "Feature",
      "geometry": {
        "type": "Point",
        "coordinates": [
          32.296,
          46.405
        ]
      },
      "properties": {
        "title": "FIRMS thermal: FRP 41.78 MW",
        "summary": "VIIRS S-NPP NRT, sat N, acquired 2026-08-25 1153Z, FRP 41.78 MW",
        "date": "2026-08-25",
        "severity": 8,
        "source": "firms"
      }
    },
    {
      "type": "Feature",
      "geometry": {
        "type": "Point",
        "coordinates": [
          34.786,
          46.423
        ]
      },
      "properties": {
        "title": "FIRMS thermal: FRP 28.88 MW",
        "summary": "VIIRS S-NPP NRT, sat N, acquired 2026-08-25 1153Z, FRP 28.88 MW",
        "date": "2026-08-25",
        "severity": 8,
        "source": "firms"
      }
    },
    {
      "type": "Feature",
      "geometry": {
        "type": "Point",
        "coordinates": [
          34.777,
          46.423
        ]
      },
      "properties": {
        "title": "FIRMS thermal: FRP 14.48 MW",
        "summary": "VIIRS S-NPP NRT, sat N, acquired 2026-08-25 1153Z, FRP 14.48 MW",
        "date": "2026-08-25",
        "severity": 7,
        "source": "firms"
      }
    },
    {
      "type": "Feature",
      "geometry": {
        "type": "Point",
        "coordinates": [
          33.31,
          46.433
        ]
      },
      "properties": {
        "title": "FIRMS thermal: FRP 8.6 MW",
        "summary": "VIIRS S-NPP NRT, sat N, acquired 2026-08-25 1153Z, FRP 8.6 MW",
        "date": "2026-08-25",
        "severity": 5,
        "source": "firms"
      }
    },
    {
      "type": "Feature",
      "geometry": {
        "type": "Point",
        "coordinates": [
          32.329,
          46.449
        ]
      },
      "properties": {
        "title": "FIRMS thermal: FRP 6.76 MW",
        "summary": "VIIRS S-NPP NRT, sat N, acquired 2026-08-25 1153Z, FRP 6.76 MW",
        "date": "2026-08-25",
        "severity": 5,
        "source": "firms"
      }
    },
    {
      "type": "Feature",
      "geometry": {
        "type": "Point",
        "coordinates": [
          32.281,
          46.448
        ]
      },
      "properties": {
        "title": "FIRMS thermal: FRP 5.39 MW",
        "summary": "VIIRS S-NPP NRT, sat N, acquired 2026-08-25 1153Z, FRP 5.39 MW",
        "date": "2026-08-25",
        "severity": 4,
        "source": "firms"
      }
    },
    {
      "type": "Feature",
      "geometry": {
        "type": "Point",
        "coordinates": [
          33.295,
          46.536
        ]
      },
      "properties": {
        "title": "FIRMS thermal: FRP 6.4 MW",
        "summary": "VIIRS S-NPP NRT, sat N, acquired 2026-08-25 1153Z, FRP 6.4 MW",
        "date": "2026-08-25",
        "severity": 5,
        "source": "firms"
      }
    },
    {
      "type": "Feature",
      "geometry": {
        "type": "Point",
        "coordinates": [
          31.76,
          46.512
        ]
      },
      "properties": {
        "title": "FIRMS thermal: FRP 7.86 MW",
        "summary": "VIIRS S-NPP NRT, sat N, acquired 2026-08-25 1153Z, FRP 7.86 MW",
        "date": "2026-08-25",
        "severity": 5,
        "source": "firms"
      }
    },
    {
      "type": "Feature",
      "geometry": {
        "type": "Point",
        "coordinates": [
          32.806,
          46.526
        ]
      },
      "properties": {
        "title": "FIRMS thermal: FRP 2.17 MW",
        "summary": "VIIRS S-NPP NRT, sat N, acquired 2026-08-25 1153Z, FRP 2.17 MW",
        "date": "2026-08-25",
        "severity": 3,
        "source": "firms"
      }
    },
    {
      "type": "Feature",
      "geometry": {
        "type": "Point",
        "coordinates": [
          31.763,
          46.512
        ]
      },
      "properties": {
        "title": "FIRMS thermal: FRP 10.15 MW",
        "summary": "VIIRS S-NPP NRT, sat N, acquired 2026-08-25 1153Z, FRP 10.15 MW",
        "date": "2026-08-25",
        "severity": 6,
        "source": "firms"
      }
    },
    {
      "type": "Feature",
      "geometry": {
        "type": "Point",
        "coordinates": [
          33.292,
          46.535
        ]
      },
      "properties": {
        "title": "FIRMS thermal: FRP 7.82 MW",
        "summary": "VIIRS S-NPP NRT, sat N, acquired 2026-08-25 1153Z, FRP 7.82 MW",
        "date": "2026-08-25",
        "severity": 5,
        "source": "firms"
      }
    },
    {
      "type": "Feature",
      "geometry": {
        "type": "Point",
        "coordinates": [
          34.698,
          46.581
        ]
      },
      "properties": {
        "title": "FIRMS thermal: FRP 11.85 MW",
        "summary": "VIIRS S-NPP NRT, sat N, acquired 2026-08-25 1153Z, FRP 11.85 MW",
        "date": "2026-08-25",
        "severity": 6,
        "source": "firms"
      }
    },
    {
      "type": "Feature",
      "geometry": {
        "type": "Point",
        "coordinates": [
          32.864,
          46.584
        ]
      },
      "properties": {
        "title": "FIRMS thermal: FRP 4.57 MW",
        "summary": "VIIRS S-NPP NRT, sat N, acquired 2026-08-25 1153Z, FRP 4.57 MW",
        "date": "2026-08-25",
        "severity": 4,
        "source": "firms"
      }
    },
    {
      "type": "Feature",
      "geometry": {
        "type": "Point",
        "coordinates": [
          34.691,
          46.643
        ]
      },
      "properties": {
        "title": "FIRMS thermal: FRP 5.89 MW",
        "summary": "VIIRS S-NPP NRT, sat N, acquired 2026-08-25 1153Z, FRP 5.89 MW",
        "date": "2026-08-25",
        "severity": 4,
        "source": "firms"
      }
    },
    {
      "type": "Feature",
      "geometry": {
        "type": "Point",
        "coordinates": [
          32.294,
          46.63
        ]
      },
      "properties": {
        "title": "FIRMS thermal: FRP 2.78 MW",
        "summary": "VIIRS S-NPP NRT, sat N, acquired 2026-08-25 1153Z, FRP 2.78 MW",
        "date": "2026-08-25",
        "severity": 3,
        "source": "firms"
      }
    },
    {
      "type": "Feature",
      "geometry": {
        "type": "Point",
        "coordinates": [
          33.402,
          46.704
        ]
      },
      "properties": {
        "title": "FIRMS thermal: FRP 7.39 MW",
        "summary": "VIIRS S-NPP NRT, sat N, acquired 2026-08-25 1153Z, FRP 7.39 MW",
        "date": "2026-08-25",
        "severity": 5,
        "source": "firms"
      }
    },
    {
      "type": "Feature",
      "geometry": {
        "type": "Point",
        "coordinates": [
          32.487,
          46.72
        ]
      },
      "properties": {
        "title": "FIRMS thermal: FRP 12.54 MW",
        "summary": "VIIRS S-NPP NRT, sat N, acquired 2026-08-25 1153Z, FRP 12.54 MW",
        "date": "2026-08-25",
        "severity": 7,
        "source": "firms"
      }
    },
    {
      "type": "Feature",
      "geometry": {
        "type": "Point",
        "coordinates": [
          33.347,
          46.736
        ]
      },
      "properties": {
        "title": "FIRMS thermal: FRP 7.43 MW",
        "summary": "VIIRS S-NPP NRT, sat N, acquired 2026-08-25 1153Z, FRP 7.43 MW",
        "date": "2026-08-25",
        "severity": 5,
        "source": "firms"
      }
    },
    {
      "type": "Feature",
      "geometry": {
        "type": "Point",
        "coordinates": [
          33.401,
          46.703
        ]
      },
      "properties": {
        "title": "FIRMS thermal: FRP 13.35 MW",
        "summary": "VIIRS S-NPP NRT, sat N, acquired 2026-08-25 1153Z, FRP 13.35 MW",
        "date": "2026-08-25",
        "severity": 7,
        "source": "firms"
      }
    },
    {
      "type": "Feature",
      "geometry": {
        "type": "Point",
        "coordinates": [
          32.486,
          46.717
        ]
      },
      "properties": {
        "title": "FIRMS thermal: FRP 5.78 MW",
        "summary": "VIIRS S-NPP NRT, sat N, acquired 2026-08-25 1153Z, FRP 5.78 MW",
        "date": "2026-08-25",
        "severity": 4,
        "source": "firms"
      }
    },
    {
      "type": "Feature",
      "geometry": {
        "type": "Point",
        "coordinates": [
          32.486,
          46.723
        ]
      },
      "properties": {
        "title": "FIRMS thermal: FRP 5.78 MW",
        "summary": "VIIRS S-NPP NRT, sat N, acquired 2026-08-25 1153Z, FRP 5.78 MW",
        "date": "2026-08-25",
        "severity": 4,
        "source": "firms"
      }
    },
    {
      "type": "Feature",
      "geometry": {
        "type": "Point",
        "coordinates": [
          33.346,
          46.735
        ]
      },
      "properties": {
        "title": "FIRMS thermal: FRP 5.63 MW",
        "summary": "VIIRS S-NPP NRT, sat N, acquired 2026-08-25 1153Z, FRP 5.63 MW",
        "date": "2026-08-25",
        "severity": 4,
        "source": "firms"
      }
    },
    {
      "type": "Feature",
      "geometry": {
        "type": "Point",
        "coordinates": [
          32.131,
          46.762
        ]
      },
      "properties": {
        "title": "FIRMS thermal: FRP 5.75 MW",
        "summary": "VIIRS S-NPP NRT, sat N, acquired 2026-08-25 1153Z, FRP 5.75 MW",
        "date": "2026-08-25",
        "severity": 4,
        "source": "firms"
      }
    },
    {
      "type": "Feature",
      "geometry": {
        "type": "Point",
        "coordinates": [
          32.131,
          46.768
        ]
      },
      "properties": {
        "title": "FIRMS thermal: FRP 5.75 MW",
        "summary": "VIIRS S-NPP NRT, sat N, acquired 2026-08-25 1153Z, FRP 5.75 MW",
        "date": "2026-08-25",
        "severity": 4,
        "source": "firms"
      }
    },
    {
      "type": "Feature",
      "geometry": {
        "type": "Point",
        "coordinates": [
          32.677,
          46.826
        ]
      },
      "properties": {
        "title": "FIRMS thermal: FRP 16.74 MW",
        "summary": "VIIRS S-NPP NRT, sat N, acquired 2026-08-25 1153Z, FRP 16.74 MW",
        "date": "2026-08-25",
        "severity": 8,
        "source": "firms"
      }
    },
    {
      "type": "Feature",
      "geometry": {
        "type": "Point",
        "coordinates": [
          32.677,
          46.832
        ]
      },
      "properties": {
        "title": "FIRMS thermal: FRP 5.36 MW",
        "summary": "VIIRS S-NPP NRT, sat N, acquired 2026-08-25 1153Z, FRP 5.36 MW",
        "date": "2026-08-25",
        "severity": 4,
        "source": "firms"
      }
    },
    {
      "type": "Feature",
      "geometry": {
        "type": "Point",
        "coordinates": [
          34.549,
          46.801
        ]
      },
      "properties": {
        "title": "FIRMS thermal: FRP 5.51 MW",
        "summary": "VIIRS S-NPP NRT, sat N, acquired 2026-08-25 1153Z, FRP 5.51 MW",
        "date": "2026-08-25",
        "severity": 4,
        "source": "firms"
      }
    },
    {
      "type": "Feature",
      "geometry": {
        "type": "Point",
        "coordinates": [
          32.673,
          46.822
        ]
      },
      "properties": {
        "title": "FIRMS thermal: FRP 8.31 MW",
        "summary": "VIIRS S-NPP NRT, sat N, acquired 2026-08-25 1153Z, FRP 8.31 MW",
        "date": "2026-08-25",
        "severity": 5,
        "source": "firms"
      }
    },
    {
      "type": "Feature",
      "geometry": {
        "type": "Point",
        "coordinates": [
          32.68,
          46.829
        ]
      },
      "properties": {
        "title": "FIRMS thermal: FRP 8.31 MW",
        "summary": "VIIRS S-NPP NRT, sat N, acquired 2026-08-25 1153Z, FRP 8.31 MW",
        "date": "2026-08-25",
        "severity": 5,
        "source": "firms"
      }
    },
    {
      "type": "Feature",
      "geometry": {
        "type": "Point",
        "coordinates": [
          32.673,
          46.828
        ]
      },
      "properties": {
        "title": "FIRMS thermal: FRP 8.31 MW",
        "summary": "VIIRS S-NPP NRT, sat N, acquired 2026-08-25 1153Z, FRP 8.31 MW",
        "date": "2026-08-25",
        "severity": 5,
        "source": "firms"
      }
    },
    {
      "type": "Feature",
      "geometry": {
        "type": "Point",
        "coordinates": [
          34.759,
          46.903
        ]
      },
      "properties": {
        "title": "FIRMS thermal: FRP 4.76 MW",
        "summary": "VIIRS S-NPP NRT, sat N, acquired 2026-08-25 1153Z, FRP 4.76 MW",
        "date": "2026-08-25",
        "severity": 4,
        "source": "firms"
      }
    },
    {
      "type": "Feature",
      "geometry": {
        "type": "Point",
        "coordinates": [
          34.21,
          46.932
        ]
      },
      "properties": {
        "title": "FIRMS thermal: FRP 25.38 MW",
        "summary": "VIIRS S-NPP NRT, sat N, acquired 2026-08-25 1153Z, FRP 25.38 MW",
        "date": "2026-08-25",
        "severity": 8,
        "source": "firms"
      }
    },
    {
      "type": "Feature",
      "geometry": {
        "type": "Point",
        "coordinates": [
          31.415,
          46.907
        ]
      },
      "properties": {
        "title": "FIRMS thermal: FRP 31.76 MW",
        "summary": "VIIRS S-NPP NRT, sat N, acquired 2026-08-25 1153Z, FRP 31.76 MW",
        "date": "2026-08-25",
        "severity": 8,
        "source": "firms"
      }
    },
    {
      "type": "Feature",
      "geometry": {
        "type": "Point",
        "coordinates": [
          31.409,
          46.907
        ]
      },
      "properties": {
        "title": "FIRMS thermal: FRP 14.17 MW",
        "summary": "VIIRS S-NPP NRT, sat N, acquired 2026-08-25 1153Z, FRP 14.17 MW",
        "date": "2026-08-25",
        "severity": 7,
        "source": "firms"
      }
    },
    {
      "type": "Feature",
      "geometry": {
        "type": "Point",
        "coordinates": [
          34.759,
          46.901
        ]
      },
      "properties": {
        "title": "FIRMS thermal: FRP 10.11 MW",
        "summary": "VIIRS S-NPP NRT, sat N, acquired 2026-08-25 1153Z, FRP 10.11 MW",
        "date": "2026-08-25",
        "severity": 6,
        "source": "firms"
      }
    },
    {
      "type": "Feature",
      "geometry": {
        "type": "Point",
        "coordinates": [
          31.413,
          46.903
        ]
      },
      "properties": {
        "title": "FIRMS thermal: FRP 14.24 MW",
        "summary": "VIIRS S-NPP NRT, sat N, acquired 2026-08-25 1153Z, FRP 14.24 MW",
        "date": "2026-08-25",
        "severity": 7,
        "source": "firms"
      }
    },
    {
      "type": "Feature",
      "geometry": {
        "type": "Point",
        "coordinates": [
          31.412,
          46.909
        ]
      },
      "properties": {
        "title": "FIRMS thermal: FRP 12.21 MW",
        "summary": "VIIRS S-NPP NRT, sat N, acquired 2026-08-25 1153Z, FRP 12.21 MW",
        "date": "2026-08-25",
        "severity": 7,
        "source": "firms"
      }
    },
    {
      "type": "Feature",
      "geometry": {
        "type": "Point",
        "coordinates": [
          34.209,
          46.933
        ]
      },
      "properties": {
        "title": "FIRMS thermal: FRP 16.74 MW",
        "summary": "VIIRS S-NPP NRT, sat N, acquired 2026-08-25 1153Z, FRP 16.74 MW",
        "date": "2026-08-25",
        "severity": 8,
        "source": "firms"
      }
    },
    {
      "type": "Feature",
      "geometry": {
        "type": "Point",
        "coordinates": [
          34.218,
          46.933
        ]
      },
      "properties": {
        "title": "FIRMS thermal: FRP 16.74 MW",
        "summary": "VIIRS S-NPP NRT, sat N, acquired 2026-08-25 1153Z, FRP 16.74 MW",
        "date": "2026-08-25",
        "severity": 8,
        "source": "firms"
      }
    },
    {
      "type": "Feature",
      "geometry": {
        "type": "Point",
        "coordinates": [
          34.074,
          47.041
        ]
      },
      "properties": {
        "title": "FIRMS thermal: FRP 17.36 MW",
        "summary": "VIIRS S-NPP NRT, sat N, acquired 2026-08-25 1153Z, FRP 17.36 MW",
        "date": "2026-08-25",
        "severity": 8,
        "source": "firms"
      }
    },
    {
      "type": "Feature",
      "geometry": {
        "type": "Point",
        "coordinates": [
          34.091,
          47.041
        ]
      },
      "properties": {
        "title": "FIRMS thermal: FRP 6.48 MW",
        "summary": "VIIRS S-NPP NRT, sat N, acquired 2026-08-25 1153Z, FRP 6.48 MW",
        "date": "2026-08-25",
        "severity": 5,
        "source": "firms"
      }
    },
    {
      "type": "Feature",
      "geometry": {
        "type": "Point",
        "coordinates": [
          34.074,
          47.048
        ]
      },
      "properties": {
        "title": "FIRMS thermal: FRP 21.32 MW",
        "summary": "VIIRS S-NPP NRT, sat N, acquired 2026-08-25 1153Z, FRP 21.32 MW",
        "date": "2026-08-25",
        "severity": 8,
        "source": "firms"
      }
    },
    {
      "type": "Feature",
      "geometry": {
        "type": "Point",
        "coordinates": [
          34.015,
          47.048
        ]
      },
      "properties": {
        "title": "FIRMS thermal: FRP 10.28 MW",
        "summary": "VIIRS S-NPP NRT, sat N, acquired 2026-08-25 1153Z, FRP 10.28 MW",
        "date": "2026-08-25",
        "severity": 6,
        "source": "firms"
      }
    },
    {
      "type": "Feature",
      "geometry": {
        "type": "Point",
        "coordinates": [
          33.231,
          47.051
        ]
      },
      "properties": {
        "title": "FIRMS thermal: FRP 9.15 MW",
        "summary": "VIIRS S-NPP NRT, sat N, acquired 2026-08-25 1153Z, FRP 9.15 MW",
        "date": "2026-08-25",
        "severity": 6,
        "source": "firms"
      }
    },
    {
      "type": "Feature",
      "geometry": {
        "type": "Point",
        "coordinates": [
          32.502,
          47.043
        ]
      },
      "properties": {
        "title": "FIRMS thermal: FRP 5.13 MW",
        "summary": "VIIRS S-NPP NRT, sat N, acquired 2026-08-25 1153Z, FRP 5.13 MW",
        "date": "2026-08-25",
        "severity": 4,
        "source": "firms"
      }
    },
    {
      "type": "Feature",
      "geometry": {
        "type": "Point",
        "coordinates": [
          34.091,
          47.037
        ]
      },
      "properties": {
        "title": "FIRMS thermal: FRP 2.26 MW",
        "summary": "VIIRS S-NPP NRT, sat N, acquired 2026-08-25 1153Z, FRP 2.26 MW",
        "date": "2026-08-25",
        "severity": 3,
        "source": "firms"
      }
    },
    {
      "type": "Feature",
      "geometry": {
        "type": "Point",
        "coordinates": [
          34.074,
          47.044
        ]
      },
      "properties": {
        "title": "FIRMS thermal: FRP 16.8 MW",
        "summary": "VIIRS S-NPP NRT, sat N, acquired 2026-08-25 1153Z, FRP 16.8 MW",
        "date": "2026-08-25",
        "severity": 8,
        "source": "firms"
      }
    },
    {
      "type": "Feature",
      "geometry": {
        "type": "Point",
        "coordinates": [
          34.091,
          47.044
        ]
      },
      "properties": {
        "title": "FIRMS thermal: FRP 9.58 MW",
        "summary": "VIIRS S-NPP NRT, sat N, acquired 2026-08-25 1153Z, FRP 9.58 MW",
        "date": "2026-08-25",
        "severity": 6,
        "source": "firms"
      }
    },
    {
      "type": "Feature",
      "geometry": {
        "type": "Point",
        "coordinates": [
          34.014,
          47.044
        ]
      },
      "properties": {
        "title": "FIRMS thermal: FRP 5.22 MW",
        "summary": "VIIRS S-NPP NRT, sat N, acquired 2026-08-25 1153Z, FRP 5.22 MW",
        "date": "2026-08-25",
        "severity": 4,
        "source": "firms"
      }
    },
    {
      "type": "Feature",
      "geometry": {
        "type": "Point",
        "coordinates": [
          34.091,
          47.051
        ]
      },
      "properties": {
        "title": "FIRMS thermal: FRP 9.58 MW",
        "summary": "VIIRS S-NPP NRT, sat N, acquired 2026-08-25 1153Z, FRP 9.58 MW",
        "date": "2026-08-25",
        "severity": 6,
        "source": "firms"
      }
    },
    {
      "type": "Feature",
      "geometry": {
        "type": "Point",
        "coordinates": [
          33.23,
          47.051
        ]
      },
      "properties": {
        "title": "FIRMS thermal: FRP 5.59 MW",
        "summary": "VIIRS S-NPP NRT, sat N, acquired 2026-08-25 1153Z, FRP 5.59 MW",
        "date": "2026-08-25",
        "severity": 4,
        "source": "firms"
      }
    },
    {
      "type": "Feature",
      "geometry": {
        "type": "Point",
        "coordinates": [
          34.082,
          47.051
        ]
      },
      "properties": {
        "title": "FIRMS thermal: FRP 9.58 MW",
        "summary": "VIIRS S-NPP NRT, sat N, acquired 2026-08-25 1153Z, FRP 9.58 MW",
        "date": "2026-08-25",
        "severity": 6,
        "source": "firms"
      }
    },
    {
      "type": "Feature",
      "geometry": {
        "type": "Point",
        "coordinates": [
          34.014,
          47.051
        ]
      },
      "properties": {
        "title": "FIRMS thermal: FRP 5.22 MW",
        "summary": "VIIRS S-NPP NRT, sat N, acquired 2026-08-25 1153Z, FRP 5.22 MW",
        "date": "2026-08-25",
        "severity": 4,
        "source": "firms"
      }
    },
    {
      "type": "Feature",
      "geometry": {
        "type": "Point",
        "coordinates": [
          32.501,
          47.046
        ]
      },
      "properties": {
        "title": "FIRMS thermal: FRP 5.29 MW",
        "summary": "VIIRS S-NPP NRT, sat N, acquired 2026-08-25 1153Z, FRP 5.29 MW",
        "date": "2026-08-25",
        "severity": 4,
        "source": "firms"
      }
    },
    {
      "type": "Feature",
      "geometry": {
        "type": "Point",
        "coordinates": [
          33.23,
          47.058
        ]
      },
      "properties": {
        "title": "FIRMS thermal: FRP 3.59 MW",
        "summary": "VIIRS S-NPP NRT, sat N, acquired 2026-08-25 1153Z, FRP 3.59 MW",
        "date": "2026-08-25",
        "severity": 4,
        "source": "firms"
      }
    },
    {
      "type": "Feature",
      "geometry": {
        "type": "Point",
        "coordinates": [
          34.032,
          47.064
        ]
      },
      "properties": {
        "title": "FIRMS thermal: FRP 4.94 MW",
        "summary": "VIIRS S-NPP NRT, sat N, acquired 2026-08-25 1153Z, FRP 4.94 MW",
        "date": "2026-08-25",
        "severity": 4,
        "source": "firms"
      }
    },
    {
      "type": "Feature",
      "geometry": {
        "type": "Point",
        "coordinates": [
          33.514,
          47.084
        ]
      },
      "properties": {
        "title": "FIRMS thermal: FRP 44.49 MW",
        "summary": "VIIRS S-NPP NRT, sat N, acquired 2026-08-25 1153Z, FRP 44.49 MW",
        "date": "2026-08-25",
        "severity": 8,
        "source": "firms"
      }
    },
    {
      "type": "Feature",
      "geometry": {
        "type": "Point",
        "coordinates": [
          31.304,
          47.058
        ]
      },
      "properties": {
        "title": "FIRMS thermal: FRP 4.43 MW",
        "summary": "VIIRS S-NPP NRT, sat N, acquired 2026-08-25 1153Z, FRP 4.43 MW",
        "date": "2026-08-25",
        "severity": 4,
        "source": "firms"
      }
    },
    {
      "type": "Feature",
      "geometry": {
        "type": "Point",
        "coordinates": [
          34.203,
          47.091
        ]
      },
      "properties": {
        "title": "FIRMS thermal: FRP 6.86 MW",
        "summary": "VIIRS S-NPP NRT, sat N, acquired 2026-08-25 1153Z, FRP 6.86 MW",
        "date": "2026-08-25",
        "severity": 5,
        "source": "firms"
      }
    },
    {
      "type": "Feature",
      "geometry": {
        "type": "Point",
        "coordinates": [
          31.994,
          47.168
        ]
      },
      "properties": {
        "title": "FIRMS thermal: FRP 12.22 MW",
        "summary": "VIIRS S-NPP NRT, sat N, acquired 2026-08-25 1153Z, FRP 12.22 MW",
        "date": "2026-08-25",
        "severity": 7,
        "source": "firms"
      }
    },
    {
      "type": "Feature",
      "geometry": {
        "type": "Point",
        "coordinates": [
          34.135,
          47.22
        ]
      },
      "properties": {
        "title": "FIRMS thermal: FRP 5.19 MW",
        "summary": "VIIRS S-NPP NRT, sat N, acquired 2026-08-25 1153Z, FRP 5.19 MW",
        "date": "2026-08-25",
        "severity": 4,
        "source": "firms"
      }
    },
    {
      "type": "Feature",
      "geometry": {
        "type": "Point",
        "coordinates": [
          34.204,
          47.227
        ]
      },
      "properties": {
        "title": "FIRMS thermal: FRP 7.24 MW",
        "summary": "VIIRS S-NPP NRT, sat N, acquired 2026-08-25 1153Z, FRP 7.24 MW",
        "date": "2026-08-25",
        "severity": 5,
        "source": "firms"
      }
    },
    {
      "type": "Feature",
      "geometry": {
        "type": "Point",
        "coordinates": [
          34.196,
          47.227
        ]
      },
      "properties": {
        "title": "FIRMS thermal: FRP 7.24 MW",
        "summary": "VIIRS S-NPP NRT, sat N, acquired 2026-08-25 1153Z, FRP 7.24 MW",
        "date": "2026-08-25",
        "severity": 5,
        "source": "firms"
      }
    },
    {
      "type": "Feature",
      "geometry": {
        "type": "Point",
        "coordinates": [
          34.033,
          47.247
        ]
      },
      "properties": {
        "title": "FIRMS thermal: FRP 4.13 MW",
        "summary": "VIIRS S-NPP NRT, sat N, acquired 2026-08-25 1153Z, FRP 4.13 MW",
        "date": "2026-08-25",
        "severity": 4,
        "source": "firms"
      }
    },
    {
      "type": "Feature",
      "geometry": {
        "type": "Point",
        "coordinates": [
          34.041,
          47.254
        ]
      },
      "properties": {
        "title": "FIRMS thermal: FRP 20.73 MW",
        "summary": "VIIRS S-NPP NRT, sat N, acquired 2026-08-25 1153Z, FRP 20.73 MW",
        "date": "2026-08-25",
        "severity": 8,
        "source": "firms"
      }
    },
    {
      "type": "Feature",
      "geometry": {
        "type": "Point",
        "coordinates": [
          34.033,
          47.254
        ]
      },
      "properties": {
        "title": "FIRMS thermal: FRP 8.86 MW",
        "summary": "VIIRS S-NPP NRT, sat N, acquired 2026-08-25 1153Z, FRP 8.86 MW",
        "date": "2026-08-25",
        "severity": 5,
        "source": "firms"
      }
    },
    {
      "type": "Feature",
      "geometry": {
        "type": "Point",
        "coordinates": [
          34.024,
          47.254
        ]
      },
      "properties": {
        "title": "FIRMS thermal: FRP 8.86 MW",
        "summary": "VIIRS S-NPP NRT, sat N, acquired 2026-08-25 1153Z, FRP 8.86 MW",
        "date": "2026-08-25",
        "severity": 5,
        "source": "firms"
      }
    },
    {
      "type": "Feature",
      "geometry": {
        "type": "Point",
        "coordinates": [
          34.993,
          47.257
        ]
      },
      "properties": {
        "title": "FIRMS thermal: FRP 6.74 MW",
        "summary": "VIIRS S-NPP NRT, sat N, acquired 2026-08-25 1153Z, FRP 6.74 MW",
        "date": "2026-08-25",
        "severity": 5,
        "source": "firms"
      }
    },
    {
      "type": "Feature",
      "geometry": {
        "type": "Point",
        "coordinates": [
          34.135,
          47.223
        ]
      },
      "properties": {
        "title": "FIRMS thermal: FRP 6.37 MW",
        "summary": "VIIRS S-NPP NRT, sat N, acquired 2026-08-25 1153Z, FRP 6.37 MW",
        "date": "2026-08-25",
        "severity": 5,
        "source": "firms"
      }
    },
    {
      "type": "Feature",
      "geometry": {
        "type": "Point",
        "coordinates": [
          34.204,
          47.229
        ]
      },
      "properties": {
        "title": "FIRMS thermal: FRP 11.7 MW",
        "summary": "VIIRS S-NPP NRT, sat N, acquired 2026-08-25 1153Z, FRP 11.7 MW",
        "date": "2026-08-25",
        "severity": 6,
        "source": "firms"
      }
    },
    {
      "type": "Feature",
      "geometry": {
        "type": "Point",
        "coordinates": [
          34.196,
          47.229
        ]
      },
      "properties": {
        "title": "FIRMS thermal: FRP 11.12 MW",
        "summary": "VIIRS S-NPP NRT, sat N, acquired 2026-08-25 1153Z, FRP 11.12 MW",
        "date": "2026-08-25",
        "severity": 6,
        "source": "firms"
      }
    },
    {
      "type": "Feature",
      "geometry": {
        "type": "Point",
        "coordinates": [
          34.041,
          47.25
        ]
      },
      "properties": {
        "title": "FIRMS thermal: FRP 15.55 MW",
        "summary": "VIIRS S-NPP NRT, sat N, acquired 2026-08-25 1153Z, FRP 15.55 MW",
        "date": "2026-08-25",
        "severity": 8,
        "source": "firms"
      }
    },
    {
      "type": "Feature",
      "geometry": {
        "type": "Point",
        "coordinates": [
          34.032,
          47.25
        ]
      },
      "properties": {
        "title": "FIRMS thermal: FRP 15.55 MW",
        "summary": "VIIRS S-NPP NRT, sat N, acquired 2026-08-25 1153Z, FRP 15.55 MW",
        "date": "2026-08-25",
        "severity": 8,
        "source": "firms"
      }
    },
    {
      "type": "Feature",
      "geometry": {
        "type": "Point",
        "coordinates": [
          34.024,
          47.25
        ]
      },
      "properties": {
        "title": "FIRMS thermal: FRP 10.64 MW",
        "summary": "VIIRS S-NPP NRT, sat N, acquired 2026-08-25 1153Z, FRP 10.64 MW",
        "date": "2026-08-25",
        "severity": 6,
        "source": "firms"
      }
    },
    {
      "type": "Feature",
      "geometry": {
        "type": "Point",
        "coordinates": [
          33.181,
          47.264
        ]
      },
      "properties": {
        "title": "FIRMS thermal: FRP 5.31 MW",
        "summary": "VIIRS S-NPP NRT, sat N, acquired 2026-08-25 1153Z, FRP 5.31 MW",
        "date": "2026-08-25",
        "severity": 4,
        "source": "firms"
      }
    },
    {
      "type": "Feature",
      "geometry": {
        "type": "Point",
        "coordinates": [
          34.993,
          47.263
        ]
      },
      "properties": {
        "title": "FIRMS thermal: FRP 4.59 MW",
        "summary": "VIIRS S-NPP NRT, sat N, acquired 2026-08-25 1153Z, FRP 4.59 MW",
        "date": "2026-08-25",
        "severity": 4,
        "source": "firms"
      }
    },
    {
      "type": "Feature",
      "geometry": {
        "type": "Point",
        "coordinates": [
          32.573,
          47.298
        ]
      },
      "properties": {
        "title": "FIRMS thermal: FRP 4.91 MW",
        "summary": "VIIRS S-NPP NRT, sat N, acquired 2026-08-25 1153Z, FRP 4.91 MW",
        "date": "2026-08-25",
        "severity": 4,
        "source": "firms"
      }
    },
    {
      "type": "Feature",
      "geometry": {
        "type": "Point",
        "coordinates": [
          32.847,
          47.346
        ]
      },
      "properties": {
        "title": "FIRMS thermal: FRP 5.86 MW",
        "summary": "VIIRS S-NPP NRT, sat N, acquired 2026-08-25 1153Z, FRP 5.86 MW",
        "date": "2026-08-25",
        "severity": 4,
        "source": "firms"
      }
    },
    {
      "type": "Feature",
      "geometry": {
        "type": "Point",
        "coordinates": [
          32.281,
          47.404
        ]
      },
      "properties": {
        "title": "FIRMS thermal: FRP 15.22 MW",
        "summary": "VIIRS S-NPP NRT, sat N, acquired 2026-08-25 1153Z, FRP 15.22 MW",
        "date": "2026-08-25",
        "severity": 8,
        "source": "firms"
      }
    },
    {
      "type": "Feature",
      "geometry": {
        "type": "Point",
        "coordinates": [
          32.273,
          47.404
        ]
      },
      "properties": {
        "title": "FIRMS thermal: FRP 10.12 MW",
        "summary": "VIIRS S-NPP NRT, sat N, acquired 2026-08-25 1153Z, FRP 10.12 MW",
        "date": "2026-08-25",
        "severity": 6,
        "source": "firms"
      }
    },
    {
      "type": "Feature",
      "geometry": {
        "type": "Point",
        "coordinates": [
          32.273,
          47.41
        ]
      },
      "properties": {
        "title": "FIRMS thermal: FRP 8.58 MW",
        "summary": "VIIRS S-NPP NRT, sat N, acquired 2026-08-25 1153Z, FRP 8.58 MW",
        "date": "2026-08-25",
        "severity": 5,
        "source": "firms"
      }
    },
    {
      "type": "Feature",
      "geometry": {
        "type": "Point",
        "coordinates": [
          34.364,
          47.459
        ]
      },
      "properties": {
        "title": "FIRMS thermal: FRP 36.7 MW",
        "summary": "VIIRS S-NPP NRT, sat N, acquired 2026-08-25 1153Z, FRP 36.7 MW",
        "date": "2026-08-25",
        "severity": 8,
        "source": "firms"
      }
    },
    {
      "type": "Feature",
      "geometry": {
        "type": "Point",
        "coordinates": [
          34.355,
          47.459
        ]
      },
      "properties": {
        "title": "FIRMS thermal: FRP 12.17 MW",
        "summary": "VIIRS S-NPP NRT, sat N, acquired 2026-08-25 1153Z, FRP 12.17 MW",
        "date": "2026-08-25",
        "severity": 7,
        "source": "firms"
      }
    },
    {
      "type": "Feature",
      "geometry": {
        "type": "Point",
        "coordinates": [
          34.355,
          47.466
        ]
      },
      "properties": {
        "title": "FIRMS thermal: FRP 12.17 MW",
        "summary": "VIIRS S-NPP NRT, sat N, acquired 2026-08-25 1153Z, FRP 12.17 MW",
        "date": "2026-08-25",
        "severity": 7,
        "source": "firms"
      }
    },
    {
      "type": "Feature",
      "geometry": {
        "type": "Point",
        "coordinates": [
          34.364,
          47.46
        ]
      },
      "properties": {
        "title": "FIRMS thermal: FRP 20.11 MW",
        "summary": "VIIRS S-NPP NRT, sat N, acquired 2026-08-25 1153Z, FRP 20.11 MW",
        "date": "2026-08-25",
        "severity": 8,
        "source": "firms"
      }
    },
    {
      "type": "Feature",
      "geometry": {
        "type": "Point",
        "coordinates": [
          34.355,
          47.46
        ]
      },
      "properties": {
        "title": "FIRMS thermal: FRP 20.11 MW",
        "summary": "VIIRS S-NPP NRT, sat N, acquired 2026-08-25 1153Z, FRP 20.11 MW",
        "date": "2026-08-25",
        "severity": 8,
        "source": "firms"
      }
    },
    {
      "type": "Feature",
      "geometry": {
        "type": "Point",
        "coordinates": [
          34.355,
          47.467
        ]
      },
      "properties": {
        "title": "FIRMS thermal: FRP 8.09 MW",
        "summary": "VIIRS S-NPP NRT, sat N, acquired 2026-08-25 1153Z, FRP 8.09 MW",
        "date": "2026-08-25",
        "severity": 5,
        "source": "firms"
      }
    },
    {
      "type": "Feature",
      "geometry": {
        "type": "Point",
        "coordinates": [
          34.562,
          47.493
        ]
      },
      "properties": {
        "title": "FIRMS thermal: FRP 8.16 MW",
        "summary": "VIIRS S-NPP NRT, sat N, acquired 2026-08-25 1153Z, FRP 8.16 MW",
        "date": "2026-08-25",
        "severity": 5,
        "source": "firms"
      }
    },
    {
      "type": "Feature",
      "geometry": {
        "type": "Point",
        "coordinates": [
          34.608,
          47.533
        ]
      },
      "properties": {
        "title": "FIRMS thermal: FRP 8.0 MW",
        "summary": "VIIRS S-NPP NRT, sat N, acquired 2026-08-25 1153Z, FRP 8 MW",
        "date": "2026-08-25",
        "severity": 5,
        "source": "firms"
      }
    },
    {
      "type": "Feature",
      "geometry": {
        "type": "Point",
        "coordinates": [
          34.904,
          47.571
        ]
      },
      "properties": {
        "title": "FIRMS thermal: FRP 7.19 MW",
        "summary": "VIIRS S-NPP NRT, sat N, acquired 2026-08-25 1153Z, FRP 7.19 MW",
        "date": "2026-08-25",
        "severity": 5,
        "source": "firms"
      }
    },
    {
      "type": "Feature",
      "geometry": {
        "type": "Point",
        "coordinates": [
          34.904,
          47.578
        ]
      },
      "properties": {
        "title": "FIRMS thermal: FRP 14.16 MW",
        "summary": "VIIRS S-NPP NRT, sat N, acquired 2026-08-25 1153Z, FRP 14.16 MW",
        "date": "2026-08-25",
        "severity": 7,
        "source": "firms"
      }
    },
    {
      "type": "Feature",
      "geometry": {
        "type": "Point",
        "coordinates": [
          34.895,
          47.578
        ]
      },
      "properties": {
        "title": "FIRMS thermal: FRP 14.16 MW",
        "summary": "VIIRS S-NPP NRT, sat N, acquired 2026-08-25 1153Z, FRP 14.16 MW",
        "date": "2026-08-25",
        "severity": 7,
        "source": "firms"
      }
    },
    {
      "type": "Feature",
      "geometry": {
        "type": "Point",
        "coordinates": [
          34.655,
          47.629
        ]
      },
      "properties": {
        "title": "FIRMS thermal: FRP 4.78 MW",
        "summary": "VIIRS S-NPP NRT, sat N, acquired 2026-08-25 1153Z, FRP 4.78 MW",
        "date": "2026-08-25",
        "severity": 4,
        "source": "firms"
      }
    },
    {
      "type": "Feature",
      "geometry": {
        "type": "Point",
        "coordinates": [
          32.45,
          47.65
        ]
      },
      "properties": {
        "title": "FIRMS thermal: FRP 4.22 MW",
        "summary": "VIIRS S-NPP NRT, sat N, acquired 2026-08-25 1153Z, FRP 4.22 MW",
        "date": "2026-08-25",
        "severity": 4,
        "source": "firms"
      }
    },
    {
      "type": "Feature",
      "geometry": {
        "type": "Point",
        "coordinates": [
          32.45,
          47.654
        ]
      },
      "properties": {
        "title": "FIRMS thermal: FRP 9.69 MW",
        "summary": "VIIRS S-NPP NRT, sat N, acquired 2026-08-25 1153Z, FRP 9.69 MW",
        "date": "2026-08-25",
        "severity": 6,
        "source": "firms"
      }
    },
    {
      "type": "Feature",
      "geometry": {
        "type": "Point",
        "coordinates": [
          33.821,
          47.676
        ]
      },
      "properties": {
        "title": "FIRMS thermal: FRP 15.08 MW",
        "summary": "VIIRS S-NPP NRT, sat N, acquired 2026-08-25 1153Z, FRP 15.08 MW",
        "date": "2026-08-25",
        "severity": 8,
        "source": "firms"
      }
    },
    {
      "type": "Feature",
      "geometry": {
        "type": "Point",
        "coordinates": [
          34.526,
          47.794
        ]
      },
      "properties": {
        "title": "FIRMS thermal: FRP 25.39 MW",
        "summary": "VIIRS S-NPP NRT, sat N, acquired 2026-08-25 1153Z, FRP 25.39 MW",
        "date": "2026-08-25",
        "severity": 8,
        "source": "firms"
      }
    },
    {
      "type": "Feature",
      "geometry": {
        "type": "Point",
        "coordinates": [
          26.822,
          47.788
        ]
      },
      "properties": {
        "title": "FIRMS thermal: FRP 36.84 MW",
        "summary": "VIIRS S-NPP NRT, sat N, acquired 2026-08-25 1153Z, FRP 36.84 MW",
        "date": "2026-08-25",
        "severity": 8,
        "source": "firms"
      }
    },
    {
      "type": "Feature",
      "geometry": {
        "type": "Point",
        "coordinates": [
          26.821,
          47.793
        ]
      },
      "properties": {
        "title": "FIRMS thermal: FRP 22.05 MW",
        "summary": "VIIRS S-NPP NRT, sat N, acquired 2026-08-25 1153Z, FRP 22.05 MW",
        "date": "2026-08-25",
        "severity": 8,
        "source": "firms"
      }
    },
    {
      "type": "Feature",
      "geometry": {
        "type": "Point",
        "coordinates": [
          29.775,
          48.146
        ]
      },
      "properties": {
        "title": "FIRMS thermal: FRP 3.29 MW",
        "summary": "VIIRS S-NPP NRT, sat N, acquired 2026-08-25 1153Z, FRP 3.29 MW",
        "date": "2026-08-25",
        "severity": 4,
        "source": "firms"
      }
    },
    {
      "type": "Feature",
      "geometry": {
        "type": "Point",
        "coordinates": [
          33.771,
          48.29
        ]
      },
      "properties": {
        "title": "FIRMS thermal: FRP 17.36 MW",
        "summary": "VIIRS S-NPP NRT, sat N, acquired 2026-08-25 1153Z, FRP 17.36 MW",
        "date": "2026-08-25",
        "severity": 8,
        "source": "firms"
      }
    },
    {
      "type": "Feature",
      "geometry": {
        "type": "Point",
        "coordinates": [
          33.776,
          48.294
        ]
      },
      "properties": {
        "title": "FIRMS thermal: FRP 36.09 MW",
        "summary": "VIIRS S-NPP NRT, sat N, acquired 2026-08-25 1153Z, FRP 36.09 MW",
        "date": "2026-08-25",
        "severity": 8,
        "source": "firms"
      }
    },
    {
      "type": "Feature",
      "geometry": {
        "type": "Point",
        "coordinates": [
          33.767,
          48.294
        ]
      },
      "properties": {
        "title": "FIRMS thermal: FRP 36.09 MW",
        "summary": "VIIRS S-NPP NRT, sat N, acquired 2026-08-25 1153Z, FRP 36.09 MW",
        "date": "2026-08-25",
        "severity": 8,
        "source": "firms"
      }
    },
    {
      "type": "Feature",
      "geometry": {
        "type": "Point",
        "coordinates": [
          29.736,
          48.381
        ]
      },
      "properties": {
        "title": "FIRMS thermal: FRP 4.36 MW",
        "summary": "VIIRS S-NPP NRT, sat N, acquired 2026-08-25 1153Z, FRP 4.36 MW",
        "date": "2026-08-25",
        "severity": 4,
        "source": "firms"
      }
    },
    {
      "type": "Feature",
      "geometry": {
        "type": "Point",
        "coordinates": [
          29.736,
          48.386
        ]
      },
      "properties": {
        "title": "FIRMS thermal: FRP 4.36 MW",
        "summary": "VIIRS S-NPP NRT, sat N, acquired 2026-08-25 1153Z, FRP 4.36 MW",
        "date": "2026-08-25",
        "severity": 4,
        "source": "firms"
      }
    },
    {
      "type": "Feature",
      "geometry": {
        "type": "Point",
        "coordinates": [
          29.667,
          48.472
        ]
      },
      "properties": {
        "title": "FIRMS thermal: FRP 11.64 MW",
        "summary": "VIIRS S-NPP NRT, sat N, acquired 2026-08-25 1153Z, FRP 11.64 MW",
        "date": "2026-08-25",
        "severity": 6,
        "source": "firms"
      }
    },
    {
      "type": "Feature",
      "geometry": {
        "type": "Point",
        "coordinates": [
          29.661,
          48.472
        ]
      },
      "properties": {
        "title": "FIRMS thermal: FRP 7.07 MW",
        "summary": "VIIRS S-NPP NRT, sat N, acquired 2026-08-25 1153Z, FRP 7.07 MW",
        "date": "2026-08-25",
        "severity": 5,
        "source": "firms"
      }
    },
    {
      "type": "Feature",
      "geometry": {
        "type": "Point",
        "coordinates": [
          32.852,
          48.578
        ]
      },
      "properties": {
        "title": "FIRMS thermal: FRP 19.32 MW",
        "summary": "VIIRS S-NPP NRT, sat N, acquired 2026-08-25 1153Z, FRP 19.32 MW",
        "date": "2026-08-25",
        "severity": 8,
        "source": "firms"
      }
    },
    {
      "type": "Feature",
      "geometry": {
        "type": "Point",
        "coordinates": [
          32.86,
          48.578
        ]
      },
      "properties": {
        "title": "FIRMS thermal: FRP 17.61 MW",
        "summary": "VIIRS S-NPP NRT, sat N, acquired 2026-08-25 1153Z, FRP 17.61 MW",
        "date": "2026-08-25",
        "severity": 8,
        "source": "firms"
      }
    },
    {
      "type": "Feature",
      "geometry": {
        "type": "Point",
        "coordinates": [
          23.615,
          48.163
        ]
      },
      "properties": {
        "title": "FIRMS thermal: FRP 2.16 MW",
        "summary": "VIIRS S-NPP NRT, sat N, acquired 2026-08-25 1153Z, FRP 2.16 MW",
        "date": "2026-08-25",
        "severity": 3,
        "source": "firms"
      }
    },
    {
      "type": "Feature",
      "geometry": {
        "type": "Point",
        "coordinates": [
          32.851,
          48.578
        ]
      },
      "properties": {
        "title": "FIRMS thermal: FRP 13.55 MW",
        "summary": "VIIRS S-NPP NRT, sat N, acquired 2026-08-25 1153Z, FRP 13.55 MW",
        "date": "2026-08-25",
        "severity": 7,
        "source": "firms"
      }
    },
    {
      "type": "Feature",
      "geometry": {
        "type": "Point",
        "coordinates": [
          32.859,
          48.578
        ]
      },
      "properties": {
        "title": "FIRMS thermal: FRP 13.55 MW",
        "summary": "VIIRS S-NPP NRT, sat N, acquired 2026-08-25 1153Z, FRP 13.55 MW",
        "date": "2026-08-25",
        "severity": 7,
        "source": "firms"
      }
    },
    {
      "type": "Feature",
      "geometry": {
        "type": "Point",
        "coordinates": [
          26.075,
          48.395
        ]
      },
      "properties": {
        "title": "FIRMS thermal: FRP 9.08 MW",
        "summary": "VIIRS S-NPP NRT, sat N, acquired 2026-08-25 1153Z, FRP 9.08 MW",
        "date": "2026-08-25",
        "severity": 6,
        "source": "firms"
      }
    },
    {
      "type": "Feature",
      "geometry": {
        "type": "Point",
        "coordinates": [
          30.11,
          48.855
        ]
      },
      "properties": {
        "title": "FIRMS thermal: FRP 3.04 MW",
        "summary": "VIIRS S-NPP NRT, sat N, acquired 2026-08-25 1153Z, FRP 3.04 MW",
        "date": "2026-08-25",
        "severity": 4,
        "source": "firms"
      }
    },
    {
      "type": "Feature",
      "geometry": {
        "type": "Point",
        "coordinates": [
          24.19,
          48.935
        ]
      },
      "properties": {
        "title": "FIRMS thermal: FRP 5.3 MW",
        "summary": "VIIRS S-NPP NRT, sat N, acquired 2026-08-25 1153Z, FRP 5.3 MW",
        "date": "2026-08-25",
        "severity": 4,
        "source": "firms"
      }
    },
    {
      "type": "Feature",
      "geometry": {
        "type": "Point",
        "coordinates": [
          24.184,
          48.935
        ]
      },
      "properties": {
        "title": "FIRMS thermal: FRP 5.3 MW",
        "summary": "VIIRS S-NPP NRT, sat N, acquired 2026-08-25 1153Z, FRP 5.3 MW",
        "date": "2026-08-25",
        "severity": 4,
        "source": "firms"
      }
    },
    {
      "type": "Feature",
      "geometry": {
        "type": "Point",
        "coordinates": [
          30.69,
          50.344
        ]
      },
      "properties": {
        "title": "FIRMS thermal: FRP 7.28 MW",
        "summary": "VIIRS S-NPP NRT, sat N, acquired 2026-08-25 1155Z, FRP 7.28 MW",
        "date": "2026-08-25",
        "severity": 5,
        "source": "firms"
      }
    },
    {
      "type": "Feature",
      "geometry": {
        "type": "Point",
        "coordinates": [
          24.638,
          50.502
        ]
      },
      "properties": {
        "title": "FIRMS thermal: FRP 4.41 MW",
        "summary": "VIIRS S-NPP NRT, sat N, acquired 2026-08-25 1155Z, FRP 4.41 MW",
        "date": "2026-08-25",
        "severity": 4,
        "source": "firms"
      }
    },
    {
      "type": "Feature",
      "geometry": {
        "type": "Point",
        "coordinates": [
          33.465,
          51.058
        ]
      },
      "properties": {
        "title": "FIRMS thermal: FRP 4.83 MW",
        "summary": "VIIRS S-NPP NRT, sat N, acquired 2026-08-25 1155Z, FRP 4.83 MW",
        "date": "2026-08-25",
        "severity": 4,
        "source": "firms"
      }
    },
    {
      "type": "Feature",
      "geometry": {
        "type": "Point",
        "coordinates": [
          33.464,
          51.054
        ]
      },
      "properties": {
        "title": "FIRMS thermal: FRP 4.69 MW",
        "summary": "VIIRS S-NPP NRT, sat N, acquired 2026-08-25 1155Z, FRP 4.69 MW",
        "date": "2026-08-25",
        "severity": 4,
        "source": "firms"
      }
    },
    {
      "type": "Feature",
      "geometry": {
        "type": "Point",
        "coordinates": [
          29.181,
          51.206
        ]
      },
      "properties": {
        "title": "FIRMS thermal: FRP 8.98 MW",
        "summary": "VIIRS S-NPP NRT, sat N, acquired 2026-08-25 1155Z, FRP 8.98 MW",
        "date": "2026-08-25",
        "severity": 5,
        "source": "firms"
      }
    },
    {
      "type": "Feature",
      "geometry": {
        "type": "Point",
        "coordinates": [
          29.176,
          51.205
        ]
      },
      "properties": {
        "title": "FIRMS thermal: FRP 10.67 MW",
        "summary": "VIIRS S-NPP NRT, sat N, acquired 2026-08-25 1155Z, FRP 10.67 MW",
        "date": "2026-08-25",
        "severity": 6,
        "source": "firms"
      }
    },
    {
      "type": "Feature",
      "geometry": {
        "type": "Point",
        "coordinates": [
          29.164,
          51.205
        ]
      },
      "properties": {
        "title": "FIRMS thermal: FRP 6.17 MW",
        "summary": "VIIRS S-NPP NRT, sat N, acquired 2026-08-25 1155Z, FRP 6.17 MW",
        "date": "2026-08-25",
        "severity": 5,
        "source": "firms"
      }
    },
    {
      "type": "Feature",
      "geometry": {
        "type": "Point",
        "coordinates": [
          34.623,
          51.242
        ]
      },
      "properties": {
        "title": "FIRMS thermal: FRP 5.78 MW",
        "summary": "VIIRS S-NPP NRT, sat N, acquired 2026-08-25 1155Z, FRP 5.78 MW",
        "date": "2026-08-25",
        "severity": 4,
        "source": "firms"
      }
    },
    {
      "type": "Feature",
      "geometry": {
        "type": "Point",
        "coordinates": [
          29.187,
          51.211
        ]
      },
      "properties": {
        "title": "FIRMS thermal: FRP 2.67 MW",
        "summary": "VIIRS S-NPP NRT, sat N, acquired 2026-08-25 1155Z, FRP 2.67 MW",
        "date": "2026-08-25",
        "severity": 3,
        "source": "firms"
      }
    },
    {
      "type": "Feature",
      "geometry": {
        "type": "Point",
        "coordinates": [
          29.189,
          51.21
        ]
      },
      "properties": {
        "title": "FIRMS thermal: FRP 10.19 MW",
        "summary": "VIIRS S-NPP NRT, sat N, acquired 2026-08-25 1155Z, FRP 10.19 MW",
        "date": "2026-08-25",
        "severity": 6,
        "source": "firms"
      }
    },
    {
      "type": "Feature",
      "geometry": {
        "type": "Point",
        "coordinates": [
          29.178,
          51.209
        ]
      },
      "properties": {
        "title": "FIRMS thermal: FRP 10.96 MW",
        "summary": "VIIRS S-NPP NRT, sat N, acquired 2026-08-25 1155Z, FRP 10.96 MW",
        "date": "2026-08-25",
        "severity": 6,
        "source": "firms"
      }
    },
    {
      "type": "Feature",
      "geometry": {
        "type": "Point",
        "coordinates": [
          29.166,
          51.209
        ]
      },
      "properties": {
        "title": "FIRMS thermal: FRP 5.95 MW",
        "summary": "VIIRS S-NPP NRT, sat N, acquired 2026-08-25 1155Z, FRP 5.95 MW",
        "date": "2026-08-25",
        "severity": 4,
        "source": "firms"
      }
    },
    {
      "type": "Feature",
      "geometry": {
        "type": "Point",
        "coordinates": [
          34.622,
          51.241
        ]
      },
      "properties": {
        "title": "FIRMS thermal: FRP 7.53 MW",
        "summary": "VIIRS S-NPP NRT, sat N, acquired 2026-08-25 1155Z, FRP 7.53 MW",
        "date": "2026-08-25",
        "severity": 5,
        "source": "firms"
      }
    },
    {
      "type": "Feature",
      "geometry": {
        "type": "Point",
        "coordinates": [
          34.401,
          51.348
        ]
      },
      "properties": {
        "title": "FIRMS thermal: FRP 2.8 MW",
        "summary": "VIIRS S-NPP NRT, sat N, acquired 2026-08-25 1155Z, FRP 2.8 MW",
        "date": "2026-08-25",
        "severity": 3,
        "source": "firms"
      }
    },
    {
      "type": "Feature",
      "geometry": {
        "type": "Point",
        "coordinates": [
          33.913,
          51.444
        ]
      },
      "properties": {
        "title": "FIRMS thermal: FRP 12.32 MW",
        "summary": "VIIRS S-NPP NRT, sat N, acquired 2026-08-25 1155Z, FRP 12.32 MW",
        "date": "2026-08-25",
        "severity": 7,
        "source": "firms"
      }
    },
    {
      "type": "Feature",
      "geometry": {
        "type": "Point",
        "coordinates": [
          33.904,
          51.445
        ]
      },
      "properties": {
        "title": "FIRMS thermal: FRP 7.4 MW",
        "summary": "VIIRS S-NPP NRT, sat N, acquired 2026-08-25 1155Z, FRP 7.4 MW",
        "date": "2026-08-25",
        "severity": 5,
        "source": "firms"
      }
    },
    {
      "type": "Feature",
      "geometry": {
        "type": "Point",
        "coordinates": [
          33.912,
          51.446
        ]
      },
      "properties": {
        "title": "FIRMS thermal: FRP 7.25 MW",
        "summary": "VIIRS S-NPP NRT, sat N, acquired 2026-08-25 1155Z, FRP 7.25 MW",
        "date": "2026-08-25",
        "severity": 5,
        "source": "firms"
      }
    },
    {
      "type": "Feature",
      "geometry": {
        "type": "Point",
        "coordinates": [
          33.903,
          51.446
        ]
      },
      "properties": {
        "title": "FIRMS thermal: FRP 7.25 MW",
        "summary": "VIIRS S-NPP NRT, sat N, acquired 2026-08-25 1155Z, FRP 7.25 MW",
        "date": "2026-08-25",
        "severity": 5,
        "source": "firms"
      }
    },
    {
      "type": "Feature",
      "geometry": {
        "type": "Point",
        "coordinates": [
          34.741,
          51.554
        ]
      },
      "properties": {
        "title": "FIRMS thermal: FRP 21.0 MW",
        "summary": "VIIRS S-NPP NRT, sat N, acquired 2026-08-25 1155Z, FRP 21 MW",
        "date": "2026-08-25",
        "severity": 8,
        "source": "firms"
      }
    },
    {
      "type": "Feature",
      "geometry": {
        "type": "Point",
        "coordinates": [
          34.742,
          51.553
        ]
      },
      "properties": {
        "title": "FIRMS thermal: FRP 25.31 MW",
        "summary": "VIIRS S-NPP NRT, sat N, acquired 2026-08-25 1155Z, FRP 25.31 MW",
        "date": "2026-08-25",
        "severity": 8,
        "source": "firms"
      }
    },
    {
      "type": "Feature",
      "geometry": {
        "type": "Point",
        "coordinates": [
          34.359,
          51.678
        ]
      },
      "properties": {
        "title": "FIRMS thermal: FRP 5.49 MW",
        "summary": "VIIRS S-NPP NRT, sat N, acquired 2026-08-25 1155Z, FRP 5.49 MW",
        "date": "2026-08-25",
        "severity": 4,
        "source": "firms"
      }
    },
    {
      "type": "Feature",
      "geometry": {
        "type": "Point",
        "coordinates": [
          29.345,
          51.894
        ]
      },
      "properties": {
        "title": "FIRMS thermal: FRP 11.61 MW",
        "summary": "VIIRS S-NPP NRT, sat N, acquired 2026-08-25 1155Z, FRP 11.61 MW",
        "date": "2026-08-25",
        "severity": 6,
        "source": "firms"
      }
    },
    {
      "type": "Feature",
      "geometry": {
        "type": "Point",
        "coordinates": [
          32.873,
          52.31
        ]
      },
      "properties": {
        "title": "FIRMS thermal: FRP 10.37 MW",
        "summary": "VIIRS S-NPP NRT, sat N, acquired 2026-08-25 1155Z, FRP 10.37 MW",
        "date": "2026-08-25",
        "severity": 6,
        "source": "firms"
      }
    },
    {
      "type": "Feature",
      "geometry": {
        "type": "Point",
        "coordinates": [
          31.533,
          52.697
        ]
      },
      "properties": {
        "title": "FIRMS thermal: FRP 19.5 MW",
        "summary": "VIIRS S-NPP NRT, sat N, acquired 2026-08-25 1155Z, FRP 19.5 MW",
        "date": "2026-08-25",
        "severity": 8,
        "source": "firms"
      }
    },
    {
      "type": "Feature",
      "geometry": {
        "type": "Point",
        "coordinates": [
          31.526,
          52.697
        ]
      },
      "properties": {
        "title": "FIRMS thermal: FRP 14.78 MW",
        "summary": "VIIRS S-NPP NRT, sat N, acquired 2026-08-25 1155Z, FRP 14.78 MW",
        "date": "2026-08-25",
        "severity": 7,
        "source": "firms"
      }
    },
    {
      "type": "Feature",
      "geometry": {
        "type": "Point",
        "coordinates": [
          31.531,
          52.695
        ]
      },
      "properties": {
        "title": "FIRMS thermal: FRP 9.66 MW",
        "summary": "VIIRS S-NPP NRT, sat N, acquired 2026-08-25 1155Z, FRP 9.66 MW",
        "date": "2026-08-25",
        "severity": 6,
        "source": "firms"
      }
    },
    {
      "type": "Feature",
      "geometry": {
        "type": "Point",
        "coordinates": [
          31.524,
          52.695
        ]
      },
      "properties": {
        "title": "FIRMS thermal: FRP 9.66 MW",
        "summary": "VIIRS S-NPP NRT, sat N, acquired 2026-08-25 1155Z, FRP 9.66 MW",
        "date": "2026-08-25",
        "severity": 6,
        "source": "firms"
      }
    },
    {
      "type": "Feature",
      "geometry": {
        "type": "Point",
        "coordinates": [
          29.992,
          52.847
        ]
      },
      "properties": {
        "title": "FIRMS thermal: FRP 5.49 MW",
        "summary": "VIIRS S-NPP NRT, sat N, acquired 2026-08-25 1155Z, FRP 5.49 MW",
        "date": "2026-08-25",
        "severity": 4,
        "source": "firms"
      }
    },
    {
      "type": "Feature",
      "geometry": {
        "type": "Point",
        "coordinates": [
          31.26,
          51.507
        ]
      },
      "properties": {
        "title": "FIRMS thermal: FRP 2.0 MW",
        "summary": "VIIRS S-NPP NRT, sat N, acquired 2026-08-26 0147Z, FRP 2 MW",
        "date": "2026-08-26",
        "severity": 3,
        "source": "firms"
      }
    },
    {
      "type": "Feature",
      "geometry": {
        "type": "Point",
        "coordinates": [
          29.343,
          51.895
        ]
      },
      "properties": {
        "title": "FIRMS thermal: FRP 3.43 MW",
        "summary": "VIIRS S-NPP NRT, sat N, acquired 2026-08-26 0147Z, FRP 3.43 MW",
        "date": "2026-08-26",
        "severity": 4,
        "source": "firms"
      }
    },
    {
      "type": "Feature",
      "geometry": {
        "type": "Point",
        "coordinates": [
          29.337,
          51.89
        ]
      },
      "properties": {
        "title": "FIRMS thermal: FRP 2.33 MW",
        "summary": "VIIRS S-NPP NRT, sat N, acquired 2026-08-26 0147Z, FRP 2.33 MW",
        "date": "2026-08-26",
        "severity": 3,
        "source": "firms"
      }
    },
    {
      "type": "Feature",
      "geometry": {
        "type": "Point",
        "coordinates": [
          29.345,
          51.893
        ]
      },
      "properties": {
        "title": "FIRMS thermal: FRP 5.8 MW",
        "summary": "VIIRS S-NPP NRT, sat N, acquired 2026-08-26 0147Z, FRP 5.8 MW",
        "date": "2026-08-26",
        "severity": 4,
        "source": "firms"
      }
    },
    {
      "type": "Feature",
      "geometry": {
        "type": "Point",
        "coordinates": [
          29.341,
          51.894
        ]
      },
      "properties": {
        "title": "FIRMS thermal: FRP 3.01 MW",
        "summary": "VIIRS S-NPP NRT, sat N, acquired 2026-08-26 0007Z, FRP 3.01 MW",
        "date": "2026-08-26",
        "severity": 4,
        "source": "firms"
      }
    },
    {
      "type": "Feature",
      "geometry": {
        "type": "Point",
        "coordinates": [
          29.34,
          51.891
        ]
      },
      "properties": {
        "title": "FIRMS thermal: FRP 3.01 MW",
        "summary": "VIIRS S-NPP NRT, sat N, acquired 2026-08-26 0007Z, FRP 3.01 MW",
        "date": "2026-08-26",
        "severity": 4,
        "source": "firms"
      }
    },
    {
      "type": "Feature",
      "geometry": {
        "type": "Point",
        "coordinates": [
          30.28,
          51.355
        ]
      },
      "properties": {
        "title": "FIRMS thermal: FRP 2.44 MW",
        "summary": "VIIRS S-NPP NRT, sat N, acquired 2026-08-26 0007Z, FRP 2.44 MW",
        "date": "2026-08-26",
        "severity": 3,
        "source": "firms"
      }
    },
    {
      "type": "Feature",
      "geometry": {
        "type": "Point",
        "coordinates": [
          33.083,
          48.0
        ]
      },
      "properties": {
        "title": "FIRMS thermal: FRP 3.51 MW",
        "summary": "VIIRS S-NPP NRT, sat N, acquired 2026-08-26 0007Z, FRP 3.51 MW",
        "date": "2026-08-26",
        "severity": 4,
        "source": "firms"
      }
    },
    {
      "type": "Feature",
      "geometry": {
        "type": "Point",
        "coordinates": [
          33.082,
          47.997
        ]
      },
      "properties": {
        "title": "FIRMS thermal: FRP 3.51 MW",
        "summary": "VIIRS S-NPP NRT, sat N, acquired 2026-08-26 0007Z, FRP 3.51 MW",
        "date": "2026-08-26",
        "severity": 4,
        "source": "firms"
      }
    },
    {
      "type": "Feature",
      "geometry": {
        "type": "Point",
        "coordinates": [
          32.853,
          47.87
        ]
      },
      "properties": {
        "title": "FIRMS thermal: FRP 2.55 MW",
        "summary": "VIIRS S-NPP NRT, sat N, acquired 2026-08-26 0007Z, FRP 2.55 MW",
        "date": "2026-08-26",
        "severity": 3,
        "source": "firms"
      }
    },
    {
      "type": "Feature",
      "geometry": {
        "type": "Point",
        "coordinates": [
          32.351,
          47.604
        ]
      },
      "properties": {
        "title": "FIRMS thermal: FRP 6.48 MW",
        "summary": "VIIRS S-NPP NRT, sat N, acquired 2026-08-26 0007Z, FRP 6.48 MW",
        "date": "2026-08-26",
        "severity": 5,
        "source": "firms"
      }
    },
    {
      "type": "Feature",
      "geometry": {
        "type": "Point",
        "coordinates": [
          33.178,
          46.625
        ]
      },
      "properties": {
        "title": "FIRMS thermal: FRP 3.36 MW",
        "summary": "VIIRS S-NPP NRT, sat N, acquired 2026-08-26 0007Z, FRP 3.36 MW",
        "date": "2026-08-26",
        "severity": 4,
        "source": "firms"
      }
    },
    {
      "type": "Feature",
      "geometry": {
        "type": "Point",
        "coordinates": [
          33.177,
          46.622
        ]
      },
      "properties": {
        "title": "FIRMS thermal: FRP 4.84 MW",
        "summary": "VIIRS S-NPP NRT, sat N, acquired 2026-08-26 0007Z, FRP 4.84 MW",
        "date": "2026-08-26",
        "severity": 4,
        "source": "firms"
      }
    },
    {
      "type": "Feature",
      "geometry": {
        "type": "Point",
        "coordinates": [
          32.573,
          46.349
        ]
      },
      "properties": {
        "title": "FIRMS thermal: FRP 2.95 MW",
        "summary": "VIIRS S-NPP NRT, sat N, acquired 2026-08-26 0009Z, FRP 2.95 MW",
        "date": "2026-08-26",
        "severity": 3,
        "source": "firms"
      }
    },
    {
      "type": "Feature",
      "geometry": {
        "type": "Point",
        "coordinates": [
          32.578,
          46.348
        ]
      },
      "properties": {
        "title": "FIRMS thermal: FRP 2.95 MW",
        "summary": "VIIRS S-NPP NRT, sat N, acquired 2026-08-26 0009Z, FRP 2.95 MW",
        "date": "2026-08-26",
        "severity": 3,
        "source": "firms"
      }
    },
    {
      "type": "Feature",
      "geometry": {
        "type": "Point",
        "coordinates": [
          32.576,
          46.344
        ]
      },
      "properties": {
        "title": "FIRMS thermal: FRP 2.95 MW",
        "summary": "VIIRS S-NPP NRT, sat N, acquired 2026-08-26 0009Z, FRP 2.95 MW",
        "date": "2026-08-26",
        "severity": 3,
        "source": "firms"
      }
    },
    {
      "type": "Feature",
      "geometry": {
        "type": "Point",
        "coordinates": [
          32.581,
          46.344
        ]
      },
      "properties": {
        "title": "FIRMS thermal: FRP 2.95 MW",
        "summary": "VIIRS S-NPP NRT, sat N, acquired 2026-08-26 0009Z, FRP 2.95 MW",
        "date": "2026-08-26",
        "severity": 3,
        "source": "firms"
      }
    },
    {
      "type": "Feature",
      "geometry": {
        "type": "Point",
        "coordinates": [
          33.304,
          46.077
        ]
      },
      "properties": {
        "title": "FIRMS thermal: FRP 2.34 MW",
        "summary": "VIIRS S-NPP NRT, sat N, acquired 2026-08-26 0009Z, FRP 2.34 MW",
        "date": "2026-08-26",
        "severity": 3,
        "source": "firms"
      }
    },
    {
      "type": "Feature",
      "geometry": {
        "type": "Point",
        "coordinates": [
          31.674,
          45.258
        ]
      },
      "properties": {
        "title": "FIRMS thermal: FRP 8.18 MW",
        "summary": "VIIRS S-NPP NRT, sat N, acquired 2026-08-26 0009Z, FRP 8.18 MW",
        "date": "2026-08-26",
        "severity": 5,
        "source": "firms"
      }
    },
    {
      "type": "Feature",
      "geometry": {
        "type": "Point",
        "coordinates": [
          34.127,
          44.535
        ]
      },
      "properties": {
        "title": "FIRMS thermal: FRP 4.55 MW",
        "summary": "VIIRS S-NPP NRT, sat N, acquired 2026-08-26 0009Z, FRP 4.55 MW",
        "date": "2026-08-26",
        "severity": 4,
        "source": "firms"
      }
    }
  ]
}