{
  "type": "FeatureCollection",
  "features": [
    {
      "type": "Feature",
      "geometry": {
        "type": "Point",
        "coordinates": [
          56.27,
          27.14
        ]
      },
      "properties": {
        "title": "US-Iran strikes - Bandar Abbas",
        "summary": "Multiple explosions reported at Iranian port city and IRGC naval facilities near Strait of Hormuz.",
        "date": "2026-07-20",
        "severity": 9,
        "source": "acled"
      }
    },
    {
      "type": "Feature",
      "geometry": {
        "type": "Point",
        "coordinates": [
          51.39,
          35.69
        ]
      },
      "properties": {
        "title": "US-Iran strikes - Tehran",
        "summary": "US airstrikes targeting Iranian military infrastructure near Tehran, 10th consecutive night.",
        "date": "2026-07-20",
        "severity": 9,
        "source": "acled"
      }
    },
    {
      "type": "Feature",
      "geometry": {
        "type": "Point",
        "coordinates": [
          53.69,
          32.66
        ]
      },
      "properties": {
        "title": "US-Iran strikes - Isfahan",
        "summary": "Explosions heard near Isfahan, site of Iran's main air defense complex.",
        "date": "2026-07-20",
        "severity": 8,
        "source": "acled"
      }
    },
    {
      "type": "Feature",
      "geometry": {
        "type": "Point",
        "coordinates": [
          46.31,
          38.05
        ]
      },
      "properties": {
        "title": "US-Iran strikes - Tabriz",
        "summary": "US strikes reported on Iranian targets in Tabriz, northwestern Iran.",
        "date": "2026-07-19",
        "severity": 7,
        "source": "acled"
      }
    },
    {
      "type": "Feature",
      "geometry": {
        "type": "Point",
        "coordinates": [
          42.56,
          14.32
        ]
      },
      "properties": {
        "title": "Houthi maritime blockade - Red Sea",
        "summary": "Houthis announced maritime blockade of Saudi Arabia effective immediately.",
        "date": "2026-07-20",
        "severity": 8,
        "source": "acled"
      }
    },
    {
      "type": "Feature",
      "geometry": {
        "type": "Point",
        "coordinates": [
          47.97,
          29.37
        ]
      },
      "properties": {
        "title": "Iranian strike on Kuwait base",
        "summary": "Iranian army says it targeted US HIMARS missile systems at Kuwaiti base Arifjan.",
        "date": "2026-07-20",
        "severity": 8,
        "source": "acled"
      }
    },
    {
      "type": "Feature",
      "geometry": {
        "type": "Point",
        "coordinates": [
          31.5,
          46.5
        ]
      },
      "properties": {
        "title": "Russian attacks on Black Sea shipping",
        "summary": "10 killed including 2 Filipino seafarers in Russian attacks on merchant vessels in northern Black Sea. CPC terminal loading halted.",
        "date": "2026-07-20",
        "severity": 7,
        "source": "acled"
      }
    },
    {
      "type": "Feature",
      "geometry": {
        "type": "Point",
        "coordinates": [
          30.73,
          46.48
        ]
      },
      "properties": {
        "title": "Russian strikes on Odesa region",
        "summary": "28 civilians killed in Odesa region by Russian strikes in July alone.",
        "date": "2026-07-20",
        "severity": 8,
        "source": "acled"
      }
    },
    {
      "type": "Feature",
      "geometry": {
        "type": "Point",
        "coordinates": [
          37.62,
          55.75
        ]
      },
      "properties": {
        "title": "Ukrainian drone attack on Moscow",
        "summary": "Ukraine launched 100+ drones at Moscow after Russian missile barrage on Kyiv.",
        "date": "2026-07-20",
        "severity": 7,
        "source": "acled"
      }
    },
    {
      "type": "Feature",
      "geometry": {
        "type": "Point",
        "coordinates": [
          36.59,
          50.58
        ]
      },
      "properties": {
        "title": "Drone strike kills 5 civilians - Belgorod",
        "summary": "Ukrainian drone struck passenger bus in Shebekino, Belgorod region, killing 5 civilians.",
        "date": "2026-07-20",
        "severity": 7,
        "source": "acled"
      }
    },
    {
      "type": "Feature",
      "geometry": {
        "type": "Point",
        "coordinates": [
          32.53,
          15.55
        ]
      },
      "properties": {
        "title": "Sudan conflict - US sanctions",
        "summary": "US imposed new sanctions on Sudan citing use of chemical weapons by SAF. Sudan rejected designation.",
        "date": "2026-07-20",
        "severity": 6,
        "source": "acled"
      }
    },
    {
      "type": "Feature",
      "geometry": {
        "type": "Point",
        "coordinates": [
          -75.5,
          -9.5
        ]
      },
      "properties": {
        "title": "M5.5 Earthquake - Peru (Orange)",
        "summary": "Orange GDACS alert: M5.5, depth 10km, 320,000 people in MMI>=VII zone.",
        "date": "2026-07-19",
        "severity": 5,
        "source": "gdacs"
      }
    },
    {
      "type": "Feature",
      "geometry": {
        "type": "Point",
        "coordinates": [
          -103.5,
          19.0
        ]
      },
      "properties": {
        "title": "M7.3 Earthquake - Mexico",
        "summary": "Green GDACS: M7.3 depth 18.6km, 60k in MMI>=VII but Green alert.",
        "date": "2026-07-17",
        "severity": 4,
        "source": "usgs"
      }
    },
    {
      "type": "Feature",
      "geometry": {
        "type": "Point",
        "coordinates": [
          30.217,
          51.413
        ]
      },
      "properties": {
        "title": "FIRMS Thermal Anomaly 8.67MW",
        "summary": "VIIRS S-NPP NRT, sat N, acquired 2026-07-19 0020Z, FRP 8.67 MW",
        "date": "2026-07-19",
        "severity": 4,
        "source": "firms"
      }
    },
    {
      "type": "Feature",
      "geometry": {
        "type": "Point",
        "coordinates": [
          30.223,
          51.412
        ]
      },
      "properties": {
        "title": "FIRMS Thermal Anomaly 8.67MW",
        "summary": "VIIRS S-NPP NRT, sat N, acquired 2026-07-19 0020Z, FRP 8.67 MW",
        "date": "2026-07-19",
        "severity": 4,
        "source": "firms"
      }
    },
    {
      "type": "Feature",
      "geometry": {
        "type": "Point",
        "coordinates": [
          30.3,
          50.365
        ]
      },
      "properties": {
        "title": "FIRMS Thermal Anomaly 27.75MW",
        "summary": "VIIRS S-NPP NRT, sat N, acquired 2026-07-19 0020Z, FRP 27.75 MW",
        "date": "2026-07-19",
        "severity": 6,
        "source": "firms"
      }
    },
    {
      "type": "Feature",
      "geometry": {
        "type": "Point",
        "coordinates": [
          30.305,
          50.364
        ]
      },
      "properties": {
        "title": "FIRMS Thermal Anomaly 27.75MW",
        "summary": "VIIRS S-NPP NRT, sat N, acquired 2026-07-19 0020Z, FRP 27.75 MW",
        "date": "2026-07-19",
        "severity": 6,
        "source": "firms"
      }
    },
    {
      "type": "Feature",
      "geometry": {
        "type": "Point",
        "coordinates": [
          30.299,
          50.362
        ]
      },
      "properties": {
        "title": "FIRMS Thermal Anomaly 27.75MW",
        "summary": "VIIRS S-NPP NRT, sat N, acquired 2026-07-19 0020Z, FRP 27.75 MW",
        "date": "2026-07-19",
        "severity": 6,
        "source": "firms"
      }
    },
    {
      "type": "Feature",
      "geometry": {
        "type": "Point",
        "coordinates": [
          30.304,
          50.361
        ]
      },
      "properties": {
        "title": "FIRMS Thermal Anomaly 27.75MW",
        "summary": "VIIRS S-NPP NRT, sat N, acquired 2026-07-19 0020Z, FRP 27.75 MW",
        "date": "2026-07-19",
        "severity": 6,
        "source": "firms"
      }
    },
    {
      "type": "Feature",
      "geometry": {
        "type": "Point",
        "coordinates": [
          33.704,
          46.991
        ]
      },
      "properties": {
        "title": "FIRMS Thermal Anomaly 59.06MW",
        "summary": "VIIRS S-NPP NRT, sat N, acquired 2026-07-19 0020Z, FRP 59.06 MW",
        "date": "2026-07-19",
        "severity": 9,
        "source": "firms"
      }
    },
    {
      "type": "Feature",
      "geometry": {
        "type": "Point",
        "coordinates": [
          31.674,
          45.259
        ]
      },
      "properties": {
        "title": "FIRMS Thermal Anomaly 8.27MW",
        "summary": "VIIRS S-NPP NRT, sat N, acquired 2026-07-19 0022Z, FRP 8.27 MW",
        "date": "2026-07-19",
        "severity": 4,
        "source": "firms"
      }
    },
    {
      "type": "Feature",
      "geometry": {
        "type": "Point",
        "coordinates": [
          34.101,
          46.192
        ]
      },
      "properties": {
        "title": "FIRMS Thermal Anomaly 11.52MW",
        "summary": "VIIRS S-NPP NRT, sat N, acquired 2026-07-19 1006Z, FRP 11.52 MW",
        "date": "2026-07-19",
        "severity": 5,
        "source": "firms"
      }
    },
    {
      "type": "Feature",
      "geometry": {
        "type": "Point",
        "coordinates": [
          34.095,
          46.19
        ]
      },
      "properties": {
        "title": "FIRMS Thermal Anomaly 11.52MW",
        "summary": "VIIRS S-NPP NRT, sat N, acquired 2026-07-19 1006Z, FRP 11.52 MW",
        "date": "2026-07-19",
        "severity": 5,
        "source": "firms"
      }
    },
    {
      "type": "Feature",
      "geometry": {
        "type": "Point",
        "coordinates": [
          34.099,
          46.196
        ]
      },
      "properties": {
        "title": "FIRMS Thermal Anomaly 11.52MW",
        "summary": "VIIRS S-NPP NRT, sat N, acquired 2026-07-19 1006Z, FRP 11.52 MW",
        "date": "2026-07-19",
        "severity": 5,
        "source": "firms"
      }
    },
    {
      "type": "Feature",
      "geometry": {
        "type": "Point",
        "coordinates": [
          34.801,
          46.38
        ]
      },
      "properties": {
        "title": "FIRMS Thermal Anomaly 15.0MW",
        "summary": "VIIRS S-NPP NRT, sat N, acquired 2026-07-19 1006Z, FRP 15 MW",
        "date": "2026-07-19",
        "severity": 5,
        "source": "firms"
      }
    },
    {
      "type": "Feature",
      "geometry": {
        "type": "Point",
        "coordinates": [
          34.799,
          46.384
        ]
      },
      "properties": {
        "title": "FIRMS Thermal Anomaly 22.86MW",
        "summary": "VIIRS S-NPP NRT, sat N, acquired 2026-07-19 1006Z, FRP 22.86 MW",
        "date": "2026-07-19",
        "severity": 6,
        "source": "firms"
      }
    },
    {
      "type": "Feature",
      "geometry": {
        "type": "Point",
        "coordinates": [
          33.833,
          46.286
        ]
      },
      "properties": {
        "title": "FIRMS Thermal Anomaly 27.73MW",
        "summary": "VIIRS S-NPP NRT, sat N, acquired 2026-07-19 1006Z, FRP 27.73 MW",
        "date": "2026-07-19",
        "severity": 6,
        "source": "firms"
      }
    },
    {
      "type": "Feature",
      "geometry": {
        "type": "Point",
        "coordinates": [
          33.837,
          46.292
        ]
      },
      "properties": {
        "title": "FIRMS Thermal Anomaly 27.73MW",
        "summary": "VIIRS S-NPP NRT, sat N, acquired 2026-07-19 1006Z, FRP 27.73 MW",
        "date": "2026-07-19",
        "severity": 6,
        "source": "firms"
      }
    },
    {
      "type": "Feature",
      "geometry": {
        "type": "Point",
        "coordinates": [
          33.834,
          46.296
        ]
      },
      "properties": {
        "title": "FIRMS Thermal Anomaly 40.39MW",
        "summary": "VIIRS S-NPP NRT, sat N, acquired 2026-07-19 1006Z, FRP 40.39 MW",
        "date": "2026-07-19",
        "severity": 8,
        "source": "firms"
      }
    },
    {
      "type": "Feature",
      "geometry": {
        "type": "Point",
        "coordinates": [
          33.837,
          46.287
        ]
      },
      "properties": {
        "title": "FIRMS Thermal Anomaly 61.09MW",
        "summary": "VIIRS S-NPP NRT, sat N, acquired 2026-07-19 1006Z, FRP 61.09 MW",
        "date": "2026-07-19",
        "severity": 9,
        "source": "firms"
      }
    },
    {
      "type": "Feature",
      "geometry": {
        "type": "Point",
        "coordinates": [
          33.833,
          46.296
        ]
      },
      "properties": {
        "title": "FIRMS Thermal Anomaly 26.39MW",
        "summary": "VIIRS S-NPP NRT, sat N, acquired 2026-07-19 1006Z, FRP 26.39 MW",
        "date": "2026-07-19",
        "severity": 6,
        "source": "firms"
      }
    },
    {
      "type": "Feature",
      "geometry": {
        "type": "Point",
        "coordinates": [
          33.821,
          46.293
        ]
      },
      "properties": {
        "title": "FIRMS Thermal Anomaly 11.76MW",
        "summary": "VIIRS S-NPP NRT, sat N, acquired 2026-07-19 1006Z, FRP 11.76 MW",
        "date": "2026-07-19",
        "severity": 5,
        "source": "firms"
      }
    },
    {
      "type": "Feature",
      "geometry": {
        "type": "Point",
        "coordinates": [
          33.024,
          46.216
        ]
      },
      "properties": {
        "title": "FIRMS Thermal Anomaly 16.94MW",
        "summary": "VIIRS S-NPP NRT, sat N, acquired 2026-07-19 1006Z, FRP 16.94 MW",
        "date": "2026-07-19",
        "severity": 5,
        "source": "firms"
      }
    },
    {
      "type": "Feature",
      "geometry": {
        "type": "Point",
        "coordinates": [
          33.03,
          46.217
        ]
      },
      "properties": {
        "title": "FIRMS Thermal Anomaly 6.66MW",
        "summary": "VIIRS S-NPP NRT, sat N, acquired 2026-07-19 1006Z, FRP 6.66 MW",
        "date": "2026-07-19",
        "severity": 4,
        "source": "firms"
      }
    },
    {
      "type": "Feature",
      "geometry": {
        "type": "Point",
        "coordinates": [
          33.023,
          46.215
        ]
      },
      "properties": {
        "title": "FIRMS Thermal Anomaly 9.9MW",
        "summary": "VIIRS S-NPP NRT, sat N, acquired 2026-07-19 1006Z, FRP 9.9 MW",
        "date": "2026-07-19",
        "severity": 4,
        "source": "firms"
      }
    },
    {
      "type": "Feature",
      "geometry": {
        "type": "Point",
        "coordinates": [
          33.017,
          46.214
        ]
      },
      "properties": {
        "title": "FIRMS Thermal Anomaly 9.9MW",
        "summary": "VIIRS S-NPP NRT, sat N, acquired 2026-07-19 1006Z, FRP 9.9 MW",
        "date": "2026-07-19",
        "severity": 4,
        "source": "firms"
      }
    },
    {
      "type": "Feature",
      "geometry": {
        "type": "Point",
        "coordinates": [
          33.015,
          46.218
        ]
      },
      "properties": {
        "title": "FIRMS Thermal Anomaly 9.9MW",
        "summary": "VIIRS S-NPP NRT, sat N, acquired 2026-07-19 1006Z, FRP 9.9 MW",
        "date": "2026-07-19",
        "severity": 4,
        "source": "firms"
      }
    },
    {
      "type": "Feature",
      "geometry": {
        "type": "Point",
        "coordinates": [
          33.131,
          46.415
        ]
      },
      "properties": {
        "title": "FIRMS Thermal Anomaly 5.47MW",
        "summary": "VIIRS S-NPP NRT, sat N, acquired 2026-07-19 1006Z, FRP 5.47 MW",
        "date": "2026-07-19",
        "severity": 4,
        "source": "firms"
      }
    },
    {
      "type": "Feature",
      "geometry": {
        "type": "Point",
        "coordinates": [
          33.135,
          46.42
        ]
      },
      "properties": {
        "title": "FIRMS Thermal Anomaly 5.47MW",
        "summary": "VIIRS S-NPP NRT, sat N, acquired 2026-07-19 1006Z, FRP 5.47 MW",
        "date": "2026-07-19",
        "severity": 4,
        "source": "firms"
      }
    },
    {
      "type": "Feature",
      "geometry": {
        "type": "Point",
        "coordinates": [
          27.086,
          44.717
        ]
      },
      "properties": {
        "title": "FIRMS Thermal Anomaly 71.21MW",
        "summary": "VIIRS S-NPP NRT, sat N, acquired 2026-07-19 1006Z, FRP 71.21 MW",
        "date": "2026-07-19",
        "severity": 9,
        "source": "firms"
      }
    },
    {
      "type": "Feature",
      "geometry": {
        "type": "Point",
        "coordinates": [
          32.879,
          46.366
        ]
      },
      "properties": {
        "title": "FIRMS Thermal Anomaly 8.99MW",
        "summary": "VIIRS S-NPP NRT, sat N, acquired 2026-07-19 1006Z, FRP 8.99 MW",
        "date": "2026-07-19",
        "severity": 4,
        "source": "firms"
      }
    },
    {
      "type": "Feature",
      "geometry": {
        "type": "Point",
        "coordinates": [
          27.079,
          44.715
        ]
      },
      "properties": {
        "title": "FIRMS Thermal Anomaly 71.21MW",
        "summary": "VIIRS S-NPP NRT, sat N, acquired 2026-07-19 1006Z, FRP 71.21 MW",
        "date": "2026-07-19",
        "severity": 9,
        "source": "firms"
      }
    },
    {
      "type": "Feature",
      "geometry": {
        "type": "Point",
        "coordinates": [
          27.082,
          44.723
        ]
      },
      "properties": {
        "title": "FIRMS Thermal Anomaly 28.76MW",
        "summary": "VIIRS S-NPP NRT, sat N, acquired 2026-07-19 1006Z, FRP 28.76 MW",
        "date": "2026-07-19",
        "severity": 6,
        "source": "firms"
      }
    },
    {
      "type": "Feature",
      "geometry": {
        "type": "Point",
        "coordinates": [
          32.965,
          46.393
        ]
      },
      "properties": {
        "title": "FIRMS Thermal Anomaly 41.85MW",
        "summary": "VIIRS S-NPP NRT, sat N, acquired 2026-07-19 1006Z, FRP 41.85 MW",
        "date": "2026-07-19",
        "severity": 8,
        "source": "firms"
      }
    },
    {
      "type": "Feature",
      "geometry": {
        "type": "Point",
        "coordinates": [
          32.87,
          46.369
        ]
      },
      "properties": {
        "title": "FIRMS Thermal Anomaly 10.46MW",
        "summary": "VIIRS S-NPP NRT, sat N, acquired 2026-07-19 1006Z, FRP 10.46 MW",
        "date": "2026-07-19",
        "severity": 5,
        "source": "firms"
      }
    },
    {
      "type": "Feature",
      "geometry": {
        "type": "Point",
        "coordinates": [
          27.076,
          44.721
        ]
      },
      "properties": {
        "title": "FIRMS Thermal Anomaly 28.76MW",
        "summary": "VIIRS S-NPP NRT, sat N, acquired 2026-07-19 1006Z, FRP 28.76 MW",
        "date": "2026-07-19",
        "severity": 6,
        "source": "firms"
      }
    },
    {
      "type": "Feature",
      "geometry": {
        "type": "Point",
        "coordinates": [
          32.855,
          46.37
        ]
      },
      "properties": {
        "title": "FIRMS Thermal Anomaly 13.74MW",
        "summary": "VIIRS S-NPP NRT, sat N, acquired 2026-07-19 1006Z, FRP 13.74 MW",
        "date": "2026-07-19",
        "severity": 5,
        "source": "firms"
      }
    },
    {
      "type": "Feature",
      "geometry": {
        "type": "Point",
        "coordinates": [
          33.72,
          46.602
        ]
      },
      "properties": {
        "title": "FIRMS Thermal Anomaly 7.43MW",
        "summary": "VIIRS S-NPP NRT, sat N, acquired 2026-07-19 1006Z, FRP 7.43 MW",
        "date": "2026-07-19",
        "severity": 4,
        "source": "firms"
      }
    },
    {
      "type": "Feature",
      "geometry": {
        "type": "Point",
        "coordinates": [
          33.712,
          46.6
        ]
      },
      "properties": {
        "title": "FIRMS Thermal Anomaly 5.83MW",
        "summary": "VIIRS S-NPP NRT, sat N, acquired 2026-07-19 1006Z, FRP 5.83 MW",
        "date": "2026-07-19",
        "severity": 4,
        "source": "firms"
      }
    },
    {
      "type": "Feature",
      "geometry": {
        "type": "Point",
        "coordinates": [
          27.09,
          44.718
        ]
      },
      "properties": {
        "title": "FIRMS Thermal Anomaly 55.19MW",
        "summary": "VIIRS S-NPP NRT, sat N, acquired 2026-07-19 1006Z, FRP 55.19 MW",
        "date": "2026-07-19",
        "severity": 9,
        "source": "firms"
      }
    },
    {
      "type": "Feature",
      "geometry": {
        "type": "Point",
        "coordinates": [
          27.084,
          44.716
        ]
      },
      "properties": {
        "title": "FIRMS Thermal Anomaly 55.19MW",
        "summary": "VIIRS S-NPP NRT, sat N, acquired 2026-07-19 1006Z, FRP 55.19 MW",
        "date": "2026-07-19",
        "severity": 9,
        "source": "firms"
      }
    },
    {
      "type": "Feature",
      "geometry": {
        "type": "Point",
        "coordinates": [
          27.087,
          44.723
        ]
      },
      "properties": {
        "title": "FIRMS Thermal Anomaly 55.19MW",
        "summary": "VIIRS S-NPP NRT, sat N, acquired 2026-07-19 1006Z, FRP 55.19 MW",
        "date": "2026-07-19",
        "severity": 9,
        "source": "firms"
      }
    },
    {
      "type": "Feature",
      "geometry": {
        "type": "Point",
        "coordinates": [
          27.081,
          44.721
        ]
      },
      "properties": {
        "title": "FIRMS Thermal Anomaly 55.19MW",
        "summary": "VIIRS S-NPP NRT, sat N, acquired 2026-07-19 1006Z, FRP 55.19 MW",
        "date": "2026-07-19",
        "severity": 9,
        "source": "firms"
      }
    },
    {
      "type": "Feature",
      "geometry": {
        "type": "Point",
        "coordinates": [
          33.543,
          46.581
        ]
      },
      "properties": {
        "title": "FIRMS Thermal Anomaly 18.45MW",
        "summary": "VIIRS S-NPP NRT, sat N, acquired 2026-07-19 1006Z, FRP 18.45 MW",
        "date": "2026-07-19",
        "severity": 5,
        "source": "firms"
      }
    },
    {
      "type": "Feature",
      "geometry": {
        "type": "Point",
        "coordinates": [
          26.498,
          44.58
        ]
      },
      "properties": {
        "title": "FIRMS Thermal Anomaly 7.89MW",
        "summary": "VIIRS S-NPP NRT, sat N, acquired 2026-07-19 1006Z, FRP 7.89 MW",
        "date": "2026-07-19",
        "severity": 4,
        "source": "firms"
      }
    },
    {
      "type": "Feature",
      "geometry": {
        "type": "Point",
        "coordinates": [
          32.86,
          46.578
        ]
      },
      "properties": {
        "title": "FIRMS Thermal Anomaly 7.92MW",
        "summary": "VIIRS S-NPP NRT, sat N, acquired 2026-07-19 1006Z, FRP 7.92 MW",
        "date": "2026-07-19",
        "severity": 4,
        "source": "firms"
      }
    },
    {
      "type": "Feature",
      "geometry": {
        "type": "Point",
        "coordinates": [
          32.309,
          46.443
        ]
      },
      "properties": {
        "title": "FIRMS Thermal Anomaly 50.28MW",
        "summary": "VIIRS S-NPP NRT, sat N, acquired 2026-07-19 1006Z, FRP 50.28 MW",
        "date": "2026-07-19",
        "severity": 9,
        "source": "firms"
      }
    },
    {
      "type": "Feature",
      "geometry": {
        "type": "Point",
        "coordinates": [
          32.644,
          46.557
        ]
      },
      "properties": {
        "title": "FIRMS Thermal Anomaly 7.67MW",
        "summary": "VIIRS S-NPP NRT, sat N, acquired 2026-07-19 1006Z, FRP 7.67 MW",
        "date": "2026-07-19",
        "severity": 4,
        "source": "firms"
      }
    },
    {
      "type": "Feature",
      "geometry": {
        "type": "Point",
        "coordinates": [
          32.085,
          46.483
        ]
      },
      "properties": {
        "title": "FIRMS Thermal Anomaly 15.51MW",
        "summary": "VIIRS S-NPP NRT, sat N, acquired 2026-07-19 1006Z, FRP 15.51 MW",
        "date": "2026-07-19",
        "severity": 5,
        "source": "firms"
      }
    },
    {
      "type": "Feature",
      "geometry": {
        "type": "Point",
        "coordinates": [
          32.078,
          46.481
        ]
      },
      "properties": {
        "title": "FIRMS Thermal Anomaly 15.51MW",
        "summary": "VIIRS S-NPP NRT, sat N, acquired 2026-07-19 1006Z, FRP 15.51 MW",
        "date": "2026-07-19",
        "severity": 5,
        "source": "firms"
      }
    },
    {
      "type": "Feature",
      "geometry": {
        "type": "Point",
        "coordinates": [
          32.071,
          46.479
        ]
      },
      "properties": {
        "title": "FIRMS Thermal Anomaly 10.09MW",
        "summary": "VIIRS S-NPP NRT, sat N, acquired 2026-07-19 1006Z, FRP 10.09 MW",
        "date": "2026-07-19",
        "severity": 5,
        "source": "firms"
      }
    },
    {
      "type": "Feature",
      "geometry": {
        "type": "Point",
        "coordinates": [
          32.025,
          46.477
        ]
      },
      "properties": {
        "title": "FIRMS Thermal Anomaly 8.83MW",
        "summary": "VIIRS S-NPP NRT, sat N, acquired 2026-07-19 1006Z, FRP 8.83 MW",
        "date": "2026-07-19",
        "severity": 4,
        "source": "firms"
      }
    },
    {
      "type": "Feature",
      "geometry": {
        "type": "Point",
        "coordinates": [
          32.018,
          46.475
        ]
      },
      "properties": {
        "title": "FIRMS Thermal Anomaly 8.83MW",
        "summary": "VIIRS S-NPP NRT, sat N, acquired 2026-07-19 1006Z, FRP 8.83 MW",
        "date": "2026-07-19",
        "severity": 4,
        "source": "firms"
      }
    },
    {
      "type": "Feature",
      "geometry": {
        "type": "Point",
        "coordinates": [
          32.023,
          46.482
        ]
      },
      "properties": {
        "title": "FIRMS Thermal Anomaly 21.34MW",
        "summary": "VIIRS S-NPP NRT, sat N, acquired 2026-07-19 1006Z, FRP 21.34 MW",
        "date": "2026-07-19",
        "severity": 6,
        "source": "firms"
      }
    },
    {
      "type": "Feature",
      "geometry": {
        "type": "Point",
        "coordinates": [
          32.016,
          46.48
        ]
      },
      "properties": {
        "title": "FIRMS Thermal Anomaly 21.34MW",
        "summary": "VIIRS S-NPP NRT, sat N, acquired 2026-07-19 1006Z, FRP 21.34 MW",
        "date": "2026-07-19",
        "severity": 6,
        "source": "firms"
      }
    },
    {
      "type": "Feature",
      "geometry": {
        "type": "Point",
        "coordinates": [
          32.029,
          46.483
        ]
      },
      "properties": {
        "title": "FIRMS Thermal Anomaly 61.16MW",
        "summary": "VIIRS S-NPP NRT, sat N, acquired 2026-07-19 1006Z, FRP 61.16 MW",
        "date": "2026-07-19",
        "severity": 9,
        "source": "firms"
      }
    },
    {
      "type": "Feature",
      "geometry": {
        "type": "Point",
        "coordinates": [
          32.02,
          46.486
        ]
      },
      "properties": {
        "title": "FIRMS Thermal Anomaly 21.34MW",
        "summary": "VIIRS S-NPP NRT, sat N, acquired 2026-07-19 1006Z, FRP 21.34 MW",
        "date": "2026-07-19",
        "severity": 6,
        "source": "firms"
      }
    },
    {
      "type": "Feature",
      "geometry": {
        "type": "Point",
        "coordinates": [
          32.689,
          46.717
        ]
      },
      "properties": {
        "title": "FIRMS Thermal Anomaly 30.03MW",
        "summary": "VIIRS S-NPP NRT, sat N, acquired 2026-07-19 1006Z, FRP 30.03 MW",
        "date": "2026-07-19",
        "severity": 7,
        "source": "firms"
      }
    },
    {
      "type": "Feature",
      "geometry": {
        "type": "Point",
        "coordinates": [
          32.683,
          46.715
        ]
      },
      "properties": {
        "title": "FIRMS Thermal Anomaly 30.03MW",
        "summary": "VIIRS S-NPP NRT, sat N, acquired 2026-07-19 1006Z, FRP 30.03 MW",
        "date": "2026-07-19",
        "severity": 7,
        "source": "firms"
      }
    },
    {
      "type": "Feature",
      "geometry": {
        "type": "Point",
        "coordinates": [
          32.693,
          46.723
        ]
      },
      "properties": {
        "title": "FIRMS Thermal Anomaly 8.66MW",
        "summary": "VIIRS S-NPP NRT, sat N, acquired 2026-07-19 1006Z, FRP 8.66 MW",
        "date": "2026-07-19",
        "severity": 4,
        "source": "firms"
      }
    },
    {
      "type": "Feature",
      "geometry": {
        "type": "Point",
        "coordinates": [
          32.777,
          46.754
        ]
      },
      "properties": {
        "title": "FIRMS Thermal Anomaly 7.02MW",
        "summary": "VIIRS S-NPP NRT, sat N, acquired 2026-07-19 1006Z, FRP 7.02 MW",
        "date": "2026-07-19",
        "severity": 4,
        "source": "firms"
      }
    },
    {
      "type": "Feature",
      "geometry": {
        "type": "Point",
        "coordinates": [
          30.313,
          46.113
        ]
      },
      "properties": {
        "title": "FIRMS Thermal Anomaly 6.74MW",
        "summary": "VIIRS S-NPP NRT, sat N, acquired 2026-07-19 1006Z, FRP 6.74 MW",
        "date": "2026-07-19",
        "severity": 4,
        "source": "firms"
      }
    },
    {
      "type": "Feature",
      "geometry": {
        "type": "Point",
        "coordinates": [
          32.245,
          46.643
        ]
      },
      "properties": {
        "title": "FIRMS Thermal Anomaly 7.53MW",
        "summary": "VIIRS S-NPP NRT, sat N, acquired 2026-07-19 1006Z, FRP 7.53 MW",
        "date": "2026-07-19",
        "severity": 4,
        "source": "firms"
      }
    },
    {
      "type": "Feature",
      "geometry": {
        "type": "Point",
        "coordinates": [
          31.699,
          46.501
        ]
      },
      "properties": {
        "title": "FIRMS Thermal Anomaly 6.1MW",
        "summary": "VIIRS S-NPP NRT, sat N, acquired 2026-07-19 1006Z, FRP 6.1 MW",
        "date": "2026-07-19",
        "severity": 4,
        "source": "firms"
      }
    },
    {
      "type": "Feature",
      "geometry": {
        "type": "Point",
        "coordinates": [
          31.703,
          46.507
        ]
      },
      "properties": {
        "title": "FIRMS Thermal Anomaly 10.95MW",
        "summary": "VIIRS S-NPP NRT, sat N, acquired 2026-07-19 1006Z, FRP 10.95 MW",
        "date": "2026-07-19",
        "severity": 5,
        "source": "firms"
      }
    },
    {
      "type": "Feature",
      "geometry": {
        "type": "Point",
        "coordinates": [
          33.247,
          46.924
        ]
      },
      "properties": {
        "title": "FIRMS Thermal Anomaly 10.11MW",
        "summary": "VIIRS S-NPP NRT, sat N, acquired 2026-07-19 1006Z, FRP 10.11 MW",
        "date": "2026-07-19",
        "severity": 5,
        "source": "firms"
      }
    },
    {
      "type": "Feature",
      "geometry": {
        "type": "Point",
        "coordinates": [
          32.928,
          46.845
        ]
      },
      "properties": {
        "title": "FIRMS Thermal Anomaly 18.99MW",
        "summary": "VIIRS S-NPP NRT, sat N, acquired 2026-07-19 1006Z, FRP 18.99 MW",
        "date": "2026-07-19",
        "severity": 5,
        "source": "firms"
      }
    },
    {
      "type": "Feature",
      "geometry": {
        "type": "Point",
        "coordinates": [
          32.885,
          46.835
        ]
      },
      "properties": {
        "title": "FIRMS Thermal Anomaly 97.5MW",
        "summary": "VIIRS S-NPP NRT, sat N, acquired 2026-07-19 1006Z, FRP 97.5 MW",
        "date": "2026-07-19",
        "severity": 9,
        "source": "firms"
      }
    },
    {
      "type": "Feature",
      "geometry": {
        "type": "Point",
        "coordinates": [
          32.88,
          46.843
        ]
      },
      "properties": {
        "title": "FIRMS Thermal Anomaly 17.94MW",
        "summary": "VIIRS S-NPP NRT, sat N, acquired 2026-07-19 1006Z, FRP 17.94 MW",
        "date": "2026-07-19",
        "severity": 5,
        "source": "firms"
      }
    },
    {
      "type": "Feature",
      "geometry": {
        "type": "Point",
        "coordinates": [
          32.878,
          46.847
        ]
      },
      "properties": {
        "title": "FIRMS Thermal Anomaly 17.94MW",
        "summary": "VIIRS S-NPP NRT, sat N, acquired 2026-07-19 1006Z, FRP 17.94 MW",
        "date": "2026-07-19",
        "severity": 5,
        "source": "firms"
      }
    },
    {
      "type": "Feature",
      "geometry": {
        "type": "Point",
        "coordinates": [
          32.88,
          46.84
        ]
      },
      "properties": {
        "title": "FIRMS Thermal Anomaly 18.24MW",
        "summary": "VIIRS S-NPP NRT, sat N, acquired 2026-07-19 1006Z, FRP 18.24 MW",
        "date": "2026-07-19",
        "severity": 5,
        "source": "firms"
      }
    },
    {
      "type": "Feature",
      "geometry": {
        "type": "Point",
        "coordinates": [
          32.876,
          46.848
        ]
      },
      "properties": {
        "title": "FIRMS Thermal Anomaly 8.25MW",
        "summary": "VIIRS S-NPP NRT, sat N, acquired 2026-07-19 1006Z, FRP 8.25 MW",
        "date": "2026-07-19",
        "severity": 4,
        "source": "firms"
      }
    },
    {
      "type": "Feature",
      "geometry": {
        "type": "Point",
        "coordinates": [
          34.316,
          47.283
        ]
      },
      "properties": {
        "title": "FIRMS Thermal Anomaly 7.58MW",
        "summary": "VIIRS S-NPP NRT, sat N, acquired 2026-07-19 1006Z, FRP 7.58 MW",
        "date": "2026-07-19",
        "severity": 4,
        "source": "firms"
      }
    },
    {
      "type": "Feature",
      "geometry": {
        "type": "Point",
        "coordinates": [
          34.322,
          47.284
        ]
      },
      "properties": {
        "title": "FIRMS Thermal Anomaly 7.58MW",
        "summary": "VIIRS S-NPP NRT, sat N, acquired 2026-07-19 1006Z, FRP 7.58 MW",
        "date": "2026-07-19",
        "severity": 4,
        "source": "firms"
      }
    },
    {
      "type": "Feature",
      "geometry": {
        "type": "Point",
        "coordinates": [
          33.38,
          47.064
        ]
      },
      "properties": {
        "title": "FIRMS Thermal Anomaly 9.19MW",
        "summary": "VIIRS S-NPP NRT, sat N, acquired 2026-07-19 1006Z, FRP 9.19 MW",
        "date": "2026-07-19",
        "severity": 4,
        "source": "firms"
      }
    },
    {
      "type": "Feature",
      "geometry": {
        "type": "Point",
        "coordinates": [
          34.666,
          47.485
        ]
      },
      "properties": {
        "title": "FIRMS Thermal Anomaly 13.28MW",
        "summary": "VIIRS S-NPP NRT, sat N, acquired 2026-07-19 1006Z, FRP 13.28 MW",
        "date": "2026-07-19",
        "severity": 5,
        "source": "firms"
      }
    },
    {
      "type": "Feature",
      "geometry": {
        "type": "Point",
        "coordinates": [
          32.572,
          46.988
        ]
      },
      "properties": {
        "title": "FIRMS Thermal Anomaly 6.88MW",
        "summary": "VIIRS S-NPP NRT, sat N, acquired 2026-07-19 1006Z, FRP 6.88 MW",
        "date": "2026-07-19",
        "severity": 4,
        "source": "firms"
      }
    },
    {
      "type": "Feature",
      "geometry": {
        "type": "Point",
        "coordinates": [
          32.576,
          46.994
        ]
      },
      "properties": {
        "title": "FIRMS Thermal Anomaly 8.55MW",
        "summary": "VIIRS S-NPP NRT, sat N, acquired 2026-07-19 1006Z, FRP 8.55 MW",
        "date": "2026-07-19",
        "severity": 4,
        "source": "firms"
      }
    },
    {
      "type": "Feature",
      "geometry": {
        "type": "Point",
        "coordinates": [
          32.571,
          46.987
        ]
      },
      "properties": {
        "title": "FIRMS Thermal Anomaly 7.74MW",
        "summary": "VIIRS S-NPP NRT, sat N, acquired 2026-07-19 1006Z, FRP 7.74 MW",
        "date": "2026-07-19",
        "severity": 4,
        "source": "firms"
      }
    },
    {
      "type": "Feature",
      "geometry": {
        "type": "Point",
        "coordinates": [
          32.575,
          46.993
        ]
      },
      "properties": {
        "title": "FIRMS Thermal Anomaly 7.74MW",
        "summary": "VIIRS S-NPP NRT, sat N, acquired 2026-07-19 1006Z, FRP 7.74 MW",
        "date": "2026-07-19",
        "severity": 4,
        "source": "firms"
      }
    },
    {
      "type": "Feature",
      "geometry": {
        "type": "Point",
        "coordinates": [
          30.971,
          46.626
        ]
      },
      "properties": {
        "title": "FIRMS Thermal Anomaly 6.72MW",
        "summary": "VIIRS S-NPP NRT, sat N, acquired 2026-07-19 1006Z, FRP 6.72 MW",
        "date": "2026-07-19",
        "severity": 4,
        "source": "firms"
      }
    },
    {
      "type": "Feature",
      "geometry": {
        "type": "Point",
        "coordinates": [
          30.968,
          46.631
        ]
      },
      "properties": {
        "title": "FIRMS Thermal Anomaly 6.72MW",
        "summary": "VIIRS S-NPP NRT, sat N, acquired 2026-07-19 1006Z, FRP 6.72 MW",
        "date": "2026-07-19",
        "severity": 4,
        "source": "firms"
      }
    },
    {
      "type": "Feature",
      "geometry": {
        "type": "Point",
        "coordinates": [
          29.892,
          46.503
        ]
      },
      "properties": {
        "title": "FIRMS Thermal Anomaly 5.0MW",
        "summary": "VIIRS S-NPP NRT, sat N, acquired 2026-07-19 1006Z, FRP 5 MW",
        "date": "2026-07-19",
        "severity": 4,
        "source": "firms"
      }
    },
    {
      "type": "Feature",
      "geometry": {
        "type": "Point",
        "coordinates": [
          29.862,
          46.552
        ]
      },
      "properties": {
        "title": "FIRMS Thermal Anomaly 16.0MW",
        "summary": "VIIRS S-NPP NRT, sat N, acquired 2026-07-19 1006Z, FRP 16 MW",
        "date": "2026-07-19",
        "severity": 5,
        "source": "firms"
      }
    },
    {
      "type": "Feature",
      "geometry": {
        "type": "Point",
        "coordinates": [
          29.87,
          46.554
        ]
      },
      "properties": {
        "title": "FIRMS Thermal Anomaly 12.25MW",
        "summary": "VIIRS S-NPP NRT, sat N, acquired 2026-07-19 1006Z, FRP 12.25 MW",
        "date": "2026-07-19",
        "severity": 5,
        "source": "firms"
      }
    },
    {
      "type": "Feature",
      "geometry": {
        "type": "Point",
        "coordinates": [
          30.402,
          47.75
        ]
      },
      "properties": {
        "title": "FIRMS Thermal Anomaly 14.56MW",
        "summary": "VIIRS S-NPP NRT, sat N, acquired 2026-07-19 1006Z, FRP 14.56 MW",
        "date": "2026-07-19",
        "severity": 5,
        "source": "firms"
      }
    },
    {
      "type": "Feature",
      "geometry": {
        "type": "Point",
        "coordinates": [
          30.395,
          47.748
        ]
      },
      "properties": {
        "title": "FIRMS Thermal Anomaly 13.05MW",
        "summary": "VIIRS S-NPP NRT, sat N, acquired 2026-07-19 1006Z, FRP 13.05 MW",
        "date": "2026-07-19",
        "severity": 5,
        "source": "firms"
      }
    },
    {
      "type": "Feature",
      "geometry": {
        "type": "Point",
        "coordinates": [
          29.164,
          48.09
        ]
      },
      "properties": {
        "title": "FIRMS Thermal Anomaly 16.61MW",
        "summary": "VIIRS S-NPP NRT, sat N, acquired 2026-07-19 1009Z, FRP 16.61 MW",
        "date": "2026-07-19",
        "severity": 5,
        "source": "firms"
      }
    },
    {
      "type": "Feature",
      "geometry": {
        "type": "Point",
        "coordinates": [
          29.16,
          48.089
        ]
      },
      "properties": {
        "title": "FIRMS Thermal Anomaly 10.88MW",
        "summary": "VIIRS S-NPP NRT, sat N, acquired 2026-07-19 1009Z, FRP 10.88 MW",
        "date": "2026-07-19",
        "severity": 5,
        "source": "firms"
      }
    },
    {
      "type": "Feature",
      "geometry": {
        "type": "Point",
        "coordinates": [
          29.161,
          48.095
        ]
      },
      "properties": {
        "title": "FIRMS Thermal Anomaly 5.06MW",
        "summary": "VIIRS S-NPP NRT, sat N, acquired 2026-07-19 1009Z, FRP 5.06 MW",
        "date": "2026-07-19",
        "severity": 4,
        "source": "firms"
      }
    },
    {
      "type": "Feature",
      "geometry": {
        "type": "Point",
        "coordinates": [
          26.905,
          48.945
        ]
      },
      "properties": {
        "title": "FIRMS Thermal Anomaly 11.03MW",
        "summary": "VIIRS S-NPP NRT, sat N, acquired 2026-07-19 1009Z, FRP 11.03 MW",
        "date": "2026-07-19",
        "severity": 5,
        "source": "firms"
      }
    },
    {
      "type": "Feature",
      "geometry": {
        "type": "Point",
        "coordinates": [
          26.9,
          48.943
        ]
      },
      "properties": {
        "title": "FIRMS Thermal Anomaly 5.75MW",
        "summary": "VIIRS S-NPP NRT, sat N, acquired 2026-07-19 1009Z, FRP 5.75 MW",
        "date": "2026-07-19",
        "severity": 4,
        "source": "firms"
      }
    },
    {
      "type": "Feature",
      "geometry": {
        "type": "Point",
        "coordinates": [
          30.307,
          50.363
        ]
      },
      "properties": {
        "title": "FIRMS Thermal Anomaly 5.85MW",
        "summary": "VIIRS S-NPP NRT, sat N, acquired 2026-07-19 1009Z, FRP 5.85 MW",
        "date": "2026-07-19",
        "severity": 4,
        "source": "firms"
      }
    },
    {
      "type": "Feature",
      "geometry": {
        "type": "Point",
        "coordinates": [
          33.486,
          52.38
        ]
      },
      "properties": {
        "title": "FIRMS Thermal Anomaly 8.48MW",
        "summary": "VIIRS S-NPP NRT, sat N, acquired 2026-07-19 1009Z, FRP 8.48 MW",
        "date": "2026-07-19",
        "severity": 4,
        "source": "firms"
      }
    },
    {
      "type": "Feature",
      "geometry": {
        "type": "Point",
        "coordinates": [
          32.436,
          52.371
        ]
      },
      "properties": {
        "title": "FIRMS Thermal Anomaly 5.1MW",
        "summary": "VIIRS S-NPP NRT, sat N, acquired 2026-07-19 1009Z, FRP 5.1 MW",
        "date": "2026-07-19",
        "severity": 4,
        "source": "firms"
      }
    },
    {
      "type": "Feature",
      "geometry": {
        "type": "Point",
        "coordinates": [
          32.428,
          52.369
        ]
      },
      "properties": {
        "title": "FIRMS Thermal Anomaly 5.1MW",
        "summary": "VIIRS S-NPP NRT, sat N, acquired 2026-07-19 1009Z, FRP 5.1 MW",
        "date": "2026-07-19",
        "severity": 4,
        "source": "firms"
      }
    },
    {
      "type": "Feature",
      "geometry": {
        "type": "Point",
        "coordinates": [
          23.284,
          44.193
        ]
      },
      "properties": {
        "title": "FIRMS Thermal Anomaly 6.78MW",
        "summary": "VIIRS S-NPP NRT, sat N, acquired 2026-07-19 1147Z, FRP 6.78 MW",
        "date": "2026-07-19",
        "severity": 4,
        "source": "firms"
      }
    },
    {
      "type": "Feature",
      "geometry": {
        "type": "Point",
        "coordinates": [
          23.028,
          44.219
        ]
      },
      "properties": {
        "title": "FIRMS Thermal Anomaly 27.87MW",
        "summary": "VIIRS S-NPP NRT, sat N, acquired 2026-07-19 1147Z, FRP 27.87 MW",
        "date": "2026-07-19",
        "severity": 6,
        "source": "firms"
      }
    },
    {
      "type": "Feature",
      "geometry": {
        "type": "Point",
        "coordinates": [
          31.677,
          45.258
        ]
      },
      "properties": {
        "title": "FIRMS Thermal Anomaly 8.43MW",
        "summary": "VIIRS S-NPP NRT, sat N, acquired 2026-07-19 1147Z, FRP 8.43 MW",
        "date": "2026-07-19",
        "severity": 4,
        "source": "firms"
      }
    },
    {
      "type": "Feature",
      "geometry": {
        "type": "Point",
        "coordinates": [
          31.675,
          45.256
        ]
      },
      "properties": {
        "title": "FIRMS Thermal Anomaly 8.39MW",
        "summary": "VIIRS S-NPP NRT, sat N, acquired 2026-07-19 1147Z, FRP 8.39 MW",
        "date": "2026-07-19",
        "severity": 4,
        "source": "firms"
      }
    },
    {
      "type": "Feature",
      "geometry": {
        "type": "Point",
        "coordinates": [
          29.184,
          45.518
        ]
      },
      "properties": {
        "title": "FIRMS Thermal Anomaly 5.48MW",
        "summary": "VIIRS S-NPP NRT, sat N, acquired 2026-07-19 1147Z, FRP 5.48 MW",
        "date": "2026-07-19",
        "severity": 4,
        "source": "firms"
      }
    },
    {
      "type": "Feature",
      "geometry": {
        "type": "Point",
        "coordinates": [
          29.238,
          45.531
        ]
      },
      "properties": {
        "title": "FIRMS Thermal Anomaly 8.66MW",
        "summary": "VIIRS S-NPP NRT, sat N, acquired 2026-07-19 1147Z, FRP 8.66 MW",
        "date": "2026-07-19",
        "severity": 4,
        "source": "firms"
      }
    },
    {
      "type": "Feature",
      "geometry": {
        "type": "Point",
        "coordinates": [
          29.172,
          45.622
        ]
      },
      "properties": {
        "title": "FIRMS Thermal Anomaly 14.62MW",
        "summary": "VIIRS S-NPP NRT, sat N, acquired 2026-07-19 1147Z, FRP 14.62 MW",
        "date": "2026-07-19",
        "severity": 5,
        "source": "firms"
      }
    },
    {
      "type": "Feature",
      "geometry": {
        "type": "Point",
        "coordinates": [
          29.165,
          45.622
        ]
      },
      "properties": {
        "title": "FIRMS Thermal Anomaly 12.91MW",
        "summary": "VIIRS S-NPP NRT, sat N, acquired 2026-07-19 1147Z, FRP 12.91 MW",
        "date": "2026-07-19",
        "severity": 5,
        "source": "firms"
      }
    },
    {
      "type": "Feature",
      "geometry": {
        "type": "Point",
        "coordinates": [
          29.172,
          45.627
        ]
      },
      "properties": {
        "title": "FIRMS Thermal Anomaly 14.91MW",
        "summary": "VIIRS S-NPP NRT, sat N, acquired 2026-07-19 1147Z, FRP 14.91 MW",
        "date": "2026-07-19",
        "severity": 5,
        "source": "firms"
      }
    },
    {
      "type": "Feature",
      "geometry": {
        "type": "Point",
        "coordinates": [
          29.164,
          45.627
        ]
      },
      "properties": {
        "title": "FIRMS Thermal Anomaly 12.64MW",
        "summary": "VIIRS S-NPP NRT, sat N, acquired 2026-07-19 1147Z, FRP 12.64 MW",
        "date": "2026-07-19",
        "severity": 5,
        "source": "firms"
      }
    },
    {
      "type": "Feature",
      "geometry": {
        "type": "Point",
        "coordinates": [
          33.028,
          46.214
        ]
      },
      "properties": {
        "title": "FIRMS Thermal Anomaly 9.33MW",
        "summary": "VIIRS S-NPP NRT, sat N, acquired 2026-07-19 1147Z, FRP 9.33 MW",
        "date": "2026-07-19",
        "severity": 4,
        "source": "firms"
      }
    },
    {
      "type": "Feature",
      "geometry": {
        "type": "Point",
        "coordinates": [
          33.015,
          46.214
        ]
      },
      "properties": {
        "title": "FIRMS Thermal Anomaly 9.83MW",
        "summary": "VIIRS S-NPP NRT, sat N, acquired 2026-07-19 1147Z, FRP 9.83 MW",
        "date": "2026-07-19",
        "severity": 4,
        "source": "firms"
      }
    },
    {
      "type": "Feature",
      "geometry": {
        "type": "Point",
        "coordinates": [
          33.031,
          46.216
        ]
      },
      "properties": {
        "title": "FIRMS Thermal Anomaly 8.71MW",
        "summary": "VIIRS S-NPP NRT, sat N, acquired 2026-07-19 1147Z, FRP 8.71 MW",
        "date": "2026-07-19",
        "severity": 4,
        "source": "firms"
      }
    },
    {
      "type": "Feature",
      "geometry": {
        "type": "Point",
        "coordinates": [
          33.019,
          46.216
        ]
      },
      "properties": {
        "title": "FIRMS Thermal Anomaly 13.75MW",
        "summary": "VIIRS S-NPP NRT, sat N, acquired 2026-07-19 1147Z, FRP 13.75 MW",
        "date": "2026-07-19",
        "severity": 5,
        "source": "firms"
      }
    },
    {
      "type": "Feature",
      "geometry": {
        "type": "Point",
        "coordinates": [
          33.013,
          46.216
        ]
      },
      "properties": {
        "title": "FIRMS Thermal Anomaly 5.04MW",
        "summary": "VIIRS S-NPP NRT, sat N, acquired 2026-07-19 1147Z, FRP 5.04 MW",
        "date": "2026-07-19",
        "severity": 4,
        "source": "firms"
      }
    },
    {
      "type": "Feature",
      "geometry": {
        "type": "Point",
        "coordinates": [
          33.82,
          46.29
        ]
      },
      "properties": {
        "title": "FIRMS Thermal Anomaly 6.7MW",
        "summary": "VIIRS S-NPP NRT, sat N, acquired 2026-07-19 1147Z, FRP 6.7 MW",
        "date": "2026-07-19",
        "severity": 4,
        "source": "firms"
      }
    },
    {
      "type": "Feature",
      "geometry": {
        "type": "Point",
        "coordinates": [
          33.301,
          46.306
        ]
      },
      "properties": {
        "title": "FIRMS Thermal Anomaly 18.13MW",
        "summary": "VIIRS S-NPP NRT, sat N, acquired 2026-07-19 1147Z, FRP 18.13 MW",
        "date": "2026-07-19",
        "severity": 5,
        "source": "firms"
      }
    },
    {
      "type": "Feature",
      "geometry": {
        "type": "Point",
        "coordinates": [
          33.308,
          46.306
        ]
      },
      "properties": {
        "title": "FIRMS Thermal Anomaly 12.05MW",
        "summary": "VIIRS S-NPP NRT, sat N, acquired 2026-07-19 1147Z, FRP 12.05 MW",
        "date": "2026-07-19",
        "severity": 5,
        "source": "firms"
      }
    },
    {
      "type": "Feature",
      "geometry": {
        "type": "Point",
        "coordinates": [
          33.295,
          46.305
        ]
      },
      "properties": {
        "title": "FIRMS Thermal Anomaly 18.13MW",
        "summary": "VIIRS S-NPP NRT, sat N, acquired 2026-07-19 1147Z, FRP 18.13 MW",
        "date": "2026-07-19",
        "severity": 5,
        "source": "firms"
      }
    },
    {
      "type": "Feature",
      "geometry": {
        "type": "Point",
        "coordinates": [
          33.301,
          46.312
        ]
      },
      "properties": {
        "title": "FIRMS Thermal Anomaly 41.34MW",
        "summary": "VIIRS S-NPP NRT, sat N, acquired 2026-07-19 1147Z, FRP 41.34 MW",
        "date": "2026-07-19",
        "severity": 8,
        "source": "firms"
      }
    },
    {
      "type": "Feature",
      "geometry": {
        "type": "Point",
        "coordinates": [
          33.307,
          46.312
        ]
      },
      "properties": {
        "title": "FIRMS Thermal Anomaly 33.03MW",
        "summary": "VIIRS S-NPP NRT, sat N, acquired 2026-07-19 1147Z, FRP 33.03 MW",
        "date": "2026-07-19",
        "severity": 7,
        "source": "firms"
      }
    },
    {
      "type": "Feature",
      "geometry": {
        "type": "Point",
        "coordinates": [
          33.294,
          46.312
        ]
      },
      "properties": {
        "title": "FIRMS Thermal Anomaly 41.34MW",
        "summary": "VIIRS S-NPP NRT, sat N, acquired 2026-07-19 1147Z, FRP 41.34 MW",
        "date": "2026-07-19",
        "severity": 8,
        "source": "firms"
      }
    },
    {
      "type": "Feature",
      "geometry": {
        "type": "Point",
        "coordinates": [
          33.301,
          46.318
        ]
      },
      "properties": {
        "title": "FIRMS Thermal Anomaly 41.34MW",
        "summary": "VIIRS S-NPP NRT, sat N, acquired 2026-07-19 1147Z, FRP 41.34 MW",
        "date": "2026-07-19",
        "severity": 8,
        "source": "firms"
      }
    },
    {
      "type": "Feature",
      "geometry": {
        "type": "Point",
        "coordinates": [
          28.137,
          46.128
        ]
      },
      "properties": {
        "title": "FIRMS Thermal Anomaly 7.3MW",
        "summary": "VIIRS S-NPP NRT, sat N, acquired 2026-07-19 1147Z, FRP 7.3 MW",
        "date": "2026-07-19",
        "severity": 4,
        "source": "firms"
      }
    },
    {
      "type": "Feature",
      "geometry": {
        "type": "Point",
        "coordinates": [
          34.794,
          46.384
        ]
      },
      "properties": {
        "title": "FIRMS Thermal Anomaly 6.35MW",
        "summary": "VIIRS S-NPP NRT, sat N, acquired 2026-07-19 1147Z, FRP 6.35 MW",
        "date": "2026-07-19",
        "severity": 4,
        "source": "firms"
      }
    },
    {
      "type": "Feature",
      "geometry": {
        "type": "Point",
        "coordinates": [
          32.874,
          46.365
        ]
      },
      "properties": {
        "title": "FIRMS Thermal Anomaly 7.35MW",
        "summary": "VIIRS S-NPP NRT, sat N, acquired 2026-07-19 1147Z, FRP 7.35 MW",
        "date": "2026-07-19",
        "severity": 4,
        "source": "firms"
      }
    },
    {
      "type": "Feature",
      "geometry": {
        "type": "Point",
        "coordinates": [
          32.972,
          46.391
        ]
      },
      "properties": {
        "title": "FIRMS Thermal Anomaly 9.7MW",
        "summary": "VIIRS S-NPP NRT, sat N, acquired 2026-07-19 1147Z, FRP 9.7 MW",
        "date": "2026-07-19",
        "severity": 4,
        "source": "firms"
      }
    },
    {
      "type": "Feature",
      "geometry": {
        "type": "Point",
        "coordinates": [
          32.966,
          46.39
        ]
      },
      "properties": {
        "title": "FIRMS Thermal Anomaly 9.7MW",
        "summary": "VIIRS S-NPP NRT, sat N, acquired 2026-07-19 1147Z, FRP 9.7 MW",
        "date": "2026-07-19",
        "severity": 4,
        "source": "firms"
      }
    },
    {
      "type": "Feature",
      "geometry": {
        "type": "Point",
        "coordinates": [
          32.966,
          46.396
        ]
      },
      "properties": {
        "title": "FIRMS Thermal Anomaly 39.35MW",
        "summary": "VIIRS S-NPP NRT, sat N, acquired 2026-07-19 1147Z, FRP 39.35 MW",
        "date": "2026-07-19",
        "severity": 7,
        "source": "firms"
      }
    },
    {
      "type": "Feature",
      "geometry": {
        "type": "Point",
        "coordinates": [
          32.972,
          46.397
        ]
      },
      "properties": {
        "title": "FIRMS Thermal Anomaly 39.35MW",
        "summary": "VIIRS S-NPP NRT, sat N, acquired 2026-07-19 1147Z, FRP 39.35 MW",
        "date": "2026-07-19",
        "severity": 7,
        "source": "firms"
      }
    },
    {
      "type": "Feature",
      "geometry": {
        "type": "Point",
        "coordinates": [
          32.96,
          46.396
        ]
      },
      "properties": {
        "title": "FIRMS Thermal Anomaly 28.87MW",
        "summary": "VIIRS S-NPP NRT, sat N, acquired 2026-07-19 1147Z, FRP 28.87 MW",
        "date": "2026-07-19",
        "severity": 6,
        "source": "firms"
      }
    },
    {
      "type": "Feature",
      "geometry": {
        "type": "Point",
        "coordinates": [
          32.972,
          46.403
        ]
      },
      "properties": {
        "title": "FIRMS Thermal Anomaly 39.35MW",
        "summary": "VIIRS S-NPP NRT, sat N, acquired 2026-07-19 1147Z, FRP 39.35 MW",
        "date": "2026-07-19",
        "severity": 7,
        "source": "firms"
      }
    },
    {
      "type": "Feature",
      "geometry": {
        "type": "Point",
        "coordinates": [
          32.966,
          46.402
        ]
      },
      "properties": {
        "title": "FIRMS Thermal Anomaly 39.35MW",
        "summary": "VIIRS S-NPP NRT, sat N, acquired 2026-07-19 1147Z, FRP 39.35 MW",
        "date": "2026-07-19",
        "severity": 7,
        "source": "firms"
      }
    },
    {
      "type": "Feature",
      "geometry": {
        "type": "Point",
        "coordinates": [
          32.959,
          46.402
        ]
      },
      "properties": {
        "title": "FIRMS Thermal Anomaly 28.87MW",
        "summary": "VIIRS S-NPP NRT, sat N, acquired 2026-07-19 1147Z, FRP 28.87 MW",
        "date": "2026-07-19",
        "severity": 6,
        "source": "firms"
      }
    },
    {
      "type": "Feature",
      "geometry": {
        "type": "Point",
        "coordinates": [
          32.305,
          46.409
        ]
      },
      "properties": {
        "title": "FIRMS Thermal Anomaly 5.01MW",
        "summary": "VIIRS S-NPP NRT, sat N, acquired 2026-07-19 1147Z, FRP 5.01 MW",
        "date": "2026-07-19",
        "severity": 4,
        "source": "firms"
      }
    },
    {
      "type": "Feature",
      "geometry": {
        "type": "Point",
        "coordinates": [
          32.305,
          46.414
        ]
      },
      "properties": {
        "title": "FIRMS Thermal Anomaly 17.35MW",
        "summary": "VIIRS S-NPP NRT, sat N, acquired 2026-07-19 1147Z, FRP 17.35 MW",
        "date": "2026-07-19",
        "severity": 5,
        "source": "firms"
      }
    },
    {
      "type": "Feature",
      "geometry": {
        "type": "Point",
        "coordinates": [
          32.307,
          46.414
        ]
      },
      "properties": {
        "title": "FIRMS Thermal Anomaly 17.64MW",
        "summary": "VIIRS S-NPP NRT, sat N, acquired 2026-07-19 1147Z, FRP 17.64 MW",
        "date": "2026-07-19",
        "severity": 5,
        "source": "firms"
      }
    },
    {
      "type": "Feature",
      "geometry": {
        "type": "Point",
        "coordinates": [
          32.301,
          46.414
        ]
      },
      "properties": {
        "title": "FIRMS Thermal Anomaly 10.74MW",
        "summary": "VIIRS S-NPP NRT, sat N, acquired 2026-07-19 1147Z, FRP 10.74 MW",
        "date": "2026-07-19",
        "severity": 5,
        "source": "firms"
      }
    },
    {
      "type": "Feature",
      "geometry": {
        "type": "Point",
        "coordinates": [
          32.311,
          46.443
        ]
      },
      "properties": {
        "title": "FIRMS Thermal Anomaly 113.42MW",
        "summary": "VIIRS S-NPP NRT, sat N, acquired 2026-07-19 1147Z, FRP 113.42 MW",
        "date": "2026-07-19",
        "severity": 9,
        "source": "firms"
      }
    },
    {
      "type": "Feature",
      "geometry": {
        "type": "Point",
        "coordinates": [
          32.317,
          46.443
        ]
      },
      "properties": {
        "title": "FIRMS Thermal Anomaly 23.68MW",
        "summary": "VIIRS S-NPP NRT, sat N, acquired 2026-07-19 1147Z, FRP 23.68 MW",
        "date": "2026-07-19",
        "severity": 6,
        "source": "firms"
      }
    },
    {
      "type": "Feature",
      "geometry": {
        "type": "Point",
        "coordinates": [
          32.081,
          46.471
        ]
      },
      "properties": {
        "title": "FIRMS Thermal Anomaly 13.76MW",
        "summary": "VIIRS S-NPP NRT, sat N, acquired 2026-07-19 1147Z, FRP 13.76 MW",
        "date": "2026-07-19",
        "severity": 5,
        "source": "firms"
      }
    },
    {
      "type": "Feature",
      "geometry": {
        "type": "Point",
        "coordinates": [
          32.075,
          46.477
        ]
      },
      "properties": {
        "title": "FIRMS Thermal Anomaly 9.15MW",
        "summary": "VIIRS S-NPP NRT, sat N, acquired 2026-07-19 1147Z, FRP 9.15 MW",
        "date": "2026-07-19",
        "severity": 4,
        "source": "firms"
      }
    },
    {
      "type": "Feature",
      "geometry": {
        "type": "Point",
        "coordinates": [
          32.019,
          46.475
        ]
      },
      "properties": {
        "title": "FIRMS Thermal Anomaly 5.85MW",
        "summary": "VIIRS S-NPP NRT, sat N, acquired 2026-07-19 1147Z, FRP 5.85 MW",
        "date": "2026-07-19",
        "severity": 4,
        "source": "firms"
      }
    },
    {
      "type": "Feature",
      "geometry": {
        "type": "Point",
        "coordinates": [
          32.456,
          46.487
        ]
      },
      "properties": {
        "title": "FIRMS Thermal Anomaly 5.17MW",
        "summary": "VIIRS S-NPP NRT, sat N, acquired 2026-07-19 1147Z, FRP 5.17 MW",
        "date": "2026-07-19",
        "severity": 4,
        "source": "firms"
      }
    },
    {
      "type": "Feature",
      "geometry": {
        "type": "Point",
        "coordinates": [
          32.086,
          46.477
        ]
      },
      "properties": {
        "title": "FIRMS Thermal Anomaly 5.36MW",
        "summary": "VIIRS S-NPP NRT, sat N, acquired 2026-07-19 1147Z, FRP 5.36 MW",
        "date": "2026-07-19",
        "severity": 4,
        "source": "firms"
      }
    },
    {
      "type": "Feature",
      "geometry": {
        "type": "Point",
        "coordinates": [
          32.069,
          46.477
        ]
      },
      "properties": {
        "title": "FIRMS Thermal Anomaly 9.02MW",
        "summary": "VIIRS S-NPP NRT, sat N, acquired 2026-07-19 1147Z, FRP 9.02 MW",
        "date": "2026-07-19",
        "severity": 4,
        "source": "firms"
      }
    },
    {
      "type": "Feature",
      "geometry": {
        "type": "Point",
        "coordinates": [
          32.024,
          46.475
        ]
      },
      "properties": {
        "title": "FIRMS Thermal Anomaly 5.85MW",
        "summary": "VIIRS S-NPP NRT, sat N, acquired 2026-07-19 1147Z, FRP 5.85 MW",
        "date": "2026-07-19",
        "severity": 4,
        "source": "firms"
      }
    },
    {
      "type": "Feature",
      "geometry": {
        "type": "Point",
        "coordinates": [
          32.103,
          46.483
        ]
      },
      "properties": {
        "title": "FIRMS Thermal Anomaly 9.74MW",
        "summary": "VIIRS S-NPP NRT, sat N, acquired 2026-07-19 1147Z, FRP 9.74 MW",
        "date": "2026-07-19",
        "severity": 4,
        "source": "firms"
      }
    },
    {
      "type": "Feature",
      "geometry": {
        "type": "Point",
        "coordinates": [
          32.108,
          46.483
        ]
      },
      "properties": {
        "title": "FIRMS Thermal Anomaly 13.52MW",
        "summary": "VIIRS S-NPP NRT, sat N, acquired 2026-07-19 1147Z, FRP 13.52 MW",
        "date": "2026-07-19",
        "severity": 5,
        "source": "firms"
      }
    },
    {
      "type": "Feature",
      "geometry": {
        "type": "Point",
        "coordinates": [
          32.097,
          46.483
        ]
      },
      "properties": {
        "title": "FIRMS Thermal Anomaly 9.74MW",
        "summary": "VIIRS S-NPP NRT, sat N, acquired 2026-07-19 1147Z, FRP 9.74 MW",
        "date": "2026-07-19",
        "severity": 4,
        "source": "firms"
      }
    },
    {
      "type": "Feature",
      "geometry": {
        "type": "Point",
        "coordinates": [
          32.08,
          46.483
        ]
      },
      "properties": {
        "title": "FIRMS Thermal Anomaly 9.15MW",
        "summary": "VIIRS S-NPP NRT, sat N, acquired 2026-07-19 1147Z, FRP 9.15 MW",
        "date": "2026-07-19",
        "severity": 4,
        "source": "firms"
      }
    },
    {
      "type": "Feature",
      "geometry": {
        "type": "Point",
        "coordinates": [
          32.075,
          46.482
        ]
      },
      "properties": {
        "title": "FIRMS Thermal Anomaly 9.15MW",
        "summary": "VIIRS S-NPP NRT, sat N, acquired 2026-07-19 1147Z, FRP 9.15 MW",
        "date": "2026-07-19",
        "severity": 4,
        "source": "firms"
      }
    },
    {
      "type": "Feature",
      "geometry": {
        "type": "Point",
        "coordinates": [
          32.029,
          46.481
        ]
      },
      "properties": {
        "title": "FIRMS Thermal Anomaly 6.53MW",
        "summary": "VIIRS S-NPP NRT, sat N, acquired 2026-07-19 1147Z, FRP 6.53 MW",
        "date": "2026-07-19",
        "severity": 4,
        "source": "firms"
      }
    },
    {
      "type": "Feature",
      "geometry": {
        "type": "Point",
        "coordinates": [
          32.024,
          46.481
        ]
      },
      "properties": {
        "title": "FIRMS Thermal Anomaly 5.85MW",
        "summary": "VIIRS S-NPP NRT, sat N, acquired 2026-07-19 1147Z, FRP 5.85 MW",
        "date": "2026-07-19",
        "severity": 4,
        "source": "firms"
      }
    },
    {
      "type": "Feature",
      "geometry": {
        "type": "Point",
        "coordinates": [
          32.013,
          46.481
        ]
      },
      "properties": {
        "title": "FIRMS Thermal Anomaly 5.88MW",
        "summary": "VIIRS S-NPP NRT, sat N, acquired 2026-07-19 1147Z, FRP 5.88 MW",
        "date": "2026-07-19",
        "severity": 4,
        "source": "firms"
      }
    },
    {
      "type": "Feature",
      "geometry": {
        "type": "Point",
        "coordinates": [
          32.102,
          46.489
        ]
      },
      "properties": {
        "title": "FIRMS Thermal Anomaly 10.0MW",
        "summary": "VIIRS S-NPP NRT, sat N, acquired 2026-07-19 1147Z, FRP 10 MW",
        "date": "2026-07-19",
        "severity": 5,
        "source": "firms"
      }
    },
    {
      "type": "Feature",
      "geometry": {
        "type": "Point",
        "coordinates": [
          32.086,
          46.489
        ]
      },
      "properties": {
        "title": "FIRMS Thermal Anomaly 5.95MW",
        "summary": "VIIRS S-NPP NRT, sat N, acquired 2026-07-19 1147Z, FRP 5.95 MW",
        "date": "2026-07-19",
        "severity": 4,
        "source": "firms"
      }
    },
    {
      "type": "Feature",
      "geometry": {
        "type": "Point",
        "coordinates": [
          31.708,
          46.499
        ]
      },
      "properties": {
        "title": "FIRMS Thermal Anomaly 11.09MW",
        "summary": "VIIRS S-NPP NRT, sat N, acquired 2026-07-19 1147Z, FRP 11.09 MW",
        "date": "2026-07-19",
        "severity": 5,
        "source": "firms"
      }
    },
    {
      "type": "Feature",
      "geometry": {
        "type": "Point",
        "coordinates": [
          31.702,
          46.499
        ]
      },
      "properties": {
        "title": "FIRMS Thermal Anomaly 10.83MW",
        "summary": "VIIRS S-NPP NRT, sat N, acquired 2026-07-19 1147Z, FRP 10.83 MW",
        "date": "2026-07-19",
        "severity": 5,
        "source": "firms"
      }
    },
    {
      "type": "Feature",
      "geometry": {
        "type": "Point",
        "coordinates": [
          31.713,
          46.505
        ]
      },
      "properties": {
        "title": "FIRMS Thermal Anomaly 11.09MW",
        "summary": "VIIRS S-NPP NRT, sat N, acquired 2026-07-19 1147Z, FRP 11.09 MW",
        "date": "2026-07-19",
        "severity": 5,
        "source": "firms"
      }
    },
    {
      "type": "Feature",
      "geometry": {
        "type": "Point",
        "coordinates": [
          31.707,
          46.505
        ]
      },
      "properties": {
        "title": "FIRMS Thermal Anomaly 11.09MW",
        "summary": "VIIRS S-NPP NRT, sat N, acquired 2026-07-19 1147Z, FRP 11.09 MW",
        "date": "2026-07-19",
        "severity": 5,
        "source": "firms"
      }
    },
    {
      "type": "Feature",
      "geometry": {
        "type": "Point",
        "coordinates": [
          31.708,
          46.502
        ]
      },
      "properties": {
        "title": "FIRMS Thermal Anomaly 9.4MW",
        "summary": "VIIRS S-NPP NRT, sat N, acquired 2026-07-19 1147Z, FRP 9.4 MW",
        "date": "2026-07-19",
        "severity": 4,
        "source": "firms"
      }
    },
    {
      "type": "Feature",
      "geometry": {
        "type": "Point",
        "coordinates": [
          31.708,
          46.507
        ]
      },
      "properties": {
        "title": "FIRMS Thermal Anomaly 9.4MW",
        "summary": "VIIRS S-NPP NRT, sat N, acquired 2026-07-19 1147Z, FRP 9.4 MW",
        "date": "2026-07-19",
        "severity": 4,
        "source": "firms"
      }
    },
    {
      "type": "Feature",
      "geometry": {
        "type": "Point",
        "coordinates": [
          31.703,
          46.507
        ]
      },
      "properties": {
        "title": "FIRMS Thermal Anomaly 9.4MW",
        "summary": "VIIRS S-NPP NRT, sat N, acquired 2026-07-19 1147Z, FRP 9.4 MW",
        "date": "2026-07-19",
        "severity": 4,
        "source": "firms"
      }
    },
    {
      "type": "Feature",
      "geometry": {
        "type": "Point",
        "coordinates": [
          32.958,
          46.574
        ]
      },
      "properties": {
        "title": "FIRMS Thermal Anomaly 8.21MW",
        "summary": "VIIRS S-NPP NRT, sat N, acquired 2026-07-19 1147Z, FRP 8.21 MW",
        "date": "2026-07-19",
        "severity": 4,
        "source": "firms"
      }
    },
    {
      "type": "Feature",
      "geometry": {
        "type": "Point",
        "coordinates": [
          32.94,
          46.58
        ]
      },
      "properties": {
        "title": "FIRMS Thermal Anomaly 7.6MW",
        "summary": "VIIRS S-NPP NRT, sat N, acquired 2026-07-19 1147Z, FRP 7.6 MW",
        "date": "2026-07-19",
        "severity": 4,
        "source": "firms"
      }
    },
    {
      "type": "Feature",
      "geometry": {
        "type": "Point",
        "coordinates": [
          32.791,
          46.576
        ]
      },
      "properties": {
        "title": "FIRMS Thermal Anomaly 13.52MW",
        "summary": "VIIRS S-NPP NRT, sat N, acquired 2026-07-19 1147Z, FRP 13.52 MW",
        "date": "2026-07-19",
        "severity": 5,
        "source": "firms"
      }
    },
    {
      "type": "Feature",
      "geometry": {
        "type": "Point",
        "coordinates": [
          32.785,
          46.576
        ]
      },
      "properties": {
        "title": "FIRMS Thermal Anomaly 13.52MW",
        "summary": "VIIRS S-NPP NRT, sat N, acquired 2026-07-19 1147Z, FRP 13.52 MW",
        "date": "2026-07-19",
        "severity": 5,
        "source": "firms"
      }
    },
    {
      "type": "Feature",
      "geometry": {
        "type": "Point",
        "coordinates": [
          32.946,
          46.58
        ]
      },
      "properties": {
        "title": "FIRMS Thermal Anomaly 15.64MW",
        "summary": "VIIRS S-NPP NRT, sat N, acquired 2026-07-19 1147Z, FRP 15.64 MW",
        "date": "2026-07-19",
        "severity": 5,
        "source": "firms"
      }
    },
    {
      "type": "Feature",
      "geometry": {
        "type": "Point",
        "coordinates": [
          32.939,
          46.586
        ]
      },
      "properties": {
        "title": "FIRMS Thermal Anomaly 7.6MW",
        "summary": "VIIRS S-NPP NRT, sat N, acquired 2026-07-19 1147Z, FRP 7.6 MW",
        "date": "2026-07-19",
        "severity": 4,
        "source": "firms"
      }
    },
    {
      "type": "Feature",
      "geometry": {
        "type": "Point",
        "coordinates": [
          33.702,
          46.605
        ]
      },
      "properties": {
        "title": "FIRMS Thermal Anomaly 8.1MW",
        "summary": "VIIRS S-NPP NRT, sat N, acquired 2026-07-19 1147Z, FRP 8.1 MW",
        "date": "2026-07-19",
        "severity": 4,
        "source": "firms"
      }
    },
    {
      "type": "Feature",
      "geometry": {
        "type": "Point",
        "coordinates": [
          33.702,
          46.612
        ]
      },
      "properties": {
        "title": "FIRMS Thermal Anomaly 8.1MW",
        "summary": "VIIRS S-NPP NRT, sat N, acquired 2026-07-19 1147Z, FRP 8.1 MW",
        "date": "2026-07-19",
        "severity": 4,
        "source": "firms"
      }
    },
    {
      "type": "Feature",
      "geometry": {
        "type": "Point",
        "coordinates": [
          33.702,
          46.618
        ]
      },
      "properties": {
        "title": "FIRMS Thermal Anomaly 31.35MW",
        "summary": "VIIRS S-NPP NRT, sat N, acquired 2026-07-19 1147Z, FRP 31.35 MW",
        "date": "2026-07-19",
        "severity": 7,
        "source": "firms"
      }
    },
    {
      "type": "Feature",
      "geometry": {
        "type": "Point",
        "coordinates": [
          33.695,
          46.618
        ]
      },
      "properties": {
        "title": "FIRMS Thermal Anomaly 23.06MW",
        "summary": "VIIRS S-NPP NRT, sat N, acquired 2026-07-19 1147Z, FRP 23.06 MW",
        "date": "2026-07-19",
        "severity": 6,
        "source": "firms"
      }
    },
    {
      "type": "Feature",
      "geometry": {
        "type": "Point",
        "coordinates": [
          33.695,
          46.624
        ]
      },
      "properties": {
        "title": "FIRMS Thermal Anomaly 23.06MW",
        "summary": "VIIRS S-NPP NRT, sat N, acquired 2026-07-19 1147Z, FRP 23.06 MW",
        "date": "2026-07-19",
        "severity": 6,
        "source": "firms"
      }
    },
    {
      "type": "Feature",
      "geometry": {
        "type": "Point",
        "coordinates": [
          32.716,
          46.622
        ]
      },
      "properties": {
        "title": "FIRMS Thermal Anomaly 6.7MW",
        "summary": "VIIRS S-NPP NRT, sat N, acquired 2026-07-19 1147Z, FRP 6.7 MW",
        "date": "2026-07-19",
        "severity": 4,
        "source": "firms"
      }
    },
    {
      "type": "Feature",
      "geometry": {
        "type": "Point",
        "coordinates": [
          32.712,
          46.625
        ]
      },
      "properties": {
        "title": "FIRMS Thermal Anomaly 11.15MW",
        "summary": "VIIRS S-NPP NRT, sat N, acquired 2026-07-19 1147Z, FRP 11.15 MW",
        "date": "2026-07-19",
        "severity": 5,
        "source": "firms"
      }
    },
    {
      "type": "Feature",
      "geometry": {
        "type": "Point",
        "coordinates": [
          32.872,
          46.634
        ]
      },
      "properties": {
        "title": "FIRMS Thermal Anomaly 11.33MW",
        "summary": "VIIRS S-NPP NRT, sat N, acquired 2026-07-19 1147Z, FRP 11.33 MW",
        "date": "2026-07-19",
        "severity": 5,
        "source": "firms"
      }
    },
    {
      "type": "Feature",
      "geometry": {
        "type": "Point",
        "coordinates": [
          31.162,
          46.632
        ]
      },
      "properties": {
        "title": "FIRMS Thermal Anomaly 8.71MW",
        "summary": "VIIRS S-NPP NRT, sat N, acquired 2026-07-19 1147Z, FRP 8.71 MW",
        "date": "2026-07-19",
        "severity": 4,
        "source": "firms"
      }
    },
    {
      "type": "Feature",
      "geometry": {
        "type": "Point",
        "coordinates": [
          32.327,
          46.675
        ]
      },
      "properties": {
        "title": "FIRMS Thermal Anomaly 6.85MW",
        "summary": "VIIRS S-NPP NRT, sat N, acquired 2026-07-19 1147Z, FRP 6.85 MW",
        "date": "2026-07-19",
        "severity": 4,
        "source": "firms"
      }
    },
    {
      "type": "Feature",
      "geometry": {
        "type": "Point",
        "coordinates": [
          33.276,
          46.726
        ]
      },
      "properties": {
        "title": "FIRMS Thermal Anomaly 15.82MW",
        "summary": "VIIRS S-NPP NRT, sat N, acquired 2026-07-19 1147Z, FRP 15.82 MW",
        "date": "2026-07-19",
        "severity": 5,
        "source": "firms"
      }
    },
    {
      "type": "Feature",
      "geometry": {
        "type": "Point",
        "coordinates": [
          33.276,
          46.738
        ]
      },
      "properties": {
        "title": "FIRMS Thermal Anomaly 18.51MW",
        "summary": "VIIRS S-NPP NRT, sat N, acquired 2026-07-19 1147Z, FRP 18.51 MW",
        "date": "2026-07-19",
        "severity": 5,
        "source": "firms"
      }
    },
    {
      "type": "Feature",
      "geometry": {
        "type": "Point",
        "coordinates": [
          33.27,
          46.738
        ]
      },
      "properties": {
        "title": "FIRMS Thermal Anomaly 18.91MW",
        "summary": "VIIRS S-NPP NRT, sat N, acquired 2026-07-19 1147Z, FRP 18.91 MW",
        "date": "2026-07-19",
        "severity": 5,
        "source": "firms"
      }
    },
    {
      "type": "Feature",
      "geometry": {
        "type": "Point",
        "coordinates": [
          33.276,
          46.744
        ]
      },
      "properties": {
        "title": "FIRMS Thermal Anomaly 18.51MW",
        "summary": "VIIRS S-NPP NRT, sat N, acquired 2026-07-19 1147Z, FRP 18.51 MW",
        "date": "2026-07-19",
        "severity": 5,
        "source": "firms"
      }
    },
    {
      "type": "Feature",
      "geometry": {
        "type": "Point",
        "coordinates": [
          32.7,
          46.749
        ]
      },
      "properties": {
        "title": "FIRMS Thermal Anomaly 7.11MW",
        "summary": "VIIRS S-NPP NRT, sat N, acquired 2026-07-19 1147Z, FRP 7.11 MW",
        "date": "2026-07-19",
        "severity": 4,
        "source": "firms"
      }
    },
    {
      "type": "Feature",
      "geometry": {
        "type": "Point",
        "coordinates": [
          33.275,
          46.733
        ]
      },
      "properties": {
        "title": "FIRMS Thermal Anomaly 13.73MW",
        "summary": "VIIRS S-NPP NRT, sat N, acquired 2026-07-19 1147Z, FRP 13.73 MW",
        "date": "2026-07-19",
        "severity": 5,
        "source": "firms"
      }
    },
    {
      "type": "Feature",
      "geometry": {
        "type": "Point",
        "coordinates": [
          33.281,
          46.739
        ]
      },
      "properties": {
        "title": "FIRMS Thermal Anomaly 24.17MW",
        "summary": "VIIRS S-NPP NRT, sat N, acquired 2026-07-19 1147Z, FRP 24.17 MW",
        "date": "2026-07-19",
        "severity": 6,
        "source": "firms"
      }
    },
    {
      "type": "Feature",
      "geometry": {
        "type": "Point",
        "coordinates": [
          33.275,
          46.739
        ]
      },
      "properties": {
        "title": "FIRMS Thermal Anomaly 13.73MW",
        "summary": "VIIRS S-NPP NRT, sat N, acquired 2026-07-19 1147Z, FRP 13.73 MW",
        "date": "2026-07-19",
        "severity": 5,
        "source": "firms"
      }
    },
    {
      "type": "Feature",
      "geometry": {
        "type": "Point",
        "coordinates": [
          33.268,
          46.739
        ]
      },
      "properties": {
        "title": "FIRMS Thermal Anomaly 13.73MW",
        "summary": "VIIRS S-NPP NRT, sat N, acquired 2026-07-19 1147Z, FRP 13.73 MW",
        "date": "2026-07-19",
        "severity": 5,
        "source": "firms"
      }
    },
    {
      "type": "Feature",
      "geometry": {
        "type": "Point",
        "coordinates": [
          32.698,
          46.746
        ]
      },
      "properties": {
        "title": "FIRMS Thermal Anomaly 5.73MW",
        "summary": "VIIRS S-NPP NRT, sat N, acquired 2026-07-19 1147Z, FRP 5.73 MW",
        "date": "2026-07-19",
        "severity": 4,
        "source": "firms"
      }
    },
    {
      "type": "Feature",
      "geometry": {
        "type": "Point",
        "coordinates": [
          32.803,
          46.76
        ]
      },
      "properties": {
        "title": "FIRMS Thermal Anomaly 23.76MW",
        "summary": "VIIRS S-NPP NRT, sat N, acquired 2026-07-19 1147Z, FRP 23.76 MW",
        "date": "2026-07-19",
        "severity": 6,
        "source": "firms"
      }
    },
    {
      "type": "Feature",
      "geometry": {
        "type": "Point",
        "coordinates": [
          32.809,
          46.767
        ]
      },
      "properties": {
        "title": "FIRMS Thermal Anomaly 26.09MW",
        "summary": "VIIRS S-NPP NRT, sat N, acquired 2026-07-19 1147Z, FRP 26.09 MW",
        "date": "2026-07-19",
        "severity": 6,
        "source": "firms"
      }
    },
    {
      "type": "Feature",
      "geometry": {
        "type": "Point",
        "coordinates": [
          32.815,
          46.767
        ]
      },
      "properties": {
        "title": "FIRMS Thermal Anomaly 26.09MW",
        "summary": "VIIRS S-NPP NRT, sat N, acquired 2026-07-19 1147Z, FRP 26.09 MW",
        "date": "2026-07-19",
        "severity": 6,
        "source": "firms"
      }
    },
    {
      "type": "Feature",
      "geometry": {
        "type": "Point",
        "coordinates": [
          32.803,
          46.766
        ]
      },
      "properties": {
        "title": "FIRMS Thermal Anomaly 23.76MW",
        "summary": "VIIRS S-NPP NRT, sat N, acquired 2026-07-19 1147Z, FRP 23.76 MW",
        "date": "2026-07-19",
        "severity": 6,
        "source": "firms"
      }
    },
    {
      "type": "Feature",
      "geometry": {
        "type": "Point",
        "coordinates": [
          32.809,
          46.772
        ]
      },
      "properties": {
        "title": "FIRMS Thermal Anomaly 7.48MW",
        "summary": "VIIRS S-NPP NRT, sat N, acquired 2026-07-19 1147Z, FRP 7.48 MW",
        "date": "2026-07-19",
        "severity": 4,
        "source": "firms"
      }
    },
    {
      "type": "Feature",
      "geometry": {
        "type": "Point",
        "coordinates": [
          32.881,
          46.834
        ]
      },
      "properties": {
        "title": "FIRMS Thermal Anomaly 10.88MW",
        "summary": "VIIRS S-NPP NRT, sat N, acquired 2026-07-19 1147Z, FRP 10.88 MW",
        "date": "2026-07-19",
        "severity": 5,
        "source": "firms"
      }
    },
    {
      "type": "Feature",
      "geometry": {
        "type": "Point",
        "coordinates": [
          32.88,
          46.84
        ]
      },
      "properties": {
        "title": "FIRMS Thermal Anomaly 10.88MW",
        "summary": "VIIRS S-NPP NRT, sat N, acquired 2026-07-19 1147Z, FRP 10.88 MW",
        "date": "2026-07-19",
        "severity": 5,
        "source": "firms"
      }
    },
    {
      "type": "Feature",
      "geometry": {
        "type": "Point",
        "coordinates": [
          32.943,
          46.847
        ]
      },
      "properties": {
        "title": "FIRMS Thermal Anomaly 9.43MW",
        "summary": "VIIRS S-NPP NRT, sat N, acquired 2026-07-19 1147Z, FRP 9.43 MW",
        "date": "2026-07-19",
        "severity": 4,
        "source": "firms"
      }
    },
    {
      "type": "Feature",
      "geometry": {
        "type": "Point",
        "coordinates": [
          32.88,
          46.846
        ]
      },
      "properties": {
        "title": "FIRMS Thermal Anomaly 5.35MW",
        "summary": "VIIRS S-NPP NRT, sat N, acquired 2026-07-19 1147Z, FRP 5.35 MW",
        "date": "2026-07-19",
        "severity": 4,
        "source": "firms"
      }
    },
    {
      "type": "Feature",
      "geometry": {
        "type": "Point",
        "coordinates": [
          32.884,
          46.836
        ]
      },
      "properties": {
        "title": "FIRMS Thermal Anomaly 9.71MW",
        "summary": "VIIRS S-NPP NRT, sat N, acquired 2026-07-19 1147Z, FRP 9.71 MW",
        "date": "2026-07-19",
        "severity": 4,
        "source": "firms"
      }
    },
    {
      "type": "Feature",
      "geometry": {
        "type": "Point",
        "coordinates": [
          32.877,
          46.836
        ]
      },
      "properties": {
        "title": "FIRMS Thermal Anomaly 6.6MW",
        "summary": "VIIRS S-NPP NRT, sat N, acquired 2026-07-19 1147Z, FRP 6.6 MW",
        "date": "2026-07-19",
        "severity": 4,
        "source": "firms"
      }
    },
    {
      "type": "Feature",
      "geometry": {
        "type": "Point",
        "coordinates": [
          32.883,
          46.842
        ]
      },
      "properties": {
        "title": "FIRMS Thermal Anomaly 12.0MW",
        "summary": "VIIRS S-NPP NRT, sat N, acquired 2026-07-19 1147Z, FRP 12 MW",
        "date": "2026-07-19",
        "severity": 5,
        "source": "firms"
      }
    },
    {
      "type": "Feature",
      "geometry": {
        "type": "Point",
        "coordinates": [
          32.94,
          46.849
        ]
      },
      "properties": {
        "title": "FIRMS Thermal Anomaly 8.59MW",
        "summary": "VIIRS S-NPP NRT, sat N, acquired 2026-07-19 1147Z, FRP 8.59 MW",
        "date": "2026-07-19",
        "severity": 4,
        "source": "firms"
      }
    },
    {
      "type": "Feature",
      "geometry": {
        "type": "Point",
        "coordinates": [
          33.703,
          46.995
        ]
      },
      "properties": {
        "title": "FIRMS Thermal Anomaly 17.57MW",
        "summary": "VIIRS S-NPP NRT, sat N, acquired 2026-07-19 1147Z, FRP 17.57 MW",
        "date": "2026-07-19",
        "severity": 5,
        "source": "firms"
      }
    },
    {
      "type": "Feature",
      "geometry": {
        "type": "Point",
        "coordinates": [
          34.903,
          47.069
        ]
      },
      "properties": {
        "title": "FIRMS Thermal Anomaly 37.39MW",
        "summary": "VIIRS S-NPP NRT, sat N, acquired 2026-07-19 1147Z, FRP 37.39 MW",
        "date": "2026-07-19",
        "severity": 7,
        "source": "firms"
      }
    },
    {
      "type": "Feature",
      "geometry": {
        "type": "Point",
        "coordinates": [
          34.895,
          47.069
        ]
      },
      "properties": {
        "title": "FIRMS Thermal Anomaly 37.39MW",
        "summary": "VIIRS S-NPP NRT, sat N, acquired 2026-07-19 1147Z, FRP 37.39 MW",
        "date": "2026-07-19",
        "severity": 7,
        "source": "firms"
      }
    },
    {
      "type": "Feature",
      "geometry": {
        "type": "Point",
        "coordinates": [
          33.369,
          47.063
        ]
      },
      "properties": {
        "title": "FIRMS Thermal Anomaly 6.44MW",
        "summary": "VIIRS S-NPP NRT, sat N, acquired 2026-07-19 1147Z, FRP 6.44 MW",
        "date": "2026-07-19",
        "severity": 4,
        "source": "firms"
      }
    },
    {
      "type": "Feature",
      "geometry": {
        "type": "Point",
        "coordinates": [
          34.901,
          47.067
        ]
      },
      "properties": {
        "title": "FIRMS Thermal Anomaly 31.71MW",
        "summary": "VIIRS S-NPP NRT, sat N, acquired 2026-07-19 1147Z, FRP 31.71 MW",
        "date": "2026-07-19",
        "severity": 7,
        "source": "firms"
      }
    },
    {
      "type": "Feature",
      "geometry": {
        "type": "Point",
        "coordinates": [
          34.893,
          47.067
        ]
      },
      "properties": {
        "title": "FIRMS Thermal Anomaly 19.1MW",
        "summary": "VIIRS S-NPP NRT, sat N, acquired 2026-07-19 1147Z, FRP 19.1 MW",
        "date": "2026-07-19",
        "severity": 5,
        "source": "firms"
      }
    },
    {
      "type": "Feature",
      "geometry": {
        "type": "Point",
        "coordinates": [
          34.901,
          47.074
        ]
      },
      "properties": {
        "title": "FIRMS Thermal Anomaly 31.71MW",
        "summary": "VIIRS S-NPP NRT, sat N, acquired 2026-07-19 1147Z, FRP 31.71 MW",
        "date": "2026-07-19",
        "severity": 7,
        "source": "firms"
      }
    },
    {
      "type": "Feature",
      "geometry": {
        "type": "Point",
        "coordinates": [
          34.893,
          47.074
        ]
      },
      "properties": {
        "title": "FIRMS Thermal Anomaly 19.1MW",
        "summary": "VIIRS S-NPP NRT, sat N, acquired 2026-07-19 1147Z, FRP 19.1 MW",
        "date": "2026-07-19",
        "severity": 5,
        "source": "firms"
      }
    },
    {
      "type": "Feature",
      "geometry": {
        "type": "Point",
        "coordinates": [
          34.018,
          47.268
        ]
      },
      "properties": {
        "title": "FIRMS Thermal Anomaly 9.44MW",
        "summary": "VIIRS S-NPP NRT, sat N, acquired 2026-07-19 1149Z, FRP 9.44 MW",
        "date": "2026-07-19",
        "severity": 4,
        "source": "firms"
      }
    },
    {
      "type": "Feature",
      "geometry": {
        "type": "Point",
        "coordinates": [
          34.018,
          47.274
        ]
      },
      "properties": {
        "title": "FIRMS Thermal Anomaly 9.44MW",
        "summary": "VIIRS S-NPP NRT, sat N, acquired 2026-07-19 1149Z, FRP 9.44 MW",
        "date": "2026-07-19",
        "severity": 4,
        "source": "firms"
      }
    },
    {
      "type": "Feature",
      "geometry": {
        "type": "Point",
        "coordinates": [
          34.319,
          47.284
        ]
      },
      "properties": {
        "title": "FIRMS Thermal Anomaly 12.32MW",
        "summary": "VIIRS S-NPP NRT, sat N, acquired 2026-07-19 1149Z, FRP 12.32 MW",
        "date": "2026-07-19",
        "severity": 5,
        "source": "firms"
      }
    },
    {
      "type": "Feature",
      "geometry": {
        "type": "Point",
        "coordinates": [
          34.311,
          47.283
        ]
      },
      "properties": {
        "title": "FIRMS Thermal Anomaly 12.32MW",
        "summary": "VIIRS S-NPP NRT, sat N, acquired 2026-07-19 1149Z, FRP 12.32 MW",
        "date": "2026-07-19",
        "severity": 5,
        "source": "firms"
      }
    },
    {
      "type": "Feature",
      "geometry": {
        "type": "Point",
        "coordinates": [
          34.326,
          47.284
        ]
      },
      "properties": {
        "title": "FIRMS Thermal Anomaly 10.77MW",
        "summary": "VIIRS S-NPP NRT, sat N, acquired 2026-07-19 1149Z, FRP 10.77 MW",
        "date": "2026-07-19",
        "severity": 5,
        "source": "firms"
      }
    },
    {
      "type": "Feature",
      "geometry": {
        "type": "Point",
        "coordinates": [
          34.016,
          47.27
        ]
      },
      "properties": {
        "title": "FIRMS Thermal Anomaly 17.34MW",
        "summary": "VIIRS S-NPP NRT, sat N, acquired 2026-07-19 1149Z, FRP 17.34 MW",
        "date": "2026-07-19",
        "severity": 5,
        "source": "firms"
      }
    },
    {
      "type": "Feature",
      "geometry": {
        "type": "Point",
        "coordinates": [
          34.316,
          47.278
        ]
      },
      "properties": {
        "title": "FIRMS Thermal Anomaly 7.22MW",
        "summary": "VIIRS S-NPP NRT, sat N, acquired 2026-07-19 1149Z, FRP 7.22 MW",
        "date": "2026-07-19",
        "severity": 4,
        "source": "firms"
      }
    },
    {
      "type": "Feature",
      "geometry": {
        "type": "Point",
        "coordinates": [
          34.316,
          47.285
        ]
      },
      "properties": {
        "title": "FIRMS Thermal Anomaly 11.76MW",
        "summary": "VIIRS S-NPP NRT, sat N, acquired 2026-07-19 1149Z, FRP 11.76 MW",
        "date": "2026-07-19",
        "severity": 5,
        "source": "firms"
      }
    },
    {
      "type": "Feature",
      "geometry": {
        "type": "Point",
        "coordinates": [
          34.323,
          47.285
        ]
      },
      "properties": {
        "title": "FIRMS Thermal Anomaly 11.76MW",
        "summary": "VIIRS S-NPP NRT, sat N, acquired 2026-07-19 1149Z, FRP 11.76 MW",
        "date": "2026-07-19",
        "severity": 5,
        "source": "firms"
      }
    },
    {
      "type": "Feature",
      "geometry": {
        "type": "Point",
        "coordinates": [
          34.309,
          47.285
        ]
      },
      "properties": {
        "title": "FIRMS Thermal Anomaly 7.62MW",
        "summary": "VIIRS S-NPP NRT, sat N, acquired 2026-07-19 1149Z, FRP 7.62 MW",
        "date": "2026-07-19",
        "severity": 4,
        "source": "firms"
      }
    },
    {
      "type": "Feature",
      "geometry": {
        "type": "Point",
        "coordinates": [
          34.176,
          47.353
        ]
      },
      "properties": {
        "title": "FIRMS Thermal Anomaly 6.42MW",
        "summary": "VIIRS S-NPP NRT, sat N, acquired 2026-07-19 1149Z, FRP 6.42 MW",
        "date": "2026-07-19",
        "severity": 4,
        "source": "firms"
      }
    },
    {
      "type": "Feature",
      "geometry": {
        "type": "Point",
        "coordinates": [
          34.168,
          47.353
        ]
      },
      "properties": {
        "title": "FIRMS Thermal Anomaly 6.42MW",
        "summary": "VIIRS S-NPP NRT, sat N, acquired 2026-07-19 1149Z, FRP 6.42 MW",
        "date": "2026-07-19",
        "severity": 4,
        "source": "firms"
      }
    },
    {
      "type": "Feature",
      "geometry": {
        "type": "Point",
        "coordinates": [
          34.079,
          47.39
        ]
      },
      "properties": {
        "title": "FIRMS Thermal Anomaly 24.13MW",
        "summary": "VIIRS S-NPP NRT, sat N, acquired 2026-07-19 1149Z, FRP 24.13 MW",
        "date": "2026-07-19",
        "severity": 6,
        "source": "firms"
      }
    },
    {
      "type": "Feature",
      "geometry": {
        "type": "Point",
        "coordinates": [
          34.078,
          47.387
        ]
      },
      "properties": {
        "title": "FIRMS Thermal Anomaly 11.73MW",
        "summary": "VIIRS S-NPP NRT, sat N, acquired 2026-07-19 1149Z, FRP 11.73 MW",
        "date": "2026-07-19",
        "severity": 5,
        "source": "firms"
      }
    },
    {
      "type": "Feature",
      "geometry": {
        "type": "Point",
        "coordinates": [
          34.078,
          47.393
        ]
      },
      "properties": {
        "title": "FIRMS Thermal Anomaly 11.73MW",
        "summary": "VIIRS S-NPP NRT, sat N, acquired 2026-07-19 1149Z, FRP 11.73 MW",
        "date": "2026-07-19",
        "severity": 5,
        "source": "firms"
      }
    },
    {
      "type": "Feature",
      "geometry": {
        "type": "Point",
        "coordinates": [
          34.085,
          47.393
        ]
      },
      "properties": {
        "title": "FIRMS Thermal Anomaly 15.28MW",
        "summary": "VIIRS S-NPP NRT, sat N, acquired 2026-07-19 1149Z, FRP 15.28 MW",
        "date": "2026-07-19",
        "severity": 5,
        "source": "firms"
      }
    },
    {
      "type": "Feature",
      "geometry": {
        "type": "Point",
        "coordinates": [
          34.36,
          47.427
        ]
      },
      "properties": {
        "title": "FIRMS Thermal Anomaly 5.39MW",
        "summary": "VIIRS S-NPP NRT, sat N, acquired 2026-07-19 1149Z, FRP 5.39 MW",
        "date": "2026-07-19",
        "severity": 4,
        "source": "firms"
      }
    },
    {
      "type": "Feature",
      "geometry": {
        "type": "Point",
        "coordinates": [
          33.876,
          47.448
        ]
      },
      "properties": {
        "title": "FIRMS Thermal Anomaly 45.12MW",
        "summary": "VIIRS S-NPP NRT, sat N, acquired 2026-07-19 1149Z, FRP 45.12 MW",
        "date": "2026-07-19",
        "severity": 8,
        "source": "firms"
      }
    },
    {
      "type": "Feature",
      "geometry": {
        "type": "Point",
        "coordinates": [
          33.869,
          47.448
        ]
      },
      "properties": {
        "title": "FIRMS Thermal Anomaly 45.12MW",
        "summary": "VIIRS S-NPP NRT, sat N, acquired 2026-07-19 1149Z, FRP 45.12 MW",
        "date": "2026-07-19",
        "severity": 8,
        "source": "firms"
      }
    },
    {
      "type": "Feature",
      "geometry": {
        "type": "Point",
        "coordinates": [
          33.869,
          47.454
        ]
      },
      "properties": {
        "title": "FIRMS Thermal Anomaly 45.12MW",
        "summary": "VIIRS S-NPP NRT, sat N, acquired 2026-07-19 1149Z, FRP 45.12 MW",
        "date": "2026-07-19",
        "severity": 8,
        "source": "firms"
      }
    },
    {
      "type": "Feature",
      "geometry": {
        "type": "Point",
        "coordinates": [
          33.876,
          47.454
        ]
      },
      "properties": {
        "title": "FIRMS Thermal Anomaly 45.12MW",
        "summary": "VIIRS S-NPP NRT, sat N, acquired 2026-07-19 1149Z, FRP 45.12 MW",
        "date": "2026-07-19",
        "severity": 8,
        "source": "firms"
      }
    },
    {
      "type": "Feature",
      "geometry": {
        "type": "Point",
        "coordinates": [
          33.519,
          47.486
        ]
      },
      "properties": {
        "title": "FIRMS Thermal Anomaly 13.51MW",
        "summary": "VIIRS S-NPP NRT, sat N, acquired 2026-07-19 1149Z, FRP 13.51 MW",
        "date": "2026-07-19",
        "severity": 5,
        "source": "firms"
      }
    },
    {
      "type": "Feature",
      "geometry": {
        "type": "Point",
        "coordinates": [
          33.519,
          47.485
        ]
      },
      "properties": {
        "title": "FIRMS Thermal Anomaly 8.49MW",
        "summary": "VIIRS S-NPP NRT, sat N, acquired 2026-07-19 1149Z, FRP 8.49 MW",
        "date": "2026-07-19",
        "severity": 4,
        "source": "firms"
      }
    },
    {
      "type": "Feature",
      "geometry": {
        "type": "Point",
        "coordinates": [
          33.519,
          47.491
        ]
      },
      "properties": {
        "title": "FIRMS Thermal Anomaly 8.49MW",
        "summary": "VIIRS S-NPP NRT, sat N, acquired 2026-07-19 1149Z, FRP 8.49 MW",
        "date": "2026-07-19",
        "severity": 4,
        "source": "firms"
      }
    },
    {
      "type": "Feature",
      "geometry": {
        "type": "Point",
        "coordinates": [
          32.436,
          52.369
        ]
      },
      "properties": {
        "title": "FIRMS Thermal Anomaly 8.09MW",
        "summary": "VIIRS S-NPP NRT, sat N, acquired 2026-07-19 1147Z, FRP 8.09 MW",
        "date": "2026-07-19",
        "severity": 4,
        "source": "firms"
      }
    },
    {
      "type": "Feature",
      "geometry": {
        "type": "Point",
        "coordinates": [
          33.89,
          52.332
        ]
      },
      "properties": {
        "title": "FIRMS Thermal Anomaly 5.03MW",
        "summary": "VIIRS S-NPP NRT, sat N, acquired 2026-07-19 2358Z, FRP 5.03 MW",
        "date": "2026-07-19",
        "severity": 4,
        "source": "firms"
      }
    },
    {
      "type": "Feature",
      "geometry": {
        "type": "Point",
        "coordinates": [
          33.403,
          52.206
        ]
      },
      "properties": {
        "title": "FIRMS Thermal Anomaly 9.29MW",
        "summary": "VIIRS S-NPP NRT, sat N, acquired 2026-07-19 2358Z, FRP 9.29 MW",
        "date": "2026-07-19",
        "severity": 4,
        "source": "firms"
      }
    },
    {
      "type": "Feature",
      "geometry": {
        "type": "Point",
        "coordinates": [
          33.698,
          46.996
        ]
      },
      "properties": {
        "title": "FIRMS Thermal Anomaly 14.54MW",
        "summary": "VIIRS S-NPP NRT, sat N, acquired 2026-07-20 0001Z, FRP 14.54 MW",
        "date": "2026-07-20",
        "severity": 5,
        "source": "firms"
      }
    },
    {
      "type": "Feature",
      "geometry": {
        "type": "Point",
        "coordinates": [
          33.803,
          46.947
        ]
      },
      "properties": {
        "title": "FIRMS Thermal Anomaly 5.56MW",
        "summary": "VIIRS S-NPP NRT, sat N, acquired 2026-07-20 0001Z, FRP 5.56 MW",
        "date": "2026-07-20",
        "severity": 4,
        "source": "firms"
      }
    },
    {
      "type": "Feature",
      "geometry": {
        "type": "Point",
        "coordinates": [
          33.801,
          46.944
        ]
      },
      "properties": {
        "title": "FIRMS Thermal Anomaly 5.56MW",
        "summary": "VIIRS S-NPP NRT, sat N, acquired 2026-07-20 0001Z, FRP 5.56 MW",
        "date": "2026-07-20",
        "severity": 4,
        "source": "firms"
      }
    },
    {
      "type": "Feature",
      "geometry": {
        "type": "Point",
        "coordinates": [
          31.671,
          45.258
        ]
      },
      "properties": {
        "title": "FIRMS Thermal Anomaly 7.66MW",
        "summary": "VIIRS S-NPP NRT, sat N, acquired 2026-07-20 0001Z, FRP 7.66 MW",
        "date": "2026-07-20",
        "severity": 4,
        "source": "firms"
      }
    },
    {
      "type": "Feature",
      "geometry": {
        "type": "Point",
        "coordinates": [
          34.633,
          47.541
        ]
      },
      "properties": {
        "title": "FIRMS Thermal Anomaly 5.46MW",
        "summary": "VIIRS S-NPP NRT, sat N, acquired 2026-07-20 0947Z, FRP 5.46 MW",
        "date": "2026-07-20",
        "severity": 4,
        "source": "firms"
      }
    },
    {
      "type": "Feature",
      "geometry": {
        "type": "Point",
        "coordinates": [
          34.737,
          47.597
        ]
      },
      "properties": {
        "title": "FIRMS Thermal Anomaly 15.99MW",
        "summary": "VIIRS S-NPP NRT, sat N, acquired 2026-07-20 0947Z, FRP 15.99 MW",
        "date": "2026-07-20",
        "severity": 5,
        "source": "firms"
      }
    },
    {
      "type": "Feature",
      "geometry": {
        "type": "Point",
        "coordinates": [
          34.713,
          47.591
        ]
      },
      "properties": {
        "title": "FIRMS Thermal Anomaly 5.63MW",
        "summary": "VIIRS S-NPP NRT, sat N, acquired 2026-07-20 0947Z, FRP 5.63 MW",
        "date": "2026-07-20",
        "severity": 4,
        "source": "firms"
      }
    },
    {
      "type": "Feature",
      "geometry": {
        "type": "Point",
        "coordinates": [
          34.735,
          47.602
        ]
      },
      "properties": {
        "title": "FIRMS Thermal Anomaly 15.99MW",
        "summary": "VIIRS S-NPP NRT, sat N, acquired 2026-07-20 0947Z, FRP 15.99 MW",
        "date": "2026-07-20",
        "severity": 5,
        "source": "firms"
      }
    },
    {
      "type": "Feature",
      "geometry": {
        "type": "Point",
        "coordinates": [
          34.727,
          47.6
        ]
      },
      "properties": {
        "title": "FIRMS Thermal Anomaly 15.99MW",
        "summary": "VIIRS S-NPP NRT, sat N, acquired 2026-07-20 0947Z, FRP 15.99 MW",
        "date": "2026-07-20",
        "severity": 5,
        "source": "firms"
      }
    },
    {
      "type": "Feature",
      "geometry": {
        "type": "Point",
        "coordinates": [
          34.711,
          47.595
        ]
      },
      "properties": {
        "title": "FIRMS Thermal Anomaly 5.63MW",
        "summary": "VIIRS S-NPP NRT, sat N, acquired 2026-07-20 0947Z, FRP 5.63 MW",
        "date": "2026-07-20",
        "severity": 4,
        "source": "firms"
      }
    },
    {
      "type": "Feature",
      "geometry": {
        "type": "Point",
        "coordinates": [
          33.849,
          47.358
        ]
      },
      "properties": {
        "title": "FIRMS Thermal Anomaly 9.63MW",
        "summary": "VIIRS S-NPP NRT, sat N, acquired 2026-07-20 0947Z, FRP 9.63 MW",
        "date": "2026-07-20",
        "severity": 4,
        "source": "firms"
      }
    },
    {
      "type": "Feature",
      "geometry": {
        "type": "Point",
        "coordinates": [
          33.844,
          47.357
        ]
      },
      "properties": {
        "title": "FIRMS Thermal Anomaly 9.63MW",
        "summary": "VIIRS S-NPP NRT, sat N, acquired 2026-07-20 0947Z, FRP 9.63 MW",
        "date": "2026-07-20",
        "severity": 4,
        "source": "firms"
      }
    },
    {
      "type": "Feature",
      "geometry": {
        "type": "Point",
        "coordinates": [
          33.85,
          47.364
        ]
      },
      "properties": {
        "title": "FIRMS Thermal Anomaly 24.68MW",
        "summary": "VIIRS S-NPP NRT, sat N, acquired 2026-07-20 0947Z, FRP 24.68 MW",
        "date": "2026-07-20",
        "severity": 6,
        "source": "firms"
      }
    },
    {
      "type": "Feature",
      "geometry": {
        "type": "Point",
        "coordinates": [
          33.846,
          47.363
        ]
      },
      "properties": {
        "title": "FIRMS Thermal Anomaly 9.63MW",
        "summary": "VIIRS S-NPP NRT, sat N, acquired 2026-07-20 0947Z, FRP 9.63 MW",
        "date": "2026-07-20",
        "severity": 4,
        "source": "firms"
      }
    },
    {
      "type": "Feature",
      "geometry": {
        "type": "Point",
        "coordinates": [
          33.841,
          47.362
        ]
      },
      "properties": {
        "title": "FIRMS Thermal Anomaly 9.63MW",
        "summary": "VIIRS S-NPP NRT, sat N, acquired 2026-07-20 0947Z, FRP 9.63 MW",
        "date": "2026-07-20",
        "severity": 4,
        "source": "firms"
      }
    },
    {
      "type": "Feature",
      "geometry": {
        "type": "Point",
        "coordinates": [
          34.326,
          47.63
        ]
      },
      "properties": {
        "title": "FIRMS Thermal Anomaly 5.64MW",
        "summary": "VIIRS S-NPP NRT, sat N, acquired 2026-07-20 0947Z, FRP 5.64 MW",
        "date": "2026-07-20",
        "severity": 4,
        "source": "firms"
      }
    },
    {
      "type": "Feature",
      "geometry": {
        "type": "Point",
        "coordinates": [
          29.616,
          46.341
        ]
      },
      "properties": {
        "title": "FIRMS Thermal Anomaly 9.68MW",
        "summary": "VIIRS S-NPP NRT, sat N, acquired 2026-07-20 0947Z, FRP 9.68 MW",
        "date": "2026-07-20",
        "severity": 4,
        "source": "firms"
      }
    },
    {
      "type": "Feature",
      "geometry": {
        "type": "Point",
        "coordinates": [
          29.612,
          46.347
        ]
      },
      "properties": {
        "title": "FIRMS Thermal Anomaly 9.68MW",
        "summary": "VIIRS S-NPP NRT, sat N, acquired 2026-07-20 0947Z, FRP 9.68 MW",
        "date": "2026-07-20",
        "severity": 4,
        "source": "firms"
      }
    },
    {
      "type": "Feature",
      "geometry": {
        "type": "Point",
        "coordinates": [
          33.394,
          45.218
        ]
      },
      "properties": {
        "title": "FIRMS Thermal Anomaly 17.77MW",
        "summary": "VIIRS S-NPP NRT, sat N, acquired 2026-07-20 0947Z, FRP 17.77 MW",
        "date": "2026-07-20",
        "severity": 5,
        "source": "firms"
      }
    },
    {
      "type": "Feature",
      "geometry": {
        "type": "Point",
        "coordinates": [
          33.396,
          45.224
        ]
      },
      "properties": {
        "title": "FIRMS Thermal Anomaly 17.77MW",
        "summary": "VIIRS S-NPP NRT, sat N, acquired 2026-07-20 0947Z, FRP 17.77 MW",
        "date": "2026-07-20",
        "severity": 5,
        "source": "firms"
      }
    },
    {
      "type": "Feature",
      "geometry": {
        "type": "Point",
        "coordinates": [
          33.39,
          45.223
        ]
      },
      "properties": {
        "title": "FIRMS Thermal Anomaly 17.77MW",
        "summary": "VIIRS S-NPP NRT, sat N, acquired 2026-07-20 0947Z, FRP 17.77 MW",
        "date": "2026-07-20",
        "severity": 5,
        "source": "firms"
      }
    },
    {
      "type": "Feature",
      "geometry": {
        "type": "Point",
        "coordinates": [
          34.105,
          46.191
        ]
      },
      "properties": {
        "title": "FIRMS Thermal Anomaly 6.05MW",
        "summary": "VIIRS S-NPP NRT, sat N, acquired 2026-07-20 0947Z, FRP 6.05 MW",
        "date": "2026-07-20",
        "severity": 4,
        "source": "firms"
      }
    },
    {
      "type": "Feature",
      "geometry": {
        "type": "Point",
        "coordinates": [
          34.102,
          46.196
        ]
      },
      "properties": {
        "title": "FIRMS Thermal Anomaly 6.05MW",
        "summary": "VIIRS S-NPP NRT, sat N, acquired 2026-07-20 0947Z, FRP 6.05 MW",
        "date": "2026-07-20",
        "severity": 4,
        "source": "firms"
      }
    },
    {
      "type": "Feature",
      "geometry": {
        "type": "Point",
        "coordinates": [
          34.103,
          46.193
        ]
      },
      "properties": {
        "title": "FIRMS Thermal Anomaly 12.0MW",
        "summary": "VIIRS S-NPP NRT, sat N, acquired 2026-07-20 0947Z, FRP 12 MW",
        "date": "2026-07-20",
        "severity": 5,
        "source": "firms"
      }
    },
    {
      "type": "Feature",
      "geometry": {
        "type": "Point",
        "coordinates": [
          34.897,
          46.53
        ]
      },
      "properties": {
        "title": "FIRMS Thermal Anomaly 7.97MW",
        "summary": "VIIRS S-NPP NRT, sat N, acquired 2026-07-20 0947Z, FRP 7.97 MW",
        "date": "2026-07-20",
        "severity": 4,
        "source": "firms"
      }
    },
    {
      "type": "Feature",
      "geometry": {
        "type": "Point",
        "coordinates": [
          34.905,
          46.532
        ]
      },
      "properties": {
        "title": "FIRMS Thermal Anomaly 6.83MW",
        "summary": "VIIRS S-NPP NRT, sat N, acquired 2026-07-20 0947Z, FRP 6.83 MW",
        "date": "2026-07-20",
        "severity": 4,
        "source": "firms"
      }
    },
    {
      "type": "Feature",
      "geometry": {
        "type": "Point",
        "coordinates": [
          34.901,
          46.531
        ]
      },
      "properties": {
        "title": "FIRMS Thermal Anomaly 7.97MW",
        "summary": "VIIRS S-NPP NRT, sat N, acquired 2026-07-20 0947Z, FRP 7.97 MW",
        "date": "2026-07-20",
        "severity": 4,
        "source": "firms"
      }
    },
    {
      "type": "Feature",
      "geometry": {
        "type": "Point",
        "coordinates": [
          34.894,
          46.534
        ]
      },
      "properties": {
        "title": "FIRMS Thermal Anomaly 7.97MW",
        "summary": "VIIRS S-NPP NRT, sat N, acquired 2026-07-20 0947Z, FRP 7.97 MW",
        "date": "2026-07-20",
        "severity": 4,
        "source": "firms"
      }
    },
    {
      "type": "Feature",
      "geometry": {
        "type": "Point",
        "coordinates": [
          34.898,
          46.536
        ]
      },
      "properties": {
        "title": "FIRMS Thermal Anomaly 7.97MW",
        "summary": "VIIRS S-NPP NRT, sat N, acquired 2026-07-20 0947Z, FRP 7.97 MW",
        "date": "2026-07-20",
        "severity": 4,
        "source": "firms"
      }
    },
    {
      "type": "Feature",
      "geometry": {
        "type": "Point",
        "coordinates": [
          34.89,
          46.533
        ]
      },
      "properties": {
        "title": "FIRMS Thermal Anomaly 8.71MW",
        "summary": "VIIRS S-NPP NRT, sat N, acquired 2026-07-20 0947Z, FRP 8.71 MW",
        "date": "2026-07-20",
        "severity": 4,
        "source": "firms"
      }
    },
    {
      "type": "Feature",
      "geometry": {
        "type": "Point",
        "coordinates": [
          34.897,
          46.531
        ]
      },
      "properties": {
        "title": "FIRMS Thermal Anomaly 7.82MW",
        "summary": "VIIRS S-NPP NRT, sat N, acquired 2026-07-20 0947Z, FRP 7.82 MW",
        "date": "2026-07-20",
        "severity": 4,
        "source": "firms"
      }
    },
    {
      "type": "Feature",
      "geometry": {
        "type": "Point",
        "coordinates": [
          34.901,
          46.532
        ]
      },
      "properties": {
        "title": "FIRMS Thermal Anomaly 7.82MW",
        "summary": "VIIRS S-NPP NRT, sat N, acquired 2026-07-20 0947Z, FRP 7.82 MW",
        "date": "2026-07-20",
        "severity": 4,
        "source": "firms"
      }
    },
    {
      "type": "Feature",
      "geometry": {
        "type": "Point",
        "coordinates": [
          34.893,
          46.53
        ]
      },
      "properties": {
        "title": "FIRMS Thermal Anomaly 7.01MW",
        "summary": "VIIRS S-NPP NRT, sat N, acquired 2026-07-20 0947Z, FRP 7.01 MW",
        "date": "2026-07-20",
        "severity": 4,
        "source": "firms"
      }
    },
    {
      "type": "Feature",
      "geometry": {
        "type": "Point",
        "coordinates": [
          33.468,
          46.113
        ]
      },
      "properties": {
        "title": "FIRMS Thermal Anomaly 5.77MW",
        "summary": "VIIRS S-NPP NRT, sat N, acquired 2026-07-20 0947Z, FRP 5.77 MW",
        "date": "2026-07-20",
        "severity": 4,
        "source": "firms"
      }
    },
    {
      "type": "Feature",
      "geometry": {
        "type": "Point",
        "coordinates": [
          34.898,
          46.537
        ]
      },
      "properties": {
        "title": "FIRMS Thermal Anomaly 7.82MW",
        "summary": "VIIRS S-NPP NRT, sat N, acquired 2026-07-20 0947Z, FRP 7.82 MW",
        "date": "2026-07-20",
        "severity": 4,
        "source": "firms"
      }
    },
    {
      "type": "Feature",
      "geometry": {
        "type": "Point",
        "coordinates": [
          34.894,
          46.536
        ]
      },
      "properties": {
        "title": "FIRMS Thermal Anomaly 7.82MW",
        "summary": "VIIRS S-NPP NRT, sat N, acquired 2026-07-20 0947Z, FRP 7.82 MW",
        "date": "2026-07-20",
        "severity": 4,
        "source": "firms"
      }
    },
    {
      "type": "Feature",
      "geometry": {
        "type": "Point",
        "coordinates": [
          34.89,
          46.535
        ]
      },
      "properties": {
        "title": "FIRMS Thermal Anomaly 7.01MW",
        "summary": "VIIRS S-NPP NRT, sat N, acquired 2026-07-20 0947Z, FRP 7.01 MW",
        "date": "2026-07-20",
        "severity": 4,
        "source": "firms"
      }
    },
    {
      "type": "Feature",
      "geometry": {
        "type": "Point",
        "coordinates": [
          34.508,
          46.593
        ]
      },
      "properties": {
        "title": "FIRMS Thermal Anomaly 34.97MW",
        "summary": "VIIRS S-NPP NRT, sat N, acquired 2026-07-20 0947Z, FRP 34.97 MW",
        "date": "2026-07-20",
        "severity": 7,
        "source": "firms"
      }
    },
    {
      "type": "Feature",
      "geometry": {
        "type": "Point",
        "coordinates": [
          34.505,
          46.597
        ]
      },
      "properties": {
        "title": "FIRMS Thermal Anomaly 34.97MW",
        "summary": "VIIRS S-NPP NRT, sat N, acquired 2026-07-20 0947Z, FRP 34.97 MW",
        "date": "2026-07-20",
        "severity": 7,
        "source": "firms"
      }
    },
    {
      "type": "Feature",
      "geometry": {
        "type": "Point",
        "coordinates": [
          34.504,
          46.608
        ]
      },
      "properties": {
        "title": "FIRMS Thermal Anomaly 6.14MW",
        "summary": "VIIRS S-NPP NRT, sat N, acquired 2026-07-20 0947Z, FRP 6.14 MW",
        "date": "2026-07-20",
        "severity": 4,
        "source": "firms"
      }
    },
    {
      "type": "Feature",
      "geometry": {
        "type": "Point",
        "coordinates": [
          33.684,
          46.608
        ]
      },
      "properties": {
        "title": "FIRMS Thermal Anomaly 9.21MW",
        "summary": "VIIRS S-NPP NRT, sat N, acquired 2026-07-20 0947Z, FRP 9.21 MW",
        "date": "2026-07-20",
        "severity": 4,
        "source": "firms"
      }
    },
    {
      "type": "Feature",
      "geometry": {
        "type": "Point",
        "coordinates": [
          33.679,
          46.607
        ]
      },
      "properties": {
        "title": "FIRMS Thermal Anomaly 9.21MW",
        "summary": "VIIRS S-NPP NRT, sat N, acquired 2026-07-20 0947Z, FRP 9.21 MW",
        "date": "2026-07-20",
        "severity": 4,
        "source": "firms"
      }
    },
    {
      "type": "Feature",
      "geometry": {
        "type": "Point",
        "coordinates": [
          33.672,
          46.61
        ]
      },
      "properties": {
        "title": "FIRMS Thermal Anomaly 16.95MW",
        "summary": "VIIRS S-NPP NRT, sat N, acquired 2026-07-20 0947Z, FRP 16.95 MW",
        "date": "2026-07-20",
        "severity": 5,
        "source": "firms"
      }
    },
    {
      "type": "Feature",
      "geometry": {
        "type": "Point",
        "coordinates": [
          33.676,
          46.612
        ]
      },
      "properties": {
        "title": "FIRMS Thermal Anomaly 9.21MW",
        "summary": "VIIRS S-NPP NRT, sat N, acquired 2026-07-20 0947Z, FRP 9.21 MW",
        "date": "2026-07-20",
        "severity": 4,
        "source": "firms"
      }
    },
    {
      "type": "Feature",
      "geometry": {
        "type": "Point",
        "coordinates": [
          33.669,
          46.615
        ]
      },
      "properties": {
        "title": "FIRMS Thermal Anomaly 12.6MW",
        "summary": "VIIRS S-NPP NRT, sat N, acquired 2026-07-20 0947Z, FRP 12.6 MW",
        "date": "2026-07-20",
        "severity": 5,
        "source": "firms"
      }
    },
    {
      "type": "Feature",
      "geometry": {
        "type": "Point",
        "coordinates": [
          32.959,
          46.405
        ]
      },
      "properties": {
        "title": "FIRMS Thermal Anomaly 32.02MW",
        "summary": "VIIRS S-NPP NRT, sat N, acquired 2026-07-20 0947Z, FRP 32.02 MW",
        "date": "2026-07-20",
        "severity": 7,
        "source": "firms"
      }
    },
    {
      "type": "Feature",
      "geometry": {
        "type": "Point",
        "coordinates": [
          32.961,
          46.412
        ]
      },
      "properties": {
        "title": "FIRMS Thermal Anomaly 32.02MW",
        "summary": "VIIRS S-NPP NRT, sat N, acquired 2026-07-20 0947Z, FRP 32.02 MW",
        "date": "2026-07-20",
        "severity": 7,
        "source": "firms"
      }
    },
    {
      "type": "Feature",
      "geometry": {
        "type": "Point",
        "coordinates": [
          32.956,
          46.41
        ]
      },
      "properties": {
        "title": "FIRMS Thermal Anomaly 32.02MW",
        "summary": "VIIRS S-NPP NRT, sat N, acquired 2026-07-20 0947Z, FRP 32.02 MW",
        "date": "2026-07-20",
        "severity": 7,
        "source": "firms"
      }
    },
    {
      "type": "Feature",
      "geometry": {
        "type": "Point",
        "coordinates": [
          32.951,
          46.409
        ]
      },
      "properties": {
        "title": "FIRMS Thermal Anomaly 10.89MW",
        "summary": "VIIRS S-NPP NRT, sat N, acquired 2026-07-20 0947Z, FRP 10.89 MW",
        "date": "2026-07-20",
        "severity": 5,
        "source": "firms"
      }
    },
    {
      "type": "Feature",
      "geometry": {
        "type": "Point",
        "coordinates": [
          33.681,
          46.631
        ]
      },
      "properties": {
        "title": "FIRMS Thermal Anomaly 6.29MW",
        "summary": "VIIRS S-NPP NRT, sat N, acquired 2026-07-20 0947Z, FRP 6.29 MW",
        "date": "2026-07-20",
        "severity": 4,
        "source": "firms"
      }
    },
    {
      "type": "Feature",
      "geometry": {
        "type": "Point",
        "coordinates": [
          32.958,
          46.417
        ]
      },
      "properties": {
        "title": "FIRMS Thermal Anomaly 50.03MW",
        "summary": "VIIRS S-NPP NRT, sat N, acquired 2026-07-20 0947Z, FRP 50.03 MW",
        "date": "2026-07-20",
        "severity": 9,
        "source": "firms"
      }
    },
    {
      "type": "Feature",
      "geometry": {
        "type": "Point",
        "coordinates": [
          33.676,
          46.629
        ]
      },
      "properties": {
        "title": "FIRMS Thermal Anomaly 6.29MW",
        "summary": "VIIRS S-NPP NRT, sat N, acquired 2026-07-20 0947Z, FRP 6.29 MW",
        "date": "2026-07-20",
        "severity": 4,
        "source": "firms"
      }
    },
    {
      "type": "Feature",
      "geometry": {
        "type": "Point",
        "coordinates": [
          32.953,
          46.415
        ]
      },
      "properties": {
        "title": "FIRMS Thermal Anomaly 50.03MW",
        "summary": "VIIRS S-NPP NRT, sat N, acquired 2026-07-20 0947Z, FRP 50.03 MW",
        "date": "2026-07-20",
        "severity": 9,
        "source": "firms"
      }
    },
    {
      "type": "Feature",
      "geometry": {
        "type": "Point",
        "coordinates": [
          32.299,
          46.461
        ]
      },
      "properties": {
        "title": "FIRMS Thermal Anomaly 16.92MW",
        "summary": "VIIRS S-NPP NRT, sat N, acquired 2026-07-20 0947Z, FRP 16.92 MW",
        "date": "2026-07-20",
        "severity": 5,
        "source": "firms"
      }
    },
    {
      "type": "Feature",
      "geometry": {
        "type": "Point",
        "coordinates": [
          32.294,
          46.459
        ]
      },
      "properties": {
        "title": "FIRMS Thermal Anomaly 6.03MW",
        "summary": "VIIRS S-NPP NRT, sat N, acquired 2026-07-20 0947Z, FRP 6.03 MW",
        "date": "2026-07-20",
        "severity": 4,
        "source": "firms"
      }
    },
    {
      "type": "Feature",
      "geometry": {
        "type": "Point",
        "coordinates": [
          32.299,
          46.455
        ]
      },
      "properties": {
        "title": "FIRMS Thermal Anomaly 7.28MW",
        "summary": "VIIRS S-NPP NRT, sat N, acquired 2026-07-20 0947Z, FRP 7.28 MW",
        "date": "2026-07-20",
        "severity": 4,
        "source": "firms"
      }
    },
    {
      "type": "Feature",
      "geometry": {
        "type": "Point",
        "coordinates": [
          32.301,
          46.462
        ]
      },
      "properties": {
        "title": "FIRMS Thermal Anomaly 12.53MW",
        "summary": "VIIRS S-NPP NRT, sat N, acquired 2026-07-20 0947Z, FRP 12.53 MW",
        "date": "2026-07-20",
        "severity": 5,
        "source": "firms"
      }
    },
    {
      "type": "Feature",
      "geometry": {
        "type": "Point",
        "coordinates": [
          32.296,
          46.461
        ]
      },
      "properties": {
        "title": "FIRMS Thermal Anomaly 10.98MW",
        "summary": "VIIRS S-NPP NRT, sat N, acquired 2026-07-20 0947Z, FRP 10.98 MW",
        "date": "2026-07-20",
        "severity": 5,
        "source": "firms"
      }
    },
    {
      "type": "Feature",
      "geometry": {
        "type": "Point",
        "coordinates": [
          33.832,
          46.943
        ]
      },
      "properties": {
        "title": "FIRMS Thermal Anomaly 9.45MW",
        "summary": "VIIRS S-NPP NRT, sat N, acquired 2026-07-20 0947Z, FRP 9.45 MW",
        "date": "2026-07-20",
        "severity": 4,
        "source": "firms"
      }
    },
    {
      "type": "Feature",
      "geometry": {
        "type": "Point",
        "coordinates": [
          33.827,
          46.942
        ]
      },
      "properties": {
        "title": "FIRMS Thermal Anomaly 9.71MW",
        "summary": "VIIRS S-NPP NRT, sat N, acquired 2026-07-20 0947Z, FRP 9.71 MW",
        "date": "2026-07-20",
        "severity": 4,
        "source": "firms"
      }
    },
    {
      "type": "Feature",
      "geometry": {
        "type": "Point",
        "coordinates": [
          33.823,
          46.94
        ]
      },
      "properties": {
        "title": "FIRMS Thermal Anomaly 9.71MW",
        "summary": "VIIRS S-NPP NRT, sat N, acquired 2026-07-20 0947Z, FRP 9.71 MW",
        "date": "2026-07-20",
        "severity": 4,
        "source": "firms"
      }
    },
    {
      "type": "Feature",
      "geometry": {
        "type": "Point",
        "coordinates": [
          33.818,
          46.939
        ]
      },
      "properties": {
        "title": "FIRMS Thermal Anomaly 8.83MW",
        "summary": "VIIRS S-NPP NRT, sat N, acquired 2026-07-20 0947Z, FRP 8.83 MW",
        "date": "2026-07-20",
        "severity": 4,
        "source": "firms"
      }
    },
    {
      "type": "Feature",
      "geometry": {
        "type": "Point",
        "coordinates": [
          33.814,
          46.938
        ]
      },
      "properties": {
        "title": "FIRMS Thermal Anomaly 8.83MW",
        "summary": "VIIRS S-NPP NRT, sat N, acquired 2026-07-20 0947Z, FRP 8.83 MW",
        "date": "2026-07-20",
        "severity": 4,
        "source": "firms"
      }
    },
    {
      "type": "Feature",
      "geometry": {
        "type": "Point",
        "coordinates": [
          33.802,
          46.94
        ]
      },
      "properties": {
        "title": "FIRMS Thermal Anomaly 9.44MW",
        "summary": "VIIRS S-NPP NRT, sat N, acquired 2026-07-20 0947Z, FRP 9.44 MW",
        "date": "2026-07-20",
        "severity": 4,
        "source": "firms"
      }
    },
    {
      "type": "Feature",
      "geometry": {
        "type": "Point",
        "coordinates": [
          33.797,
          46.939
        ]
      },
      "properties": {
        "title": "FIRMS Thermal Anomaly 5.94MW",
        "summary": "VIIRS S-NPP NRT, sat N, acquired 2026-07-20 0947Z, FRP 5.94 MW",
        "date": "2026-07-20",
        "severity": 4,
        "source": "firms"
      }
    },
    {
      "type": "Feature",
      "geometry": {
        "type": "Point",
        "coordinates": [
          33.847,
          46.953
        ]
      },
      "properties": {
        "title": "FIRMS Thermal Anomaly 8.22MW",
        "summary": "VIIRS S-NPP NRT, sat N, acquired 2026-07-20 0947Z, FRP 8.22 MW",
        "date": "2026-07-20",
        "severity": 4,
        "source": "firms"
      }
    },
    {
      "type": "Feature",
      "geometry": {
        "type": "Point",
        "coordinates": [
          33.852,
          46.961
        ]
      },
      "properties": {
        "title": "FIRMS Thermal Anomaly 5.66MW",
        "summary": "VIIRS S-NPP NRT, sat N, acquired 2026-07-20 0947Z, FRP 5.66 MW",
        "date": "2026-07-20",
        "severity": 4,
        "source": "firms"
      }
    },
    {
      "type": "Feature",
      "geometry": {
        "type": "Point",
        "coordinates": [
          33.857,
          46.962
        ]
      },
      "properties": {
        "title": "FIRMS Thermal Anomaly 5.66MW",
        "summary": "VIIRS S-NPP NRT, sat N, acquired 2026-07-20 0947Z, FRP 5.66 MW",
        "date": "2026-07-20",
        "severity": 4,
        "source": "firms"
      }
    },
    {
      "type": "Feature",
      "geometry": {
        "type": "Point",
        "coordinates": [
          33.808,
          46.948
        ]
      },
      "properties": {
        "title": "FIRMS Thermal Anomaly 6.12MW",
        "summary": "VIIRS S-NPP NRT, sat N, acquired 2026-07-20 0947Z, FRP 6.12 MW",
        "date": "2026-07-20",
        "severity": 4,
        "source": "firms"
      }
    },
    {
      "type": "Feature",
      "geometry": {
        "type": "Point",
        "coordinates": [
          33.799,
          46.945
        ]
      },
      "properties": {
        "title": "FIRMS Thermal Anomaly 9.44MW",
        "summary": "VIIRS S-NPP NRT, sat N, acquired 2026-07-20 0947Z, FRP 9.44 MW",
        "date": "2026-07-20",
        "severity": 4,
        "source": "firms"
      }
    },
    {
      "type": "Feature",
      "geometry": {
        "type": "Point",
        "coordinates": [
          33.794,
          46.944
        ]
      },
      "properties": {
        "title": "FIRMS Thermal Anomaly 5.94MW",
        "summary": "VIIRS S-NPP NRT, sat N, acquired 2026-07-20 0947Z, FRP 5.94 MW",
        "date": "2026-07-20",
        "severity": 4,
        "source": "firms"
      }
    },
    {
      "type": "Feature",
      "geometry": {
        "type": "Point",
        "coordinates": [
          33.809,
          46.954
        ]
      },
      "properties": {
        "title": "FIRMS Thermal Anomaly 26.6MW",
        "summary": "VIIRS S-NPP NRT, sat N, acquired 2026-07-20 0947Z, FRP 26.6 MW",
        "date": "2026-07-20",
        "severity": 6,
        "source": "firms"
      }
    },
    {
      "type": "Feature",
      "geometry": {
        "type": "Point",
        "coordinates": [
          33.796,
          46.95
        ]
      },
      "properties": {
        "title": "FIRMS Thermal Anomaly 17.75MW",
        "summary": "VIIRS S-NPP NRT, sat N, acquired 2026-07-20 0947Z, FRP 17.75 MW",
        "date": "2026-07-20",
        "severity": 5,
        "source": "firms"
      }
    },
    {
      "type": "Feature",
      "geometry": {
        "type": "Point",
        "coordinates": [
          33.805,
          46.953
        ]
      },
      "properties": {
        "title": "FIRMS Thermal Anomaly 26.6MW",
        "summary": "VIIRS S-NPP NRT, sat N, acquired 2026-07-20 0947Z, FRP 26.6 MW",
        "date": "2026-07-20",
        "severity": 6,
        "source": "firms"
      }
    },
    {
      "type": "Feature",
      "geometry": {
        "type": "Point",
        "coordinates": [
          33.8,
          46.951
        ]
      },
      "properties": {
        "title": "FIRMS Thermal Anomaly 17.75MW",
        "summary": "VIIRS S-NPP NRT, sat N, acquired 2026-07-20 0947Z, FRP 17.75 MW",
        "date": "2026-07-20",
        "severity": 5,
        "source": "firms"
      }
    },
    {
      "type": "Feature",
      "geometry": {
        "type": "Point",
        "coordinates": [
          33.802,
          46.958
        ]
      },
      "properties": {
        "title": "FIRMS Thermal Anomaly 26.6MW",
        "summary": "VIIRS S-NPP NRT, sat N, acquired 2026-07-20 0947Z, FRP 26.6 MW",
        "date": "2026-07-20",
        "severity": 6,
        "source": "firms"
      }
    },
    {
      "type": "Feature",
      "geometry": {
        "type": "Point",
        "coordinates": [
          33.704,
          46.994
        ]
      },
      "properties": {
        "title": "FIRMS Thermal Anomaly 31.3MW",
        "summary": "VIIRS S-NPP NRT, sat N, acquired 2026-07-20 0947Z, FRP 31.3 MW",
        "date": "2026-07-20",
        "severity": 7,
        "source": "firms"
      }
    },
    {
      "type": "Feature",
      "geometry": {
        "type": "Point",
        "coordinates": [
          33.704,
          46.992
        ]
      },
      "properties": {
        "title": "FIRMS Thermal Anomaly 30.0MW",
        "summary": "VIIRS S-NPP NRT, sat N, acquired 2026-07-20 0947Z, FRP 30 MW",
        "date": "2026-07-20",
        "severity": 7,
        "source": "firms"
      }
    },
    {
      "type": "Feature",
      "geometry": {
        "type": "Point",
        "coordinates": [
          33.395,
          45.22
        ]
      },
      "properties": {
        "title": "FIRMS Thermal Anomaly 7.03MW",
        "summary": "VIIRS S-NPP NRT, sat N, acquired 2026-07-20 1128Z, FRP 7.03 MW",
        "date": "2026-07-20",
        "severity": 4,
        "source": "firms"
      }
    },
    {
      "type": "Feature",
      "geometry": {
        "type": "Point",
        "coordinates": [
          23.214,
          44.138
        ]
      },
      "properties": {
        "title": "FIRMS Thermal Anomaly 5.03MW",
        "summary": "VIIRS S-NPP NRT, sat N, acquired 2026-07-20 1128Z, FRP 5.03 MW",
        "date": "2026-07-20",
        "severity": 4,
        "source": "firms"
      }
    },
    {
      "type": "Feature",
      "geometry": {
        "type": "Point",
        "coordinates": [
          23.164,
          44.212
        ]
      },
      "properties": {
        "title": "FIRMS Thermal Anomaly 15.92MW",
        "summary": "VIIRS S-NPP NRT, sat N, acquired 2026-07-20 1128Z, FRP 15.92 MW",
        "date": "2026-07-20",
        "severity": 5,
        "source": "firms"
      }
    },
    {
      "type": "Feature",
      "geometry": {
        "type": "Point",
        "coordinates": [
          23.163,
          44.215
        ]
      },
      "properties": {
        "title": "FIRMS Thermal Anomaly 15.92MW",
        "summary": "VIIRS S-NPP NRT, sat N, acquired 2026-07-20 1128Z, FRP 15.92 MW",
        "date": "2026-07-20",
        "severity": 5,
        "source": "firms"
      }
    },
    {
      "type": "Feature",
      "geometry": {
        "type": "Point",
        "coordinates": [
          23.158,
          44.215
        ]
      },
      "properties": {
        "title": "FIRMS Thermal Anomaly 15.92MW",
        "summary": "VIIRS S-NPP NRT, sat N, acquired 2026-07-20 1128Z, FRP 15.92 MW",
        "date": "2026-07-20",
        "severity": 5,
        "source": "firms"
      }
    },
    {
      "type": "Feature",
      "geometry": {
        "type": "Point",
        "coordinates": [
          23.152,
          44.217
        ]
      },
      "properties": {
        "title": "FIRMS Thermal Anomaly 8.44MW",
        "summary": "VIIRS S-NPP NRT, sat N, acquired 2026-07-20 1128Z, FRP 8.44 MW",
        "date": "2026-07-20",
        "severity": 4,
        "source": "firms"
      }
    },
    {
      "type": "Feature",
      "geometry": {
        "type": "Point",
        "coordinates": [
          23.148,
          44.217
        ]
      },
      "properties": {
        "title": "FIRMS Thermal Anomaly 8.44MW",
        "summary": "VIIRS S-NPP NRT, sat N, acquired 2026-07-20 1128Z, FRP 8.44 MW",
        "date": "2026-07-20",
        "severity": 4,
        "source": "firms"
      }
    },
    {
      "type": "Feature",
      "geometry": {
        "type": "Point",
        "coordinates": [
          23.138,
          44.215
        ]
      },
      "properties": {
        "title": "FIRMS Thermal Anomaly 22.07MW",
        "summary": "VIIRS S-NPP NRT, sat N, acquired 2026-07-20 1128Z, FRP 22.07 MW",
        "date": "2026-07-20",
        "severity": 6,
        "source": "firms"
      }
    },
    {
      "type": "Feature",
      "geometry": {
        "type": "Point",
        "coordinates": [
          31.676,
          45.258
        ]
      },
      "properties": {
        "title": "FIRMS Thermal Anomaly 12.06MW",
        "summary": "VIIRS S-NPP NRT, sat N, acquired 2026-07-20 1128Z, FRP 12.06 MW",
        "date": "2026-07-20",
        "severity": 5,
        "source": "firms"
      }
    },
    {
      "type": "Feature",
      "geometry": {
        "type": "Point",
        "coordinates": [
          31.673,
          45.257
        ]
      },
      "properties": {
        "title": "FIRMS Thermal Anomaly 7.73MW",
        "summary": "VIIRS S-NPP NRT, sat N, acquired 2026-07-20 1128Z, FRP 7.73 MW",
        "date": "2026-07-20",
        "severity": 4,
        "source": "firms"
      }
    },
    {
      "type": "Feature",
      "geometry": {
        "type": "Point",
        "coordinates": [
          29.428,
          45.561
        ]
      },
      "properties": {
        "title": "FIRMS Thermal Anomaly 5.2MW",
        "summary": "VIIRS S-NPP NRT, sat N, acquired 2026-07-20 1128Z, FRP 5.2 MW",
        "date": "2026-07-20",
        "severity": 4,
        "source": "firms"
      }
    },
    {
      "type": "Feature",
      "geometry": {
        "type": "Point",
        "coordinates": [
          29.594,
          45.7
        ]
      },
      "properties": {
        "title": "FIRMS Thermal Anomaly 8.29MW",
        "summary": "VIIRS S-NPP NRT, sat N, acquired 2026-07-20 1128Z, FRP 8.29 MW",
        "date": "2026-07-20",
        "severity": 4,
        "source": "firms"
      }
    },
    {
      "type": "Feature",
      "geometry": {
        "type": "Point",
        "coordinates": [
          29.576,
          45.715
        ]
      },
      "properties": {
        "title": "FIRMS Thermal Anomaly 5.34MW",
        "summary": "VIIRS S-NPP NRT, sat N, acquired 2026-07-20 1128Z, FRP 5.34 MW",
        "date": "2026-07-20",
        "severity": 4,
        "source": "firms"
      }
    },
    {
      "type": "Feature",
      "geometry": {
        "type": "Point",
        "coordinates": [
          33.011,
          46.197
        ]
      },
      "properties": {
        "title": "FIRMS Thermal Anomaly 5.26MW",
        "summary": "VIIRS S-NPP NRT, sat N, acquired 2026-07-20 1128Z, FRP 5.26 MW",
        "date": "2026-07-20",
        "severity": 4,
        "source": "firms"
      }
    },
    {
      "type": "Feature",
      "geometry": {
        "type": "Point",
        "coordinates": [
          32.401,
          46.205
        ]
      },
      "properties": {
        "title": "FIRMS Thermal Anomaly 6.63MW",
        "summary": "VIIRS S-NPP NRT, sat N, acquired 2026-07-20 1128Z, FRP 6.63 MW",
        "date": "2026-07-20",
        "severity": 4,
        "source": "firms"
      }
    },
    {
      "type": "Feature",
      "geometry": {
        "type": "Point",
        "coordinates": [
          32.395,
          46.204
        ]
      },
      "properties": {
        "title": "FIRMS Thermal Anomaly 6.63MW",
        "summary": "VIIRS S-NPP NRT, sat N, acquired 2026-07-20 1128Z, FRP 6.63 MW",
        "date": "2026-07-20",
        "severity": 4,
        "source": "firms"
      }
    },
    {
      "type": "Feature",
      "geometry": {
        "type": "Point",
        "coordinates": [
          34.976,
          46.477
        ]
      },
      "properties": {
        "title": "FIRMS Thermal Anomaly 5.14MW",
        "summary": "VIIRS S-NPP NRT, sat N, acquired 2026-07-20 1128Z, FRP 5.14 MW",
        "date": "2026-07-20",
        "severity": 4,
        "source": "firms"
      }
    },
    {
      "type": "Feature",
      "geometry": {
        "type": "Point",
        "coordinates": [
          34.976,
          46.482
        ]
      },
      "properties": {
        "title": "FIRMS Thermal Anomaly 5.14MW",
        "summary": "VIIRS S-NPP NRT, sat N, acquired 2026-07-20 1128Z, FRP 5.14 MW",
        "date": "2026-07-20",
        "severity": 4,
        "source": "firms"
      }
    },
    {
      "type": "Feature",
      "geometry": {
        "type": "Point",
        "coordinates": [
          32.955,
          46.404
        ]
      },
      "properties": {
        "title": "FIRMS Thermal Anomaly 31.77MW",
        "summary": "VIIRS S-NPP NRT, sat N, acquired 2026-07-20 1128Z, FRP 31.77 MW",
        "date": "2026-07-20",
        "severity": 7,
        "source": "firms"
      }
    },
    {
      "type": "Feature",
      "geometry": {
        "type": "Point",
        "coordinates": [
          32.955,
          46.409
        ]
      },
      "properties": {
        "title": "FIRMS Thermal Anomaly 31.77MW",
        "summary": "VIIRS S-NPP NRT, sat N, acquired 2026-07-20 1128Z, FRP 31.77 MW",
        "date": "2026-07-20",
        "severity": 7,
        "source": "firms"
      }
    },
    {
      "type": "Feature",
      "geometry": {
        "type": "Point",
        "coordinates": [
          32.918,
          46.406
        ]
      },
      "properties": {
        "title": "FIRMS Thermal Anomaly 12.57MW",
        "summary": "VIIRS S-NPP NRT, sat N, acquired 2026-07-20 1128Z, FRP 12.57 MW",
        "date": "2026-07-20",
        "severity": 5,
        "source": "firms"
      }
    },
    {
      "type": "Feature",
      "geometry": {
        "type": "Point",
        "coordinates": [
          32.961,
          46.414
        ]
      },
      "properties": {
        "title": "FIRMS Thermal Anomaly 39.69MW",
        "summary": "VIIRS S-NPP NRT, sat N, acquired 2026-07-20 1128Z, FRP 39.69 MW",
        "date": "2026-07-20",
        "severity": 7,
        "source": "firms"
      }
    },
    {
      "type": "Feature",
      "geometry": {
        "type": "Point",
        "coordinates": [
          32.954,
          46.414
        ]
      },
      "properties": {
        "title": "FIRMS Thermal Anomaly 39.69MW",
        "summary": "VIIRS S-NPP NRT, sat N, acquired 2026-07-20 1128Z, FRP 39.69 MW",
        "date": "2026-07-20",
        "severity": 7,
        "source": "firms"
      }
    },
    {
      "type": "Feature",
      "geometry": {
        "type": "Point",
        "coordinates": [
          32.918,
          46.411
        ]
      },
      "properties": {
        "title": "FIRMS Thermal Anomaly 8.1MW",
        "summary": "VIIRS S-NPP NRT, sat N, acquired 2026-07-20 1128Z, FRP 8.1 MW",
        "date": "2026-07-20",
        "severity": 4,
        "source": "firms"
      }
    },
    {
      "type": "Feature",
      "geometry": {
        "type": "Point",
        "coordinates": [
          32.961,
          46.419
        ]
      },
      "properties": {
        "title": "FIRMS Thermal Anomaly 39.69MW",
        "summary": "VIIRS S-NPP NRT, sat N, acquired 2026-07-20 1128Z, FRP 39.69 MW",
        "date": "2026-07-20",
        "severity": 7,
        "source": "firms"
      }
    },
    {
      "type": "Feature",
      "geometry": {
        "type": "Point",
        "coordinates": [
          32.953,
          46.418
        ]
      },
      "properties": {
        "title": "FIRMS Thermal Anomaly 39.69MW",
        "summary": "VIIRS S-NPP NRT, sat N, acquired 2026-07-20 1128Z, FRP 39.69 MW",
        "date": "2026-07-20",
        "severity": 7,
        "source": "firms"
      }
    },
    {
      "type": "Feature",
      "geometry": {
        "type": "Point",
        "coordinates": [
          32.952,
          46.409
        ]
      },
      "properties": {
        "title": "FIRMS Thermal Anomaly 51.57MW",
        "summary": "VIIRS S-NPP NRT, sat N, acquired 2026-07-20 1128Z, FRP 51.57 MW",
        "date": "2026-07-20",
        "severity": 9,
        "source": "firms"
      }
    },
    {
      "type": "Feature",
      "geometry": {
        "type": "Point",
        "coordinates": [
          32.916,
          46.407
        ]
      },
      "properties": {
        "title": "FIRMS Thermal Anomaly 15.4MW",
        "summary": "VIIRS S-NPP NRT, sat N, acquired 2026-07-20 1128Z, FRP 15.4 MW",
        "date": "2026-07-20",
        "severity": 5,
        "source": "firms"
      }
    },
    {
      "type": "Feature",
      "geometry": {
        "type": "Point",
        "coordinates": [
          32.959,
          46.414
        ]
      },
      "properties": {
        "title": "FIRMS Thermal Anomaly 62.4MW",
        "summary": "VIIRS S-NPP NRT, sat N, acquired 2026-07-20 1128Z, FRP 62.4 MW",
        "date": "2026-07-20",
        "severity": 9,
        "source": "firms"
      }
    },
    {
      "type": "Feature",
      "geometry": {
        "type": "Point",
        "coordinates": [
          32.952,
          46.413
        ]
      },
      "properties": {
        "title": "FIRMS Thermal Anomaly 37.43MW",
        "summary": "VIIRS S-NPP NRT, sat N, acquired 2026-07-20 1128Z, FRP 37.43 MW",
        "date": "2026-07-20",
        "severity": 7,
        "source": "firms"
      }
    },
    {
      "type": "Feature",
      "geometry": {
        "type": "Point",
        "coordinates": [
          32.916,
          46.411
        ]
      },
      "properties": {
        "title": "FIRMS Thermal Anomaly 8.04MW",
        "summary": "VIIRS S-NPP NRT, sat N, acquired 2026-07-20 1128Z, FRP 8.04 MW",
        "date": "2026-07-20",
        "severity": 4,
        "source": "firms"
      }
    },
    {
      "type": "Feature",
      "geometry": {
        "type": "Point",
        "coordinates": [
          32.958,
          46.419
        ]
      },
      "properties": {
        "title": "FIRMS Thermal Anomaly 62.4MW",
        "summary": "VIIRS S-NPP NRT, sat N, acquired 2026-07-20 1128Z, FRP 62.4 MW",
        "date": "2026-07-20",
        "severity": 9,
        "source": "firms"
      }
    },
    {
      "type": "Feature",
      "geometry": {
        "type": "Point",
        "coordinates": [
          32.951,
          46.418
        ]
      },
      "properties": {
        "title": "FIRMS Thermal Anomaly 37.43MW",
        "summary": "VIIRS S-NPP NRT, sat N, acquired 2026-07-20 1128Z, FRP 37.43 MW",
        "date": "2026-07-20",
        "severity": 7,
        "source": "firms"
      }
    },
    {
      "type": "Feature",
      "geometry": {
        "type": "Point",
        "coordinates": [
          34.907,
          46.526
        ]
      },
      "properties": {
        "title": "FIRMS Thermal Anomaly 8.18MW",
        "summary": "VIIRS S-NPP NRT, sat N, acquired 2026-07-20 1128Z, FRP 8.18 MW",
        "date": "2026-07-20",
        "severity": 4,
        "source": "firms"
      }
    },
    {
      "type": "Feature",
      "geometry": {
        "type": "Point",
        "coordinates": [
          32.958,
          46.423
        ]
      },
      "properties": {
        "title": "FIRMS Thermal Anomaly 99.4MW",
        "summary": "VIIRS S-NPP NRT, sat N, acquired 2026-07-20 1128Z, FRP 99.4 MW",
        "date": "2026-07-20",
        "severity": 9,
        "source": "firms"
      }
    },
    {
      "type": "Feature",
      "geometry": {
        "type": "Point",
        "coordinates": [
          34.893,
          46.53
        ]
      },
      "properties": {
        "title": "FIRMS Thermal Anomaly 6.23MW",
        "summary": "VIIRS S-NPP NRT, sat N, acquired 2026-07-20 1128Z, FRP 6.23 MW",
        "date": "2026-07-20",
        "severity": 4,
        "source": "firms"
      }
    },
    {
      "type": "Feature",
      "geometry": {
        "type": "Point",
        "coordinates": [
          34.888,
          46.53
        ]
      },
      "properties": {
        "title": "FIRMS Thermal Anomaly 6.23MW",
        "summary": "VIIRS S-NPP NRT, sat N, acquired 2026-07-20 1128Z, FRP 6.23 MW",
        "date": "2026-07-20",
        "severity": 4,
        "source": "firms"
      }
    },
    {
      "type": "Feature",
      "geometry": {
        "type": "Point",
        "coordinates": [
          32.302,
          46.456
        ]
      },
      "properties": {
        "title": "FIRMS Thermal Anomaly 12.03MW",
        "summary": "VIIRS S-NPP NRT, sat N, acquired 2026-07-20 1128Z, FRP 12.03 MW",
        "date": "2026-07-20",
        "severity": 5,
        "source": "firms"
      }
    },
    {
      "type": "Feature",
      "geometry": {
        "type": "Point",
        "coordinates": [
          32.301,
          46.46
        ]
      },
      "properties": {
        "title": "FIRMS Thermal Anomaly 14.86MW",
        "summary": "VIIRS S-NPP NRT, sat N, acquired 2026-07-20 1128Z, FRP 14.86 MW",
        "date": "2026-07-20",
        "severity": 5,
        "source": "firms"
      }
    },
    {
      "type": "Feature",
      "geometry": {
        "type": "Point",
        "coordinates": [
          32.785,
          46.523
        ]
      },
      "properties": {
        "title": "FIRMS Thermal Anomaly 8.84MW",
        "summary": "VIIRS S-NPP NRT, sat N, acquired 2026-07-20 1128Z, FRP 8.84 MW",
        "date": "2026-07-20",
        "severity": 4,
        "source": "firms"
      }
    },
    {
      "type": "Feature",
      "geometry": {
        "type": "Point",
        "coordinates": [
          32.785,
          46.528
        ]
      },
      "properties": {
        "title": "FIRMS Thermal Anomaly 8.31MW",
        "summary": "VIIRS S-NPP NRT, sat N, acquired 2026-07-20 1128Z, FRP 8.31 MW",
        "date": "2026-07-20",
        "severity": 4,
        "source": "firms"
      }
    },
    {
      "type": "Feature",
      "geometry": {
        "type": "Point",
        "coordinates": [
          33.671,
          46.61
        ]
      },
      "properties": {
        "title": "FIRMS Thermal Anomaly 9.72MW",
        "summary": "VIIRS S-NPP NRT, sat N, acquired 2026-07-20 1128Z, FRP 9.72 MW",
        "date": "2026-07-20",
        "severity": 4,
        "source": "firms"
      }
    },
    {
      "type": "Feature",
      "geometry": {
        "type": "Point",
        "coordinates": [
          33.664,
          46.61
        ]
      },
      "properties": {
        "title": "FIRMS Thermal Anomaly 9.72MW",
        "summary": "VIIRS S-NPP NRT, sat N, acquired 2026-07-20 1128Z, FRP 9.72 MW",
        "date": "2026-07-20",
        "severity": 4,
        "source": "firms"
      }
    },
    {
      "type": "Feature",
      "geometry": {
        "type": "Point",
        "coordinates": [
          31.732,
          46.534
        ]
      },
      "properties": {
        "title": "FIRMS Thermal Anomaly 11.14MW",
        "summary": "VIIRS S-NPP NRT, sat N, acquired 2026-07-20 1128Z, FRP 11.14 MW",
        "date": "2026-07-20",
        "severity": 5,
        "source": "firms"
      }
    },
    {
      "type": "Feature",
      "geometry": {
        "type": "Point",
        "coordinates": [
          31.73,
          46.535
        ]
      },
      "properties": {
        "title": "FIRMS Thermal Anomaly 10.52MW",
        "summary": "VIIRS S-NPP NRT, sat N, acquired 2026-07-20 1128Z, FRP 10.52 MW",
        "date": "2026-07-20",
        "severity": 5,
        "source": "firms"
      }
    },
    {
      "type": "Feature",
      "geometry": {
        "type": "Point",
        "coordinates": [
          33.181,
          46.735
        ]
      },
      "properties": {
        "title": "FIRMS Thermal Anomaly 12.4MW",
        "summary": "VIIRS S-NPP NRT, sat N, acquired 2026-07-20 1128Z, FRP 12.4 MW",
        "date": "2026-07-20",
        "severity": 5,
        "source": "firms"
      }
    },
    {
      "type": "Feature",
      "geometry": {
        "type": "Point",
        "coordinates": [
          33.173,
          46.734
        ]
      },
      "properties": {
        "title": "FIRMS Thermal Anomaly 12.4MW",
        "summary": "VIIRS S-NPP NRT, sat N, acquired 2026-07-20 1128Z, FRP 12.4 MW",
        "date": "2026-07-20",
        "severity": 5,
        "source": "firms"
      }
    },
    {
      "type": "Feature",
      "geometry": {
        "type": "Point",
        "coordinates": [
          32.708,
          46.719
        ]
      },
      "properties": {
        "title": "FIRMS Thermal Anomaly 6.57MW",
        "summary": "VIIRS S-NPP NRT, sat N, acquired 2026-07-20 1128Z, FRP 6.57 MW",
        "date": "2026-07-20",
        "severity": 4,
        "source": "firms"
      }
    },
    {
      "type": "Feature",
      "geometry": {
        "type": "Point",
        "coordinates": [
          33.18,
          46.734
        ]
      },
      "properties": {
        "title": "FIRMS Thermal Anomaly 11.43MW",
        "summary": "VIIRS S-NPP NRT, sat N, acquired 2026-07-20 1128Z, FRP 11.43 MW",
        "date": "2026-07-20",
        "severity": 5,
        "source": "firms"
      }
    },
    {
      "type": "Feature",
      "geometry": {
        "type": "Point",
        "coordinates": [
          33.18,
          46.738
        ]
      },
      "properties": {
        "title": "FIRMS Thermal Anomaly 11.43MW",
        "summary": "VIIRS S-NPP NRT, sat N, acquired 2026-07-20 1128Z, FRP 11.43 MW",
        "date": "2026-07-20",
        "severity": 5,
        "source": "firms"
      }
    },
    {
      "type": "Feature",
      "geometry": {
        "type": "Point",
        "coordinates": [
          33.172,
          46.738
        ]
      },
      "properties": {
        "title": "FIRMS Thermal Anomaly 9.46MW",
        "summary": "VIIRS S-NPP NRT, sat N, acquired 2026-07-20 1128Z, FRP 9.46 MW",
        "date": "2026-07-20",
        "severity": 4,
        "source": "firms"
      }
    },
    {
      "type": "Feature",
      "geometry": {
        "type": "Point",
        "coordinates": [
          32.707,
          46.72
        ]
      },
      "properties": {
        "title": "FIRMS Thermal Anomaly 15.09MW",
        "summary": "VIIRS S-NPP NRT, sat N, acquired 2026-07-20 1128Z, FRP 15.09 MW",
        "date": "2026-07-20",
        "severity": 5,
        "source": "firms"
      }
    },
    {
      "type": "Feature",
      "geometry": {
        "type": "Point",
        "coordinates": [
          33.257,
          46.796
        ]
      },
      "properties": {
        "title": "FIRMS Thermal Anomaly 12.0MW",
        "summary": "VIIRS S-NPP NRT, sat N, acquired 2026-07-20 1128Z, FRP 12 MW",
        "date": "2026-07-20",
        "severity": 5,
        "source": "firms"
      }
    },
    {
      "type": "Feature",
      "geometry": {
        "type": "Point",
        "coordinates": [
          32.736,
          46.774
        ]
      },
      "properties": {
        "title": "FIRMS Thermal Anomaly 6.96MW",
        "summary": "VIIRS S-NPP NRT, sat N, acquired 2026-07-20 1128Z, FRP 6.96 MW",
        "date": "2026-07-20",
        "severity": 4,
        "source": "firms"
      }
    },
    {
      "type": "Feature",
      "geometry": {
        "type": "Point",
        "coordinates": [
          32.729,
          46.773
        ]
      },
      "properties": {
        "title": "FIRMS Thermal Anomaly 6.96MW",
        "summary": "VIIRS S-NPP NRT, sat N, acquired 2026-07-20 1128Z, FRP 6.96 MW",
        "date": "2026-07-20",
        "severity": 4,
        "source": "firms"
      }
    },
    {
      "type": "Feature",
      "geometry": {
        "type": "Point",
        "coordinates": [
          32.735,
          46.779
        ]
      },
      "properties": {
        "title": "FIRMS Thermal Anomaly 6.96MW",
        "summary": "VIIRS S-NPP NRT, sat N, acquired 2026-07-20 1128Z, FRP 6.96 MW",
        "date": "2026-07-20",
        "severity": 4,
        "source": "firms"
      }
    },
    {
      "type": "Feature",
      "geometry": {
        "type": "Point",
        "coordinates": [
          33.82,
          46.938
        ]
      },
      "properties": {
        "title": "FIRMS Thermal Anomaly 7.54MW",
        "summary": "VIIRS S-NPP NRT, sat N, acquired 2026-07-20 1128Z, FRP 7.54 MW",
        "date": "2026-07-20",
        "severity": 4,
        "source": "firms"
      }
    },
    {
      "type": "Feature",
      "geometry": {
        "type": "Point",
        "coordinates": [
          33.812,
          46.938
        ]
      },
      "properties": {
        "title": "FIRMS Thermal Anomaly 7.54MW",
        "summary": "VIIRS S-NPP NRT, sat N, acquired 2026-07-20 1128Z, FRP 7.54 MW",
        "date": "2026-07-20",
        "severity": 4,
        "source": "firms"
      }
    },
    {
      "type": "Feature",
      "geometry": {
        "type": "Point",
        "coordinates": [
          33.804,
          46.937
        ]
      },
      "properties": {
        "title": "FIRMS Thermal Anomaly 7.07MW",
        "summary": "VIIRS S-NPP NRT, sat N, acquired 2026-07-20 1128Z, FRP 7.07 MW",
        "date": "2026-07-20",
        "severity": 4,
        "source": "firms"
      }
    },
    {
      "type": "Feature",
      "geometry": {
        "type": "Point",
        "coordinates": [
          33.795,
          46.937
        ]
      },
      "properties": {
        "title": "FIRMS Thermal Anomaly 7.07MW",
        "summary": "VIIRS S-NPP NRT, sat N, acquired 2026-07-20 1128Z, FRP 7.07 MW",
        "date": "2026-07-20",
        "severity": 4,
        "source": "firms"
      }
    },
    {
      "type": "Feature",
      "geometry": {
        "type": "Point",
        "coordinates": [
          33.795,
          46.942
        ]
      },
      "properties": {
        "title": "FIRMS Thermal Anomaly 6.35MW",
        "summary": "VIIRS S-NPP NRT, sat N, acquired 2026-07-20 1128Z, FRP 6.35 MW",
        "date": "2026-07-20",
        "severity": 4,
        "source": "firms"
      }
    },
    {
      "type": "Feature",
      "geometry": {
        "type": "Point",
        "coordinates": [
          33.793,
          46.962
        ]
      },
      "properties": {
        "title": "FIRMS Thermal Anomaly 10.93MW",
        "summary": "VIIRS S-NPP NRT, sat N, acquired 2026-07-20 1128Z, FRP 10.93 MW",
        "date": "2026-07-20",
        "severity": 5,
        "source": "firms"
      }
    },
    {
      "type": "Feature",
      "geometry": {
        "type": "Point",
        "coordinates": [
          33.787,
          47.037
        ]
      },
      "properties": {
        "title": "FIRMS Thermal Anomaly 13.18MW",
        "summary": "VIIRS S-NPP NRT, sat N, acquired 2026-07-20 1128Z, FRP 13.18 MW",
        "date": "2026-07-20",
        "severity": 5,
        "source": "firms"
      }
    },
    {
      "type": "Feature",
      "geometry": {
        "type": "Point",
        "coordinates": [
          33.779,
          47.036
        ]
      },
      "properties": {
        "title": "FIRMS Thermal Anomaly 13.18MW",
        "summary": "VIIRS S-NPP NRT, sat N, acquired 2026-07-20 1128Z, FRP 13.18 MW",
        "date": "2026-07-20",
        "severity": 5,
        "source": "firms"
      }
    },
    {
      "type": "Feature",
      "geometry": {
        "type": "Point",
        "coordinates": [
          34.664,
          47.514
        ]
      },
      "properties": {
        "title": "FIRMS Thermal Anomaly 9.1MW",
        "summary": "VIIRS S-NPP NRT, sat N, acquired 2026-07-20 1128Z, FRP 9.1 MW",
        "date": "2026-07-20",
        "severity": 4,
        "source": "firms"
      }
    },
    {
      "type": "Feature",
      "geometry": {
        "type": "Point",
        "coordinates": [
          34.645,
          47.518
        ]
      },
      "properties": {
        "title": "FIRMS Thermal Anomaly 6.62MW",
        "summary": "VIIRS S-NPP NRT, sat N, acquired 2026-07-20 1128Z, FRP 6.62 MW",
        "date": "2026-07-20",
        "severity": 4,
        "source": "firms"
      }
    },
    {
      "type": "Feature",
      "geometry": {
        "type": "Point",
        "coordinates": [
          34.641,
          47.518
        ]
      },
      "properties": {
        "title": "FIRMS Thermal Anomaly 6.62MW",
        "summary": "VIIRS S-NPP NRT, sat N, acquired 2026-07-20 1128Z, FRP 6.62 MW",
        "date": "2026-07-20",
        "severity": 4,
        "source": "firms"
      }
    },
    {
      "type": "Feature",
      "geometry": {
        "type": "Point",
        "coordinates": [
          34.634,
          47.544
        ]
      },
      "properties": {
        "title": "FIRMS Thermal Anomaly 6.46MW",
        "summary": "VIIRS S-NPP NRT, sat N, acquired 2026-07-20 1128Z, FRP 6.46 MW",
        "date": "2026-07-20",
        "severity": 4,
        "source": "firms"
      }
    },
    {
      "type": "Feature",
      "geometry": {
        "type": "Point",
        "coordinates": [
          34.636,
          47.543
        ]
      },
      "properties": {
        "title": "FIRMS Thermal Anomaly 5.33MW",
        "summary": "VIIRS S-NPP NRT, sat N, acquired 2026-07-20 1128Z, FRP 5.33 MW",
        "date": "2026-07-20",
        "severity": 4,
        "source": "firms"
      }
    },
    {
      "type": "Feature",
      "geometry": {
        "type": "Point",
        "coordinates": [
          34.426,
          47.586
        ]
      },
      "properties": {
        "title": "FIRMS Thermal Anomaly 5.97MW",
        "summary": "VIIRS S-NPP NRT, sat N, acquired 2026-07-20 1128Z, FRP 5.97 MW",
        "date": "2026-07-20",
        "severity": 4,
        "source": "firms"
      }
    },
    {
      "type": "Feature",
      "geometry": {
        "type": "Point",
        "coordinates": [
          34.425,
          47.591
        ]
      },
      "properties": {
        "title": "FIRMS Thermal Anomaly 13.23MW",
        "summary": "VIIRS S-NPP NRT, sat N, acquired 2026-07-20 1128Z, FRP 13.23 MW",
        "date": "2026-07-20",
        "severity": 5,
        "source": "firms"
      }
    },
    {
      "type": "Feature",
      "geometry": {
        "type": "Point",
        "coordinates": [
          34.421,
          47.591
        ]
      },
      "properties": {
        "title": "FIRMS Thermal Anomaly 13.35MW",
        "summary": "VIIRS S-NPP NRT, sat N, acquired 2026-07-20 1128Z, FRP 13.35 MW",
        "date": "2026-07-20",
        "severity": 5,
        "source": "firms"
      }
    },
    {
      "type": "Feature",
      "geometry": {
        "type": "Point",
        "coordinates": [
          34.527,
          47.69
        ]
      },
      "properties": {
        "title": "FIRMS Thermal Anomaly 6.22MW",
        "summary": "VIIRS S-NPP NRT, sat N, acquired 2026-07-20 1128Z, FRP 6.22 MW",
        "date": "2026-07-20",
        "severity": 4,
        "source": "firms"
      }
    },
    {
      "type": "Feature",
      "geometry": {
        "type": "Point",
        "coordinates": [
          34.646,
          47.706
        ]
      },
      "properties": {
        "title": "FIRMS Thermal Anomaly 5.2MW",
        "summary": "VIIRS S-NPP NRT, sat N, acquired 2026-07-20 1128Z, FRP 5.2 MW",
        "date": "2026-07-20",
        "severity": 4,
        "source": "firms"
      }
    },
    {
      "type": "Feature",
      "geometry": {
        "type": "Point",
        "coordinates": [
          32.816,
          47.706
        ]
      },
      "properties": {
        "title": "FIRMS Thermal Anomaly 16.91MW",
        "summary": "VIIRS S-NPP NRT, sat N, acquired 2026-07-20 1128Z, FRP 16.91 MW",
        "date": "2026-07-20",
        "severity": 5,
        "source": "firms"
      }
    },
    {
      "type": "Feature",
      "geometry": {
        "type": "Point",
        "coordinates": [
          33.376,
          52.227
        ]
      },
      "properties": {
        "title": "FIRMS Thermal Anomaly 5.01MW",
        "summary": "VIIRS S-NPP NRT, sat N, acquired 2026-07-20 1130Z, FRP 5.01 MW",
        "date": "2026-07-20",
        "severity": 4,
        "source": "firms"
      }
    },
    {
      "type": "Feature",
      "geometry": {
        "type": "Point",
        "coordinates": [
          28.399,
          52.4
        ]
      },
      "properties": {
        "title": "FIRMS Thermal Anomaly 7.58MW",
        "summary": "VIIRS S-NPP NRT, sat N, acquired 2026-07-20 1130Z, FRP 7.58 MW",
        "date": "2026-07-20",
        "severity": 4,
        "source": "firms"
      }
    }
  ]
}