{
  "type": "FeatureCollection",
  "features": [
    {
      "type": "Feature",
      "geometry": {
        "type": "Point",
        "coordinates": [
          29.993,
          52.847
        ]
      },
      "properties": {
        "title": "FIRMS thermal anomaly (FRP 3.22 MW)",
        "summary": "VIIRS S-NPP NRT, sat N, acquired 2026-08-09 0026Z, FRP 3.22 MW",
        "date": "2026-08-09",
        "severity": 6,
        "source": "firms"
      }
    },
    {
      "type": "Feature",
      "geometry": {
        "type": "Point",
        "coordinates": [
          29.987,
          52.848
        ]
      },
      "properties": {
        "title": "FIRMS thermal anomaly (FRP 3.73 MW)",
        "summary": "VIIRS S-NPP NRT, sat N, acquired 2026-08-09 0026Z, FRP 3.73 MW",
        "date": "2026-08-09",
        "severity": 7,
        "source": "firms"
      }
    },
    {
      "type": "Feature",
      "geometry": {
        "type": "Point",
        "coordinates": [
          26.259,
          50.545
        ]
      },
      "properties": {
        "title": "FIRMS thermal anomaly (FRP 2.96 MW)",
        "summary": "VIIRS S-NPP NRT, sat N, acquired 2026-08-09 0026Z, FRP 2.96 MW",
        "date": "2026-08-09",
        "severity": 5,
        "source": "firms"
      }
    },
    {
      "type": "Feature",
      "geometry": {
        "type": "Point",
        "coordinates": [
          33.563,
          47.418
        ]
      },
      "properties": {
        "title": "FIRMS thermal anomaly (FRP 2.98 MW)",
        "summary": "VIIRS S-NPP NRT, sat N, acquired 2026-08-09 0028Z, FRP 2.98 MW",
        "date": "2026-08-09",
        "severity": 5,
        "source": "firms"
      }
    },
    {
      "type": "Feature",
      "geometry": {
        "type": "Point",
        "coordinates": [
          33.531,
          47.416
        ]
      },
      "properties": {
        "title": "FIRMS thermal anomaly (FRP 3.63 MW)",
        "summary": "VIIRS S-NPP NRT, sat N, acquired 2026-08-09 0028Z, FRP 3.63 MW",
        "date": "2026-08-09",
        "severity": 7,
        "source": "firms"
      }
    },
    {
      "type": "Feature",
      "geometry": {
        "type": "Point",
        "coordinates": [
          33.524,
          47.418
        ]
      },
      "properties": {
        "title": "FIRMS thermal anomaly (FRP 3.34 MW)",
        "summary": "VIIRS S-NPP NRT, sat N, acquired 2026-08-09 0028Z, FRP 3.34 MW",
        "date": "2026-08-09",
        "severity": 6,
        "source": "firms"
      }
    },
    {
      "type": "Feature",
      "geometry": {
        "type": "Point",
        "coordinates": [
          33.538,
          47.415
        ]
      },
      "properties": {
        "title": "FIRMS thermal anomaly (FRP 3.63 MW)",
        "summary": "VIIRS S-NPP NRT, sat N, acquired 2026-08-09 0028Z, FRP 3.63 MW",
        "date": "2026-08-09",
        "severity": 7,
        "source": "firms"
      }
    },
    {
      "type": "Feature",
      "geometry": {
        "type": "Point",
        "coordinates": [
          33.529,
          47.413
        ]
      },
      "properties": {
        "title": "FIRMS thermal anomaly (FRP 3.63 MW)",
        "summary": "VIIRS S-NPP NRT, sat N, acquired 2026-08-09 0028Z, FRP 3.63 MW",
        "date": "2026-08-09",
        "severity": 7,
        "source": "firms"
      }
    },
    {
      "type": "Feature",
      "geometry": {
        "type": "Point",
        "coordinates": [
          33.536,
          47.411
        ]
      },
      "properties": {
        "title": "FIRMS thermal anomaly (FRP 3.63 MW)",
        "summary": "VIIRS S-NPP NRT, sat N, acquired 2026-08-09 0028Z, FRP 3.63 MW",
        "date": "2026-08-09",
        "severity": 7,
        "source": "firms"
      }
    },
    {
      "type": "Feature",
      "geometry": {
        "type": "Point",
        "coordinates": [
          33.527,
          47.409
        ]
      },
      "properties": {
        "title": "FIRMS thermal anomaly (FRP 3.25 MW)",
        "summary": "VIIRS S-NPP NRT, sat N, acquired 2026-08-09 0028Z, FRP 3.25 MW",
        "date": "2026-08-09",
        "severity": 6,
        "source": "firms"
      }
    },
    {
      "type": "Feature",
      "geometry": {
        "type": "Point",
        "coordinates": [
          33.587,
          47.371
        ]
      },
      "properties": {
        "title": "FIRMS thermal anomaly (FRP 3.09 MW)",
        "summary": "VIIRS S-NPP NRT, sat N, acquired 2026-08-09 0028Z, FRP 3.09 MW",
        "date": "2026-08-09",
        "severity": 6,
        "source": "firms"
      }
    },
    {
      "type": "Feature",
      "geometry": {
        "type": "Point",
        "coordinates": [
          34.143,
          47.232
        ]
      },
      "properties": {
        "title": "FIRMS thermal anomaly (FRP 2.51 MW)",
        "summary": "VIIRS S-NPP NRT, sat N, acquired 2026-08-09 0028Z, FRP 2.51 MW",
        "date": "2026-08-09",
        "severity": 5,
        "source": "firms"
      }
    },
    {
      "type": "Feature",
      "geometry": {
        "type": "Point",
        "coordinates": [
          33.774,
          47.303
        ]
      },
      "properties": {
        "title": "FIRMS thermal anomaly (FRP 3.21 MW)",
        "summary": "VIIRS S-NPP NRT, sat N, acquired 2026-08-09 0028Z, FRP 3.21 MW",
        "date": "2026-08-09",
        "severity": 6,
        "source": "firms"
      }
    },
    {
      "type": "Feature",
      "geometry": {
        "type": "Point",
        "coordinates": [
          33.684,
          47.296
        ]
      },
      "properties": {
        "title": "FIRMS thermal anomaly (FRP 2.55 MW)",
        "summary": "VIIRS S-NPP NRT, sat N, acquired 2026-08-09 0028Z, FRP 2.55 MW",
        "date": "2026-08-09",
        "severity": 5,
        "source": "firms"
      }
    },
    {
      "type": "Feature",
      "geometry": {
        "type": "Point",
        "coordinates": [
          31.376,
          47.107
        ]
      },
      "properties": {
        "title": "FIRMS thermal anomaly (FRP 2.94 MW)",
        "summary": "VIIRS S-NPP NRT, sat N, acquired 2026-08-09 0028Z, FRP 2.94 MW",
        "date": "2026-08-09",
        "severity": 5,
        "source": "firms"
      }
    },
    {
      "type": "Feature",
      "geometry": {
        "type": "Point",
        "coordinates": [
          31.412,
          47.1
        ]
      },
      "properties": {
        "title": "FIRMS thermal anomaly (FRP 2.84 MW)",
        "summary": "VIIRS S-NPP NRT, sat N, acquired 2026-08-09 0028Z, FRP 2.84 MW",
        "date": "2026-08-09",
        "severity": 5,
        "source": "firms"
      }
    },
    {
      "type": "Feature",
      "geometry": {
        "type": "Point",
        "coordinates": [
          31.382,
          47.106
        ]
      },
      "properties": {
        "title": "FIRMS thermal anomaly (FRP 2.94 MW)",
        "summary": "VIIRS S-NPP NRT, sat N, acquired 2026-08-09 0028Z, FRP 2.94 MW",
        "date": "2026-08-09",
        "severity": 5,
        "source": "firms"
      }
    },
    {
      "type": "Feature",
      "geometry": {
        "type": "Point",
        "coordinates": [
          31.375,
          47.104
        ]
      },
      "properties": {
        "title": "FIRMS thermal anomaly (FRP 2.94 MW)",
        "summary": "VIIRS S-NPP NRT, sat N, acquired 2026-08-09 0028Z, FRP 2.94 MW",
        "date": "2026-08-09",
        "severity": 5,
        "source": "firms"
      }
    },
    {
      "type": "Feature",
      "geometry": {
        "type": "Point",
        "coordinates": [
          31.41,
          47.097
        ]
      },
      "properties": {
        "title": "FIRMS thermal anomaly (FRP 2.84 MW)",
        "summary": "VIIRS S-NPP NRT, sat N, acquired 2026-08-09 0028Z, FRP 2.84 MW",
        "date": "2026-08-09",
        "severity": 5,
        "source": "firms"
      }
    },
    {
      "type": "Feature",
      "geometry": {
        "type": "Point",
        "coordinates": [
          31.381,
          47.103
        ]
      },
      "properties": {
        "title": "FIRMS thermal anomaly (FRP 2.94 MW)",
        "summary": "VIIRS S-NPP NRT, sat N, acquired 2026-08-09 0028Z, FRP 2.94 MW",
        "date": "2026-08-09",
        "severity": 5,
        "source": "firms"
      }
    },
    {
      "type": "Feature",
      "geometry": {
        "type": "Point",
        "coordinates": [
          31.373,
          47.1
        ]
      },
      "properties": {
        "title": "FIRMS thermal anomaly (FRP 2.9 MW)",
        "summary": "VIIRS S-NPP NRT, sat N, acquired 2026-08-09 0028Z, FRP 2.9 MW",
        "date": "2026-08-09",
        "severity": 5,
        "source": "firms"
      }
    },
    {
      "type": "Feature",
      "geometry": {
        "type": "Point",
        "coordinates": [
          31.379,
          47.099
        ]
      },
      "properties": {
        "title": "FIRMS thermal anomaly (FRP 2.9 MW)",
        "summary": "VIIRS S-NPP NRT, sat N, acquired 2026-08-09 0028Z, FRP 2.9 MW",
        "date": "2026-08-09",
        "severity": 5,
        "source": "firms"
      }
    },
    {
      "type": "Feature",
      "geometry": {
        "type": "Point",
        "coordinates": [
          31.409,
          47.093
        ]
      },
      "properties": {
        "title": "FIRMS thermal anomaly (FRP 2.5 MW)",
        "summary": "VIIRS S-NPP NRT, sat N, acquired 2026-08-09 0028Z, FRP 2.5 MW",
        "date": "2026-08-09",
        "severity": 5,
        "source": "firms"
      }
    },
    {
      "type": "Feature",
      "geometry": {
        "type": "Point",
        "coordinates": [
          22.75,
          48.391
        ]
      },
      "properties": {
        "title": "FIRMS thermal anomaly (FRP 5.87 MW)",
        "summary": "VIIRS S-NPP NRT, sat N, acquired 2026-08-09 0028Z, FRP 5.87 MW",
        "date": "2026-08-09",
        "severity": 10,
        "source": "firms"
      }
    },
    {
      "type": "Feature",
      "geometry": {
        "type": "Point",
        "coordinates": [
          22.756,
          48.39
        ]
      },
      "properties": {
        "title": "FIRMS thermal anomaly (FRP 4.11 MW)",
        "summary": "VIIRS S-NPP NRT, sat N, acquired 2026-08-09 0028Z, FRP 4.11 MW",
        "date": "2026-08-09",
        "severity": 8,
        "source": "firms"
      }
    },
    {
      "type": "Feature",
      "geometry": {
        "type": "Point",
        "coordinates": [
          32.587,
          46.612
        ]
      },
      "properties": {
        "title": "FIRMS thermal anomaly (FRP 2.69 MW)",
        "summary": "VIIRS S-NPP NRT, sat N, acquired 2026-08-09 0028Z, FRP 2.69 MW",
        "date": "2026-08-09",
        "severity": 5,
        "source": "firms"
      }
    },
    {
      "type": "Feature",
      "geometry": {
        "type": "Point",
        "coordinates": [
          31.676,
          45.258
        ]
      },
      "properties": {
        "title": "FIRMS thermal anomaly (FRP 10.76 MW)",
        "summary": "VIIRS S-NPP NRT, sat N, acquired 2026-08-09 0028Z, FRP 10.76 MW",
        "date": "2026-08-09",
        "severity": 10,
        "source": "firms"
      }
    },
    {
      "type": "Feature",
      "geometry": {
        "type": "Point",
        "coordinates": [
          30.902,
          45.356
        ]
      },
      "properties": {
        "title": "FIRMS thermal anomaly (FRP 4.43 MW)",
        "summary": "VIIRS S-NPP NRT, sat N, acquired 2026-08-09 0028Z, FRP 4.43 MW",
        "date": "2026-08-09",
        "severity": 8,
        "source": "firms"
      }
    },
    {
      "type": "Feature",
      "geometry": {
        "type": "Point",
        "coordinates": [
          29.473,
          45.637
        ]
      },
      "properties": {
        "title": "FIRMS thermal anomaly (FRP 2.39 MW)",
        "summary": "VIIRS S-NPP NRT, sat N, acquired 2026-08-09 0028Z, FRP 2.39 MW",
        "date": "2026-08-09",
        "severity": 4,
        "source": "firms"
      }
    },
    {
      "type": "Feature",
      "geometry": {
        "type": "Point",
        "coordinates": [
          22.283,
          46.564
        ]
      },
      "properties": {
        "title": "FIRMS thermal anomaly (FRP 2.36 MW)",
        "summary": "VIIRS S-NPP NRT, sat N, acquired 2026-08-09 0028Z, FRP 2.36 MW",
        "date": "2026-08-09",
        "severity": 4,
        "source": "firms"
      }
    },
    {
      "type": "Feature",
      "geometry": {
        "type": "Point",
        "coordinates": [
          22.289,
          46.563
        ]
      },
      "properties": {
        "title": "FIRMS thermal anomaly (FRP 2.36 MW)",
        "summary": "VIIRS S-NPP NRT, sat N, acquired 2026-08-09 0028Z, FRP 2.36 MW",
        "date": "2026-08-09",
        "severity": 4,
        "source": "firms"
      }
    },
    {
      "type": "Feature",
      "geometry": {
        "type": "Point",
        "coordinates": [
          22.289,
          46.56
        ]
      },
      "properties": {
        "title": "FIRMS thermal anomaly (FRP 2.36 MW)",
        "summary": "VIIRS S-NPP NRT, sat N, acquired 2026-08-09 0028Z, FRP 2.36 MW",
        "date": "2026-08-09",
        "severity": 4,
        "source": "firms"
      }
    },
    {
      "type": "Feature",
      "geometry": {
        "type": "Point",
        "coordinates": [
          28.959,
          45.392
        ]
      },
      "properties": {
        "title": "FIRMS thermal anomaly (FRP 3.09 MW)",
        "summary": "VIIRS S-NPP NRT, sat N, acquired 2026-08-09 0028Z, FRP 3.09 MW",
        "date": "2026-08-09",
        "severity": 6,
        "source": "firms"
      }
    },
    {
      "type": "Feature",
      "geometry": {
        "type": "Point",
        "coordinates": [
          26.258,
          50.545
        ]
      },
      "properties": {
        "title": "FIRMS thermal anomaly (FRP 2.05 MW)",
        "summary": "VIIRS S-NPP NRT, sat N, acquired 2026-08-09 0206Z, FRP 2.05 MW",
        "date": "2026-08-09",
        "severity": 4,
        "source": "firms"
      }
    },
    {
      "type": "Feature",
      "geometry": {
        "type": "Point",
        "coordinates": [
          22.751,
          48.39
        ]
      },
      "properties": {
        "title": "FIRMS thermal anomaly (FRP 6.86 MW)",
        "summary": "VIIRS S-NPP NRT, sat N, acquired 2026-08-09 0209Z, FRP 6.86 MW",
        "date": "2026-08-09",
        "severity": 10,
        "source": "firms"
      }
    },
    {
      "type": "Feature",
      "geometry": {
        "type": "Point",
        "coordinates": [
          22.288,
          46.558
        ]
      },
      "properties": {
        "title": "FIRMS thermal anomaly (FRP 6.91 MW)",
        "summary": "VIIRS S-NPP NRT, sat N, acquired 2026-08-09 0209Z, FRP 6.91 MW",
        "date": "2026-08-09",
        "severity": 10,
        "source": "firms"
      }
    },
    {
      "type": "Feature",
      "geometry": {
        "type": "Point",
        "coordinates": [
          22.288,
          46.562
        ]
      },
      "properties": {
        "title": "FIRMS thermal anomaly (FRP 6.14 MW)",
        "summary": "VIIRS S-NPP NRT, sat N, acquired 2026-08-09 0209Z, FRP 6.14 MW",
        "date": "2026-08-09",
        "severity": 10,
        "source": "firms"
      }
    },
    {
      "type": "Feature",
      "geometry": {
        "type": "Point",
        "coordinates": [
          22.281,
          46.564
        ]
      },
      "properties": {
        "title": "FIRMS thermal anomaly (FRP 4.2 MW)",
        "summary": "VIIRS S-NPP NRT, sat N, acquired 2026-08-09 0209Z, FRP 4.2 MW",
        "date": "2026-08-09",
        "severity": 8,
        "source": "firms"
      }
    },
    {
      "type": "Feature",
      "geometry": {
        "type": "Point",
        "coordinates": [
          34.819,
          45.564
        ]
      },
      "properties": {
        "title": "FIRMS thermal anomaly (FRP 5.3 MW)",
        "summary": "VIIRS S-NPP NRT, sat N, acquired 2026-08-09 1011Z, FRP 5.3 MW",
        "date": "2026-08-09",
        "severity": 10,
        "source": "firms"
      }
    },
    {
      "type": "Feature",
      "geometry": {
        "type": "Point",
        "coordinates": [
          28.579,
          44.394
        ]
      },
      "properties": {
        "title": "FIRMS thermal anomaly (FRP 5.63 MW)",
        "summary": "VIIRS S-NPP NRT, sat N, acquired 2026-08-09 1011Z, FRP 5.63 MW",
        "date": "2026-08-09",
        "severity": 10,
        "source": "firms"
      }
    },
    {
      "type": "Feature",
      "geometry": {
        "type": "Point",
        "coordinates": [
          28.574,
          44.393
        ]
      },
      "properties": {
        "title": "FIRMS thermal anomaly (FRP 5.63 MW)",
        "summary": "VIIRS S-NPP NRT, sat N, acquired 2026-08-09 1011Z, FRP 5.63 MW",
        "date": "2026-08-09",
        "severity": 10,
        "source": "firms"
      }
    },
    {
      "type": "Feature",
      "geometry": {
        "type": "Point",
        "coordinates": [
          31.672,
          45.257
        ]
      },
      "properties": {
        "title": "FIRMS thermal anomaly (FRP 9.1 MW)",
        "summary": "VIIRS S-NPP NRT, sat N, acquired 2026-08-09 1011Z, FRP 9.1 MW",
        "date": "2026-08-09",
        "severity": 10,
        "source": "firms"
      }
    },
    {
      "type": "Feature",
      "geometry": {
        "type": "Point",
        "coordinates": [
          34.76,
          46.019
        ]
      },
      "properties": {
        "title": "FIRMS thermal anomaly (FRP 5.48 MW)",
        "summary": "VIIRS S-NPP NRT, sat N, acquired 2026-08-09 1011Z, FRP 5.48 MW",
        "date": "2026-08-09",
        "severity": 10,
        "source": "firms"
      }
    },
    {
      "type": "Feature",
      "geometry": {
        "type": "Point",
        "coordinates": [
          33.774,
          46.038
        ]
      },
      "properties": {
        "title": "FIRMS thermal anomaly (FRP 13.97 MW)",
        "summary": "VIIRS S-NPP NRT, sat N, acquired 2026-08-09 1013Z, FRP 13.97 MW",
        "date": "2026-08-09",
        "severity": 10,
        "source": "firms"
      }
    },
    {
      "type": "Feature",
      "geometry": {
        "type": "Point",
        "coordinates": [
          33.769,
          46.036
        ]
      },
      "properties": {
        "title": "FIRMS thermal anomaly (FRP 13.97 MW)",
        "summary": "VIIRS S-NPP NRT, sat N, acquired 2026-08-09 1013Z, FRP 13.97 MW",
        "date": "2026-08-09",
        "severity": 10,
        "source": "firms"
      }
    },
    {
      "type": "Feature",
      "geometry": {
        "type": "Point",
        "coordinates": [
          34.716,
          46.253
        ]
      },
      "properties": {
        "title": "FIRMS thermal anomaly (FRP 4.41 MW)",
        "summary": "VIIRS S-NPP NRT, sat N, acquired 2026-08-09 1013Z, FRP 4.41 MW",
        "date": "2026-08-09",
        "severity": 8,
        "source": "firms"
      }
    },
    {
      "type": "Feature",
      "geometry": {
        "type": "Point",
        "coordinates": [
          33.772,
          46.042
        ]
      },
      "properties": {
        "title": "FIRMS thermal anomaly (FRP 3.27 MW)",
        "summary": "VIIRS S-NPP NRT, sat N, acquired 2026-08-09 1013Z, FRP 3.27 MW",
        "date": "2026-08-09",
        "severity": 6,
        "source": "firms"
      }
    },
    {
      "type": "Feature",
      "geometry": {
        "type": "Point",
        "coordinates": [
          34.839,
          46.401
        ]
      },
      "properties": {
        "title": "FIRMS thermal anomaly (FRP 2.61 MW)",
        "summary": "VIIRS S-NPP NRT, sat N, acquired 2026-08-09 1013Z, FRP 2.61 MW",
        "date": "2026-08-09",
        "severity": 5,
        "source": "firms"
      }
    },
    {
      "type": "Feature",
      "geometry": {
        "type": "Point",
        "coordinates": [
          34.832,
          46.399
        ]
      },
      "properties": {
        "title": "FIRMS thermal anomaly (FRP 7.46 MW)",
        "summary": "VIIRS S-NPP NRT, sat N, acquired 2026-08-09 1013Z, FRP 7.46 MW",
        "date": "2026-08-09",
        "severity": 10,
        "source": "firms"
      }
    },
    {
      "type": "Feature",
      "geometry": {
        "type": "Point",
        "coordinates": [
          34.917,
          46.475
        ]
      },
      "properties": {
        "title": "FIRMS thermal anomaly (FRP 4.53 MW)",
        "summary": "VIIRS S-NPP NRT, sat N, acquired 2026-08-09 1013Z, FRP 4.53 MW",
        "date": "2026-08-09",
        "severity": 9,
        "source": "firms"
      }
    },
    {
      "type": "Feature",
      "geometry": {
        "type": "Point",
        "coordinates": [
          34.916,
          46.479
        ]
      },
      "properties": {
        "title": "FIRMS thermal anomaly (FRP 4.45 MW)",
        "summary": "VIIRS S-NPP NRT, sat N, acquired 2026-08-09 1013Z, FRP 4.45 MW",
        "date": "2026-08-09",
        "severity": 8,
        "source": "firms"
      }
    },
    {
      "type": "Feature",
      "geometry": {
        "type": "Point",
        "coordinates": [
          34.104,
          46.35
        ]
      },
      "properties": {
        "title": "FIRMS thermal anomaly (FRP 2.15 MW)",
        "summary": "VIIRS S-NPP NRT, sat N, acquired 2026-08-09 1013Z, FRP 2.15 MW",
        "date": "2026-08-09",
        "severity": 4,
        "source": "firms"
      }
    },
    {
      "type": "Feature",
      "geometry": {
        "type": "Point",
        "coordinates": [
          34.099,
          46.349
        ]
      },
      "properties": {
        "title": "FIRMS thermal anomaly (FRP 3.18 MW)",
        "summary": "VIIRS S-NPP NRT, sat N, acquired 2026-08-09 1013Z, FRP 3.18 MW",
        "date": "2026-08-09",
        "severity": 6,
        "source": "firms"
      }
    },
    {
      "type": "Feature",
      "geometry": {
        "type": "Point",
        "coordinates": [
          34.238,
          46.41
        ]
      },
      "properties": {
        "title": "FIRMS thermal anomaly (FRP 9.0 MW)",
        "summary": "VIIRS S-NPP NRT, sat N, acquired 2026-08-09 1013Z, FRP 9 MW",
        "date": "2026-08-09",
        "severity": 10,
        "source": "firms"
      }
    },
    {
      "type": "Feature",
      "geometry": {
        "type": "Point",
        "coordinates": [
          34.777,
          46.552
        ]
      },
      "properties": {
        "title": "FIRMS thermal anomaly (FRP 2.32 MW)",
        "summary": "VIIRS S-NPP NRT, sat N, acquired 2026-08-09 1013Z, FRP 2.32 MW",
        "date": "2026-08-09",
        "severity": 4,
        "source": "firms"
      }
    },
    {
      "type": "Feature",
      "geometry": {
        "type": "Point",
        "coordinates": [
          34.776,
          46.552
        ]
      },
      "properties": {
        "title": "FIRMS thermal anomaly (FRP 4.08 MW)",
        "summary": "VIIRS S-NPP NRT, sat N, acquired 2026-08-09 1013Z, FRP 4.08 MW",
        "date": "2026-08-09",
        "severity": 8,
        "source": "firms"
      }
    },
    {
      "type": "Feature",
      "geometry": {
        "type": "Point",
        "coordinates": [
          34.881,
          46.588
        ]
      },
      "properties": {
        "title": "FIRMS thermal anomaly (FRP 9.02 MW)",
        "summary": "VIIRS S-NPP NRT, sat N, acquired 2026-08-09 1013Z, FRP 9.02 MW",
        "date": "2026-08-09",
        "severity": 10,
        "source": "firms"
      }
    },
    {
      "type": "Feature",
      "geometry": {
        "type": "Point",
        "coordinates": [
          34.816,
          46.615
        ]
      },
      "properties": {
        "title": "FIRMS thermal anomaly (FRP 9.03 MW)",
        "summary": "VIIRS S-NPP NRT, sat N, acquired 2026-08-09 1013Z, FRP 9.03 MW",
        "date": "2026-08-09",
        "severity": 10,
        "source": "firms"
      }
    },
    {
      "type": "Feature",
      "geometry": {
        "type": "Point",
        "coordinates": [
          34.802,
          46.628
        ]
      },
      "properties": {
        "title": "FIRMS thermal anomaly (FRP 4.18 MW)",
        "summary": "VIIRS S-NPP NRT, sat N, acquired 2026-08-09 1013Z, FRP 4.18 MW",
        "date": "2026-08-09",
        "severity": 8,
        "source": "firms"
      }
    },
    {
      "type": "Feature",
      "geometry": {
        "type": "Point",
        "coordinates": [
          34.795,
          46.627
        ]
      },
      "properties": {
        "title": "FIRMS thermal anomaly (FRP 4.18 MW)",
        "summary": "VIIRS S-NPP NRT, sat N, acquired 2026-08-09 1013Z, FRP 4.18 MW",
        "date": "2026-08-09",
        "severity": 8,
        "source": "firms"
      }
    },
    {
      "type": "Feature",
      "geometry": {
        "type": "Point",
        "coordinates": [
          34.794,
          46.631
        ]
      },
      "properties": {
        "title": "FIRMS thermal anomaly (FRP 3.15 MW)",
        "summary": "VIIRS S-NPP NRT, sat N, acquired 2026-08-09 1013Z, FRP 3.15 MW",
        "date": "2026-08-09",
        "severity": 6,
        "source": "firms"
      }
    },
    {
      "type": "Feature",
      "geometry": {
        "type": "Point",
        "coordinates": [
          34.751,
          46.675
        ]
      },
      "properties": {
        "title": "FIRMS thermal anomaly (FRP 7.88 MW)",
        "summary": "VIIRS S-NPP NRT, sat N, acquired 2026-08-09 1013Z, FRP 7.88 MW",
        "date": "2026-08-09",
        "severity": 10,
        "source": "firms"
      }
    },
    {
      "type": "Feature",
      "geometry": {
        "type": "Point",
        "coordinates": [
          34.743,
          46.677
        ]
      },
      "properties": {
        "title": "FIRMS thermal anomaly (FRP 57.56 MW)",
        "summary": "VIIRS S-NPP NRT, sat N, acquired 2026-08-09 1013Z, FRP 57.56 MW",
        "date": "2026-08-09",
        "severity": 10,
        "source": "firms"
      }
    },
    {
      "type": "Feature",
      "geometry": {
        "type": "Point",
        "coordinates": [
          28.96,
          45.386
        ]
      },
      "properties": {
        "title": "FIRMS thermal anomaly (FRP 2.93 MW)",
        "summary": "VIIRS S-NPP NRT, sat N, acquired 2026-08-09 1013Z, FRP 2.93 MW",
        "date": "2026-08-09",
        "severity": 5,
        "source": "firms"
      }
    },
    {
      "type": "Feature",
      "geometry": {
        "type": "Point",
        "coordinates": [
          28.955,
          45.385
        ]
      },
      "properties": {
        "title": "FIRMS thermal anomaly (FRP 2.93 MW)",
        "summary": "VIIRS S-NPP NRT, sat N, acquired 2026-08-09 1013Z, FRP 2.93 MW",
        "date": "2026-08-09",
        "severity": 5,
        "source": "firms"
      }
    },
    {
      "type": "Feature",
      "geometry": {
        "type": "Point",
        "coordinates": [
          28.957,
          45.391
        ]
      },
      "properties": {
        "title": "FIRMS thermal anomaly (FRP 3.05 MW)",
        "summary": "VIIRS S-NPP NRT, sat N, acquired 2026-08-09 1013Z, FRP 3.05 MW",
        "date": "2026-08-09",
        "severity": 6,
        "source": "firms"
      }
    },
    {
      "type": "Feature",
      "geometry": {
        "type": "Point",
        "coordinates": [
          28.953,
          45.39
        ]
      },
      "properties": {
        "title": "FIRMS thermal anomaly (FRP 3.05 MW)",
        "summary": "VIIRS S-NPP NRT, sat N, acquired 2026-08-09 1013Z, FRP 3.05 MW",
        "date": "2026-08-09",
        "severity": 6,
        "source": "firms"
      }
    },
    {
      "type": "Feature",
      "geometry": {
        "type": "Point",
        "coordinates": [
          33.178,
          46.641
        ]
      },
      "properties": {
        "title": "FIRMS thermal anomaly (FRP 4.41 MW)",
        "summary": "VIIRS S-NPP NRT, sat N, acquired 2026-08-09 1013Z, FRP 4.41 MW",
        "date": "2026-08-09",
        "severity": 8,
        "source": "firms"
      }
    },
    {
      "type": "Feature",
      "geometry": {
        "type": "Point",
        "coordinates": [
          33.169,
          46.648
        ]
      },
      "properties": {
        "title": "FIRMS thermal anomaly (FRP 4.45 MW)",
        "summary": "VIIRS S-NPP NRT, sat N, acquired 2026-08-09 1013Z, FRP 4.45 MW",
        "date": "2026-08-09",
        "severity": 8,
        "source": "firms"
      }
    },
    {
      "type": "Feature",
      "geometry": {
        "type": "Point",
        "coordinates": [
          32.965,
          46.614
        ]
      },
      "properties": {
        "title": "FIRMS thermal anomaly (FRP 4.44 MW)",
        "summary": "VIIRS S-NPP NRT, sat N, acquired 2026-08-09 1013Z, FRP 4.44 MW",
        "date": "2026-08-09",
        "severity": 8,
        "source": "firms"
      }
    },
    {
      "type": "Feature",
      "geometry": {
        "type": "Point",
        "coordinates": [
          32.963,
          46.618
        ]
      },
      "properties": {
        "title": "FIRMS thermal anomaly (FRP 4.44 MW)",
        "summary": "VIIRS S-NPP NRT, sat N, acquired 2026-08-09 1013Z, FRP 4.44 MW",
        "date": "2026-08-09",
        "severity": 8,
        "source": "firms"
      }
    },
    {
      "type": "Feature",
      "geometry": {
        "type": "Point",
        "coordinates": [
          29.577,
          45.775
        ]
      },
      "properties": {
        "title": "FIRMS thermal anomaly (FRP 15.83 MW)",
        "summary": "VIIRS S-NPP NRT, sat N, acquired 2026-08-09 1013Z, FRP 15.83 MW",
        "date": "2026-08-09",
        "severity": 10,
        "source": "firms"
      }
    },
    {
      "type": "Feature",
      "geometry": {
        "type": "Point",
        "coordinates": [
          29.561,
          45.77
        ]
      },
      "properties": {
        "title": "FIRMS thermal anomaly (FRP 9.85 MW)",
        "summary": "VIIRS S-NPP NRT, sat N, acquired 2026-08-09 1013Z, FRP 9.85 MW",
        "date": "2026-08-09",
        "severity": 10,
        "source": "firms"
      }
    },
    {
      "type": "Feature",
      "geometry": {
        "type": "Point",
        "coordinates": [
          29.564,
          45.782
        ]
      },
      "properties": {
        "title": "FIRMS thermal anomaly (FRP 28.25 MW)",
        "summary": "VIIRS S-NPP NRT, sat N, acquired 2026-08-09 1013Z, FRP 28.25 MW",
        "date": "2026-08-09",
        "severity": 10,
        "source": "firms"
      }
    },
    {
      "type": "Feature",
      "geometry": {
        "type": "Point",
        "coordinates": [
          33.065,
          46.678
        ]
      },
      "properties": {
        "title": "FIRMS thermal anomaly (FRP 5.04 MW)",
        "summary": "VIIRS S-NPP NRT, sat N, acquired 2026-08-09 1013Z, FRP 5.04 MW",
        "date": "2026-08-09",
        "severity": 10,
        "source": "firms"
      }
    },
    {
      "type": "Feature",
      "geometry": {
        "type": "Point",
        "coordinates": [
          33.063,
          46.682
        ]
      },
      "properties": {
        "title": "FIRMS thermal anomaly (FRP 3.34 MW)",
        "summary": "VIIRS S-NPP NRT, sat N, acquired 2026-08-09 1013Z, FRP 3.34 MW",
        "date": "2026-08-09",
        "severity": 6,
        "source": "firms"
      }
    },
    {
      "type": "Feature",
      "geometry": {
        "type": "Point",
        "coordinates": [
          33.549,
          46.892
        ]
      },
      "properties": {
        "title": "FIRMS thermal anomaly (FRP 3.47 MW)",
        "summary": "VIIRS S-NPP NRT, sat N, acquired 2026-08-09 1013Z, FRP 3.47 MW",
        "date": "2026-08-09",
        "severity": 6,
        "source": "firms"
      }
    },
    {
      "type": "Feature",
      "geometry": {
        "type": "Point",
        "coordinates": [
          28.552,
          45.631
        ]
      },
      "properties": {
        "title": "FIRMS thermal anomaly (FRP 14.99 MW)",
        "summary": "VIIRS S-NPP NRT, sat N, acquired 2026-08-09 1013Z, FRP 14.99 MW",
        "date": "2026-08-09",
        "severity": 10,
        "source": "firms"
      }
    },
    {
      "type": "Feature",
      "geometry": {
        "type": "Point",
        "coordinates": [
          33.845,
          47.021
        ]
      },
      "properties": {
        "title": "FIRMS thermal anomaly (FRP 5.23 MW)",
        "summary": "VIIRS S-NPP NRT, sat N, acquired 2026-08-09 1013Z, FRP 5.23 MW",
        "date": "2026-08-09",
        "severity": 10,
        "source": "firms"
      }
    },
    {
      "type": "Feature",
      "geometry": {
        "type": "Point",
        "coordinates": [
          33.84,
          47.019
        ]
      },
      "properties": {
        "title": "FIRMS thermal anomaly (FRP 5.23 MW)",
        "summary": "VIIRS S-NPP NRT, sat N, acquired 2026-08-09 1013Z, FRP 5.23 MW",
        "date": "2026-08-09",
        "severity": 10,
        "source": "firms"
      }
    },
    {
      "type": "Feature",
      "geometry": {
        "type": "Point",
        "coordinates": [
          33.843,
          47.024
        ]
      },
      "properties": {
        "title": "FIRMS thermal anomaly (FRP 5.94 MW)",
        "summary": "VIIRS S-NPP NRT, sat N, acquired 2026-08-09 1013Z, FRP 5.94 MW",
        "date": "2026-08-09",
        "severity": 10,
        "source": "firms"
      }
    },
    {
      "type": "Feature",
      "geometry": {
        "type": "Point",
        "coordinates": [
          33.838,
          47.023
        ]
      },
      "properties": {
        "title": "FIRMS thermal anomaly (FRP 5.94 MW)",
        "summary": "VIIRS S-NPP NRT, sat N, acquired 2026-08-09 1013Z, FRP 5.94 MW",
        "date": "2026-08-09",
        "severity": 10,
        "source": "firms"
      }
    },
    {
      "type": "Feature",
      "geometry": {
        "type": "Point",
        "coordinates": [
          33.846,
          47.029
        ]
      },
      "properties": {
        "title": "FIRMS thermal anomaly (FRP 19.28 MW)",
        "summary": "VIIRS S-NPP NRT, sat N, acquired 2026-08-09 1013Z, FRP 19.28 MW",
        "date": "2026-08-09",
        "severity": 10,
        "source": "firms"
      }
    },
    {
      "type": "Feature",
      "geometry": {
        "type": "Point",
        "coordinates": [
          33.849,
          47.034
        ]
      },
      "properties": {
        "title": "FIRMS thermal anomaly (FRP 3.05 MW)",
        "summary": "VIIRS S-NPP NRT, sat N, acquired 2026-08-09 1013Z, FRP 3.05 MW",
        "date": "2026-08-09",
        "severity": 6,
        "source": "firms"
      }
    },
    {
      "type": "Feature",
      "geometry": {
        "type": "Point",
        "coordinates": [
          33.381,
          46.966
        ]
      },
      "properties": {
        "title": "FIRMS thermal anomaly (FRP 2.28 MW)",
        "summary": "VIIRS S-NPP NRT, sat N, acquired 2026-08-09 1013Z, FRP 2.28 MW",
        "date": "2026-08-09",
        "severity": 4,
        "source": "firms"
      }
    },
    {
      "type": "Feature",
      "geometry": {
        "type": "Point",
        "coordinates": [
          32.404,
          46.788
        ]
      },
      "properties": {
        "title": "FIRMS thermal anomaly (FRP 21.99 MW)",
        "summary": "VIIRS S-NPP NRT, sat N, acquired 2026-08-09 1013Z, FRP 21.99 MW",
        "date": "2026-08-09",
        "severity": 10,
        "source": "firms"
      }
    },
    {
      "type": "Feature",
      "geometry": {
        "type": "Point",
        "coordinates": [
          32.408,
          46.793
        ]
      },
      "properties": {
        "title": "FIRMS thermal anomaly (FRP 21.99 MW)",
        "summary": "VIIRS S-NPP NRT, sat N, acquired 2026-08-09 1013Z, FRP 21.99 MW",
        "date": "2026-08-09",
        "severity": 10,
        "source": "firms"
      }
    },
    {
      "type": "Feature",
      "geometry": {
        "type": "Point",
        "coordinates": [
          32.402,
          46.792
        ]
      },
      "properties": {
        "title": "FIRMS thermal anomaly (FRP 21.99 MW)",
        "summary": "VIIRS S-NPP NRT, sat N, acquired 2026-08-09 1013Z, FRP 21.99 MW",
        "date": "2026-08-09",
        "severity": 10,
        "source": "firms"
      }
    },
    {
      "type": "Feature",
      "geometry": {
        "type": "Point",
        "coordinates": [
          34.39,
          47.251
        ]
      },
      "properties": {
        "title": "FIRMS thermal anomaly (FRP 4.31 MW)",
        "summary": "VIIRS S-NPP NRT, sat N, acquired 2026-08-09 1013Z, FRP 4.31 MW",
        "date": "2026-08-09",
        "severity": 8,
        "source": "firms"
      }
    },
    {
      "type": "Feature",
      "geometry": {
        "type": "Point",
        "coordinates": [
          32.403,
          46.785
        ]
      },
      "properties": {
        "title": "FIRMS thermal anomaly (FRP 5.67 MW)",
        "summary": "VIIRS S-NPP NRT, sat N, acquired 2026-08-09 1013Z, FRP 5.67 MW",
        "date": "2026-08-09",
        "severity": 10,
        "source": "firms"
      }
    },
    {
      "type": "Feature",
      "geometry": {
        "type": "Point",
        "coordinates": [
          34.389,
          47.25
        ]
      },
      "properties": {
        "title": "FIRMS thermal anomaly (FRP 6.08 MW)",
        "summary": "VIIRS S-NPP NRT, sat N, acquired 2026-08-09 1013Z, FRP 6.08 MW",
        "date": "2026-08-09",
        "severity": 10,
        "source": "firms"
      }
    },
    {
      "type": "Feature",
      "geometry": {
        "type": "Point",
        "coordinates": [
          32.407,
          46.79
        ]
      },
      "properties": {
        "title": "FIRMS thermal anomaly (FRP 18.61 MW)",
        "summary": "VIIRS S-NPP NRT, sat N, acquired 2026-08-09 1013Z, FRP 18.61 MW",
        "date": "2026-08-09",
        "severity": 10,
        "source": "firms"
      }
    },
    {
      "type": "Feature",
      "geometry": {
        "type": "Point",
        "coordinates": [
          32.405,
          46.794
        ]
      },
      "properties": {
        "title": "FIRMS thermal anomaly (FRP 18.61 MW)",
        "summary": "VIIRS S-NPP NRT, sat N, acquired 2026-08-09 1013Z, FRP 18.61 MW",
        "date": "2026-08-09",
        "severity": 10,
        "source": "firms"
      }
    },
    {
      "type": "Feature",
      "geometry": {
        "type": "Point",
        "coordinates": [
          32.203,
          46.787
        ]
      },
      "properties": {
        "title": "FIRMS thermal anomaly (FRP 5.28 MW)",
        "summary": "VIIRS S-NPP NRT, sat N, acquired 2026-08-09 1013Z, FRP 5.28 MW",
        "date": "2026-08-09",
        "severity": 10,
        "source": "firms"
      }
    },
    {
      "type": "Feature",
      "geometry": {
        "type": "Point",
        "coordinates": [
          32.207,
          46.793
        ]
      },
      "properties": {
        "title": "FIRMS thermal anomaly (FRP 5.28 MW)",
        "summary": "VIIRS S-NPP NRT, sat N, acquired 2026-08-09 1013Z, FRP 5.28 MW",
        "date": "2026-08-09",
        "severity": 10,
        "source": "firms"
      }
    },
    {
      "type": "Feature",
      "geometry": {
        "type": "Point",
        "coordinates": [
          32.216,
          46.8
        ]
      },
      "properties": {
        "title": "FIRMS thermal anomaly (FRP 5.53 MW)",
        "summary": "VIIRS S-NPP NRT, sat N, acquired 2026-08-09 1013Z, FRP 5.53 MW",
        "date": "2026-08-09",
        "severity": 10,
        "source": "firms"
      }
    },
    {
      "type": "Feature",
      "geometry": {
        "type": "Point",
        "coordinates": [
          32.214,
          46.804
        ]
      },
      "properties": {
        "title": "FIRMS thermal anomaly (FRP 5.53 MW)",
        "summary": "VIIRS S-NPP NRT, sat N, acquired 2026-08-09 1013Z, FRP 5.53 MW",
        "date": "2026-08-09",
        "severity": 10,
        "source": "firms"
      }
    },
    {
      "type": "Feature",
      "geometry": {
        "type": "Point",
        "coordinates": [
          28.938,
          45.951
        ]
      },
      "properties": {
        "title": "FIRMS thermal anomaly (FRP 2.84 MW)",
        "summary": "VIIRS S-NPP NRT, sat N, acquired 2026-08-09 1013Z, FRP 2.84 MW",
        "date": "2026-08-09",
        "severity": 5,
        "source": "firms"
      }
    },
    {
      "type": "Feature",
      "geometry": {
        "type": "Point",
        "coordinates": [
          32.212,
          46.808
        ]
      },
      "properties": {
        "title": "FIRMS thermal anomaly (FRP 6.6 MW)",
        "summary": "VIIRS S-NPP NRT, sat N, acquired 2026-08-09 1013Z, FRP 6.6 MW",
        "date": "2026-08-09",
        "severity": 10,
        "source": "firms"
      }
    },
    {
      "type": "Feature",
      "geometry": {
        "type": "Point",
        "coordinates": [
          28.931,
          45.955
        ]
      },
      "properties": {
        "title": "FIRMS thermal anomaly (FRP 3.14 MW)",
        "summary": "VIIRS S-NPP NRT, sat N, acquired 2026-08-09 1013Z, FRP 3.14 MW",
        "date": "2026-08-09",
        "severity": 6,
        "source": "firms"
      }
    },
    {
      "type": "Feature",
      "geometry": {
        "type": "Point",
        "coordinates": [
          33.617,
          47.145
        ]
      },
      "properties": {
        "title": "FIRMS thermal anomaly (FRP 3.86 MW)",
        "summary": "VIIRS S-NPP NRT, sat N, acquired 2026-08-09 1013Z, FRP 3.86 MW",
        "date": "2026-08-09",
        "severity": 7,
        "source": "firms"
      }
    },
    {
      "type": "Feature",
      "geometry": {
        "type": "Point",
        "coordinates": [
          33.618,
          47.154
        ]
      },
      "properties": {
        "title": "FIRMS thermal anomaly (FRP 3.19 MW)",
        "summary": "VIIRS S-NPP NRT, sat N, acquired 2026-08-09 1013Z, FRP 3.19 MW",
        "date": "2026-08-09",
        "severity": 6,
        "source": "firms"
      }
    },
    {
      "type": "Feature",
      "geometry": {
        "type": "Point",
        "coordinates": [
          33.621,
          47.159
        ]
      },
      "properties": {
        "title": "FIRMS thermal anomaly (FRP 6.74 MW)",
        "summary": "VIIRS S-NPP NRT, sat N, acquired 2026-08-09 1013Z, FRP 6.74 MW",
        "date": "2026-08-09",
        "severity": 10,
        "source": "firms"
      }
    },
    {
      "type": "Feature",
      "geometry": {
        "type": "Point",
        "coordinates": [
          33.616,
          47.158
        ]
      },
      "properties": {
        "title": "FIRMS thermal anomaly (FRP 3.19 MW)",
        "summary": "VIIRS S-NPP NRT, sat N, acquired 2026-08-09 1013Z, FRP 3.19 MW",
        "date": "2026-08-09",
        "severity": 6,
        "source": "firms"
      }
    },
    {
      "type": "Feature",
      "geometry": {
        "type": "Point",
        "coordinates": [
          34.41,
          47.338
        ]
      },
      "properties": {
        "title": "FIRMS thermal anomaly (FRP 19.56 MW)",
        "summary": "VIIRS S-NPP NRT, sat N, acquired 2026-08-09 1013Z, FRP 19.56 MW",
        "date": "2026-08-09",
        "severity": 10,
        "source": "firms"
      }
    },
    {
      "type": "Feature",
      "geometry": {
        "type": "Point",
        "coordinates": [
          33.33,
          47.098
        ]
      },
      "properties": {
        "title": "FIRMS thermal anomaly (FRP 2.22 MW)",
        "summary": "VIIRS S-NPP NRT, sat N, acquired 2026-08-09 1013Z, FRP 2.22 MW",
        "date": "2026-08-09",
        "severity": 4,
        "source": "firms"
      }
    },
    {
      "type": "Feature",
      "geometry": {
        "type": "Point",
        "coordinates": [
          34.408,
          47.342
        ]
      },
      "properties": {
        "title": "FIRMS thermal anomaly (FRP 19.56 MW)",
        "summary": "VIIRS S-NPP NRT, sat N, acquired 2026-08-09 1013Z, FRP 19.56 MW",
        "date": "2026-08-09",
        "severity": 10,
        "source": "firms"
      }
    },
    {
      "type": "Feature",
      "geometry": {
        "type": "Point",
        "coordinates": [
          33.329,
          47.102
        ]
      },
      "properties": {
        "title": "FIRMS thermal anomaly (FRP 2.22 MW)",
        "summary": "VIIRS S-NPP NRT, sat N, acquired 2026-08-09 1013Z, FRP 2.22 MW",
        "date": "2026-08-09",
        "severity": 4,
        "source": "firms"
      }
    },
    {
      "type": "Feature",
      "geometry": {
        "type": "Point",
        "coordinates": [
          33.518,
          47.205
        ]
      },
      "properties": {
        "title": "FIRMS thermal anomaly (FRP 2.7 MW)",
        "summary": "VIIRS S-NPP NRT, sat N, acquired 2026-08-09 1013Z, FRP 2.7 MW",
        "date": "2026-08-09",
        "severity": 5,
        "source": "firms"
      }
    },
    {
      "type": "Feature",
      "geometry": {
        "type": "Point",
        "coordinates": [
          32.53,
          47.002
        ]
      },
      "properties": {
        "title": "FIRMS thermal anomaly (FRP 5.76 MW)",
        "summary": "VIIRS S-NPP NRT, sat N, acquired 2026-08-09 1013Z, FRP 5.76 MW",
        "date": "2026-08-09",
        "severity": 10,
        "source": "firms"
      }
    },
    {
      "type": "Feature",
      "geometry": {
        "type": "Point",
        "coordinates": [
          32.528,
          47.006
        ]
      },
      "properties": {
        "title": "FIRMS thermal anomaly (FRP 4.16 MW)",
        "summary": "VIIRS S-NPP NRT, sat N, acquired 2026-08-09 1013Z, FRP 4.16 MW",
        "date": "2026-08-09",
        "severity": 8,
        "source": "firms"
      }
    },
    {
      "type": "Feature",
      "geometry": {
        "type": "Point",
        "coordinates": [
          33.732,
          47.31
        ]
      },
      "properties": {
        "title": "FIRMS thermal anomaly (FRP 2.4 MW)",
        "summary": "VIIRS S-NPP NRT, sat N, acquired 2026-08-09 1013Z, FRP 2.4 MW",
        "date": "2026-08-09",
        "severity": 4,
        "source": "firms"
      }
    },
    {
      "type": "Feature",
      "geometry": {
        "type": "Point",
        "coordinates": [
          33.506,
          47.28
        ]
      },
      "properties": {
        "title": "FIRMS thermal anomaly (FRP 2.5 MW)",
        "summary": "VIIRS S-NPP NRT, sat N, acquired 2026-08-09 1013Z, FRP 2.5 MW",
        "date": "2026-08-09",
        "severity": 5,
        "source": "firms"
      }
    },
    {
      "type": "Feature",
      "geometry": {
        "type": "Point",
        "coordinates": [
          34.523,
          47.512
        ]
      },
      "properties": {
        "title": "FIRMS thermal anomaly (FRP 6.31 MW)",
        "summary": "VIIRS S-NPP NRT, sat N, acquired 2026-08-09 1013Z, FRP 6.31 MW",
        "date": "2026-08-09",
        "severity": 10,
        "source": "firms"
      }
    },
    {
      "type": "Feature",
      "geometry": {
        "type": "Point",
        "coordinates": [
          33.639,
          47.315
        ]
      },
      "properties": {
        "title": "FIRMS thermal anomaly (FRP 3.83 MW)",
        "summary": "VIIRS S-NPP NRT, sat N, acquired 2026-08-09 1013Z, FRP 3.83 MW",
        "date": "2026-08-09",
        "severity": 7,
        "source": "firms"
      }
    },
    {
      "type": "Feature",
      "geometry": {
        "type": "Point",
        "coordinates": [
          33.558,
          47.3
        ]
      },
      "properties": {
        "title": "FIRMS thermal anomaly (FRP 2.16 MW)",
        "summary": "VIIRS S-NPP NRT, sat N, acquired 2026-08-09 1013Z, FRP 2.16 MW",
        "date": "2026-08-09",
        "severity": 4,
        "source": "firms"
      }
    },
    {
      "type": "Feature",
      "geometry": {
        "type": "Point",
        "coordinates": [
          33.596,
          47.369
        ]
      },
      "properties": {
        "title": "FIRMS thermal anomaly (FRP 2.82 MW)",
        "summary": "VIIRS S-NPP NRT, sat N, acquired 2026-08-09 1013Z, FRP 2.82 MW",
        "date": "2026-08-09",
        "severity": 5,
        "source": "firms"
      }
    },
    {
      "type": "Feature",
      "geometry": {
        "type": "Point",
        "coordinates": [
          33.557,
          47.413
        ]
      },
      "properties": {
        "title": "FIRMS thermal anomaly (FRP 14.31 MW)",
        "summary": "VIIRS S-NPP NRT, sat N, acquired 2026-08-09 1013Z, FRP 14.31 MW",
        "date": "2026-08-09",
        "severity": 10,
        "source": "firms"
      }
    },
    {
      "type": "Feature",
      "geometry": {
        "type": "Point",
        "coordinates": [
          33.542,
          47.409
        ]
      },
      "properties": {
        "title": "FIRMS thermal anomaly (FRP 2.77 MW)",
        "summary": "VIIRS S-NPP NRT, sat N, acquired 2026-08-09 1013Z, FRP 2.77 MW",
        "date": "2026-08-09",
        "severity": 5,
        "source": "firms"
      }
    },
    {
      "type": "Feature",
      "geometry": {
        "type": "Point",
        "coordinates": [
          33.54,
          47.413
        ]
      },
      "properties": {
        "title": "FIRMS thermal anomaly (FRP 4.41 MW)",
        "summary": "VIIRS S-NPP NRT, sat N, acquired 2026-08-09 1013Z, FRP 4.41 MW",
        "date": "2026-08-09",
        "severity": 8,
        "source": "firms"
      }
    },
    {
      "type": "Feature",
      "geometry": {
        "type": "Point",
        "coordinates": [
          33.538,
          47.417
        ]
      },
      "properties": {
        "title": "FIRMS thermal anomaly (FRP 4.41 MW)",
        "summary": "VIIRS S-NPP NRT, sat N, acquired 2026-08-09 1013Z, FRP 4.41 MW",
        "date": "2026-08-09",
        "severity": 8,
        "source": "firms"
      }
    },
    {
      "type": "Feature",
      "geometry": {
        "type": "Point",
        "coordinates": [
          33.521,
          47.418
        ]
      },
      "properties": {
        "title": "FIRMS thermal anomaly (FRP 2.31 MW)",
        "summary": "VIIRS S-NPP NRT, sat N, acquired 2026-08-09 1013Z, FRP 2.31 MW",
        "date": "2026-08-09",
        "severity": 4,
        "source": "firms"
      }
    },
    {
      "type": "Feature",
      "geometry": {
        "type": "Point",
        "coordinates": [
          33.778,
          47.489
        ]
      },
      "properties": {
        "title": "FIRMS thermal anomaly (FRP 2.96 MW)",
        "summary": "VIIRS S-NPP NRT, sat N, acquired 2026-08-09 1013Z, FRP 2.96 MW",
        "date": "2026-08-09",
        "severity": 5,
        "source": "firms"
      }
    },
    {
      "type": "Feature",
      "geometry": {
        "type": "Point",
        "coordinates": [
          33.784,
          47.494
        ]
      },
      "properties": {
        "title": "FIRMS thermal anomaly (FRP 5.6 MW)",
        "summary": "VIIRS S-NPP NRT, sat N, acquired 2026-08-09 1013Z, FRP 5.6 MW",
        "date": "2026-08-09",
        "severity": 10,
        "source": "firms"
      }
    },
    {
      "type": "Feature",
      "geometry": {
        "type": "Point",
        "coordinates": [
          33.776,
          47.492
        ]
      },
      "properties": {
        "title": "FIRMS thermal anomaly (FRP 5.6 MW)",
        "summary": "VIIRS S-NPP NRT, sat N, acquired 2026-08-09 1013Z, FRP 5.6 MW",
        "date": "2026-08-09",
        "severity": 10,
        "source": "firms"
      }
    },
    {
      "type": "Feature",
      "geometry": {
        "type": "Point",
        "coordinates": [
          31.389,
          47.102
        ]
      },
      "properties": {
        "title": "FIRMS thermal anomaly (FRP 4.92 MW)",
        "summary": "VIIRS S-NPP NRT, sat N, acquired 2026-08-09 1013Z, FRP 4.92 MW",
        "date": "2026-08-09",
        "severity": 9,
        "source": "firms"
      }
    },
    {
      "type": "Feature",
      "geometry": {
        "type": "Point",
        "coordinates": [
          30.708,
          46.941
        ]
      },
      "properties": {
        "title": "FIRMS thermal anomaly (FRP 4.99 MW)",
        "summary": "VIIRS S-NPP NRT, sat N, acquired 2026-08-09 1013Z, FRP 4.99 MW",
        "date": "2026-08-09",
        "severity": 9,
        "source": "firms"
      }
    },
    {
      "type": "Feature",
      "geometry": {
        "type": "Point",
        "coordinates": [
          31.389,
          47.099
        ]
      },
      "properties": {
        "title": "FIRMS thermal anomaly (FRP 5.81 MW)",
        "summary": "VIIRS S-NPP NRT, sat N, acquired 2026-08-09 1013Z, FRP 5.81 MW",
        "date": "2026-08-09",
        "severity": 10,
        "source": "firms"
      }
    },
    {
      "type": "Feature",
      "geometry": {
        "type": "Point",
        "coordinates": [
          30.708,
          46.94
        ]
      },
      "properties": {
        "title": "FIRMS thermal anomaly (FRP 5.8 MW)",
        "summary": "VIIRS S-NPP NRT, sat N, acquired 2026-08-09 1013Z, FRP 5.8 MW",
        "date": "2026-08-09",
        "severity": 10,
        "source": "firms"
      }
    },
    {
      "type": "Feature",
      "geometry": {
        "type": "Point",
        "coordinates": [
          32.136,
          47.407
        ]
      },
      "properties": {
        "title": "FIRMS thermal anomaly (FRP 4.27 MW)",
        "summary": "VIIRS S-NPP NRT, sat N, acquired 2026-08-09 1013Z, FRP 4.27 MW",
        "date": "2026-08-09",
        "severity": 8,
        "source": "firms"
      }
    },
    {
      "type": "Feature",
      "geometry": {
        "type": "Point",
        "coordinates": [
          32.131,
          47.406
        ]
      },
      "properties": {
        "title": "FIRMS thermal anomaly (FRP 4.27 MW)",
        "summary": "VIIRS S-NPP NRT, sat N, acquired 2026-08-09 1013Z, FRP 4.27 MW",
        "date": "2026-08-09",
        "severity": 8,
        "source": "firms"
      }
    },
    {
      "type": "Feature",
      "geometry": {
        "type": "Point",
        "coordinates": [
          32.134,
          47.411
        ]
      },
      "properties": {
        "title": "FIRMS thermal anomaly (FRP 7.27 MW)",
        "summary": "VIIRS S-NPP NRT, sat N, acquired 2026-08-09 1013Z, FRP 7.27 MW",
        "date": "2026-08-09",
        "severity": 10,
        "source": "firms"
      }
    },
    {
      "type": "Feature",
      "geometry": {
        "type": "Point",
        "coordinates": [
          30.809,
          47.405
        ]
      },
      "properties": {
        "title": "FIRMS thermal anomaly (FRP 6.55 MW)",
        "summary": "VIIRS S-NPP NRT, sat N, acquired 2026-08-09 1013Z, FRP 6.55 MW",
        "date": "2026-08-09",
        "severity": 10,
        "source": "firms"
      }
    },
    {
      "type": "Feature",
      "geometry": {
        "type": "Point",
        "coordinates": [
          30.807,
          47.406
        ]
      },
      "properties": {
        "title": "FIRMS thermal anomaly (FRP 6.3 MW)",
        "summary": "VIIRS S-NPP NRT, sat N, acquired 2026-08-09 1013Z, FRP 6.3 MW",
        "date": "2026-08-09",
        "severity": 10,
        "source": "firms"
      }
    },
    {
      "type": "Feature",
      "geometry": {
        "type": "Point",
        "coordinates": [
          30.637,
          47.525
        ]
      },
      "properties": {
        "title": "FIRMS thermal anomaly (FRP 5.43 MW)",
        "summary": "VIIRS S-NPP NRT, sat N, acquired 2026-08-09 1013Z, FRP 5.43 MW",
        "date": "2026-08-09",
        "severity": 10,
        "source": "firms"
      }
    },
    {
      "type": "Feature",
      "geometry": {
        "type": "Point",
        "coordinates": [
          30.841,
          47.591
        ]
      },
      "properties": {
        "title": "FIRMS thermal anomaly (FRP 5.58 MW)",
        "summary": "VIIRS S-NPP NRT, sat N, acquired 2026-08-09 1013Z, FRP 5.58 MW",
        "date": "2026-08-09",
        "severity": 10,
        "source": "firms"
      }
    },
    {
      "type": "Feature",
      "geometry": {
        "type": "Point",
        "coordinates": [
          30.792,
          47.628
        ]
      },
      "properties": {
        "title": "FIRMS thermal anomaly (FRP 3.81 MW)",
        "summary": "VIIRS S-NPP NRT, sat N, acquired 2026-08-09 1013Z, FRP 3.81 MW",
        "date": "2026-08-09",
        "severity": 7,
        "source": "firms"
      }
    },
    {
      "type": "Feature",
      "geometry": {
        "type": "Point",
        "coordinates": [
          30.79,
          47.632
        ]
      },
      "properties": {
        "title": "FIRMS thermal anomaly (FRP 3.81 MW)",
        "summary": "VIIRS S-NPP NRT, sat N, acquired 2026-08-09 1013Z, FRP 3.81 MW",
        "date": "2026-08-09",
        "severity": 7,
        "source": "firms"
      }
    },
    {
      "type": "Feature",
      "geometry": {
        "type": "Point",
        "coordinates": [
          30.791,
          47.629
        ]
      },
      "properties": {
        "title": "FIRMS thermal anomaly (FRP 10.29 MW)",
        "summary": "VIIRS S-NPP NRT, sat N, acquired 2026-08-09 1013Z, FRP 10.29 MW",
        "date": "2026-08-09",
        "severity": 10,
        "source": "firms"
      }
    },
    {
      "type": "Feature",
      "geometry": {
        "type": "Point",
        "coordinates": [
          33.178,
          48.243
        ]
      },
      "properties": {
        "title": "FIRMS thermal anomaly (FRP 2.28 MW)",
        "summary": "VIIRS S-NPP NRT, sat N, acquired 2026-08-09 1013Z, FRP 2.28 MW",
        "date": "2026-08-09",
        "severity": 4,
        "source": "firms"
      }
    },
    {
      "type": "Feature",
      "geometry": {
        "type": "Point",
        "coordinates": [
          31.366,
          47.855
        ]
      },
      "properties": {
        "title": "FIRMS thermal anomaly (FRP 19.77 MW)",
        "summary": "VIIRS S-NPP NRT, sat N, acquired 2026-08-09 1013Z, FRP 19.77 MW",
        "date": "2026-08-09",
        "severity": 10,
        "source": "firms"
      }
    },
    {
      "type": "Feature",
      "geometry": {
        "type": "Point",
        "coordinates": [
          29.875,
          47.626
        ]
      },
      "properties": {
        "title": "FIRMS thermal anomaly (FRP 8.46 MW)",
        "summary": "VIIRS S-NPP NRT, sat N, acquired 2026-08-09 1013Z, FRP 8.46 MW",
        "date": "2026-08-09",
        "severity": 10,
        "source": "firms"
      }
    },
    {
      "type": "Feature",
      "geometry": {
        "type": "Point",
        "coordinates": [
          32.862,
          48.379
        ]
      },
      "properties": {
        "title": "FIRMS thermal anomaly (FRP 3.06 MW)",
        "summary": "VIIRS S-NPP NRT, sat N, acquired 2026-08-09 1013Z, FRP 3.06 MW",
        "date": "2026-08-09",
        "severity": 6,
        "source": "firms"
      }
    },
    {
      "type": "Feature",
      "geometry": {
        "type": "Point",
        "coordinates": [
          31.224,
          48.013
        ]
      },
      "properties": {
        "title": "FIRMS thermal anomaly (FRP 5.93 MW)",
        "summary": "VIIRS S-NPP NRT, sat N, acquired 2026-08-09 1013Z, FRP 5.93 MW",
        "date": "2026-08-09",
        "severity": 10,
        "source": "firms"
      }
    },
    {
      "type": "Feature",
      "geometry": {
        "type": "Point",
        "coordinates": [
          22.452,
          45.467
        ]
      },
      "properties": {
        "title": "FIRMS thermal anomaly (FRP 10.87 MW)",
        "summary": "VIIRS S-NPP NRT, sat N, acquired 2026-08-09 1013Z, FRP 10.87 MW",
        "date": "2026-08-09",
        "severity": 10,
        "source": "firms"
      }
    },
    {
      "type": "Feature",
      "geometry": {
        "type": "Point",
        "coordinates": [
          29.379,
          47.605
        ]
      },
      "properties": {
        "title": "FIRMS thermal anomaly (FRP 3.09 MW)",
        "summary": "VIIRS S-NPP NRT, sat N, acquired 2026-08-09 1013Z, FRP 3.09 MW",
        "date": "2026-08-09",
        "severity": 6,
        "source": "firms"
      }
    },
    {
      "type": "Feature",
      "geometry": {
        "type": "Point",
        "coordinates": [
          29.379,
          47.603
        ]
      },
      "properties": {
        "title": "FIRMS thermal anomaly (FRP 7.49 MW)",
        "summary": "VIIRS S-NPP NRT, sat N, acquired 2026-08-09 1013Z, FRP 7.49 MW",
        "date": "2026-08-09",
        "severity": 10,
        "source": "firms"
      }
    },
    {
      "type": "Feature",
      "geometry": {
        "type": "Point",
        "coordinates": [
          22.45,
          45.468
        ]
      },
      "properties": {
        "title": "FIRMS thermal anomaly (FRP 10.84 MW)",
        "summary": "VIIRS S-NPP NRT, sat N, acquired 2026-08-09 1013Z, FRP 10.84 MW",
        "date": "2026-08-09",
        "severity": 10,
        "source": "firms"
      }
    },
    {
      "type": "Feature",
      "geometry": {
        "type": "Point",
        "coordinates": [
          31.302,
          48.179
        ]
      },
      "properties": {
        "title": "FIRMS thermal anomaly (FRP 2.69 MW)",
        "summary": "VIIRS S-NPP NRT, sat N, acquired 2026-08-09 1013Z, FRP 2.69 MW",
        "date": "2026-08-09",
        "severity": 5,
        "source": "firms"
      }
    },
    {
      "type": "Feature",
      "geometry": {
        "type": "Point",
        "coordinates": [
          30.729,
          48.335
        ]
      },
      "properties": {
        "title": "FIRMS thermal anomaly (FRP 4.62 MW)",
        "summary": "VIIRS S-NPP NRT, sat N, acquired 2026-08-09 1013Z, FRP 4.62 MW",
        "date": "2026-08-09",
        "severity": 9,
        "source": "firms"
      }
    },
    {
      "type": "Feature",
      "geometry": {
        "type": "Point",
        "coordinates": [
          31.261,
          48.754
        ]
      },
      "properties": {
        "title": "FIRMS thermal anomaly (FRP 3.65 MW)",
        "summary": "VIIRS S-NPP NRT, sat N, acquired 2026-08-09 1013Z, FRP 3.65 MW",
        "date": "2026-08-09",
        "severity": 7,
        "source": "firms"
      }
    },
    {
      "type": "Feature",
      "geometry": {
        "type": "Point",
        "coordinates": [
          28.58,
          48.295
        ]
      },
      "properties": {
        "title": "FIRMS thermal anomaly (FRP 4.91 MW)",
        "summary": "VIIRS S-NPP NRT, sat N, acquired 2026-08-09 1013Z, FRP 4.91 MW",
        "date": "2026-08-09",
        "severity": 9,
        "source": "firms"
      }
    },
    {
      "type": "Feature",
      "geometry": {
        "type": "Point",
        "coordinates": [
          28.581,
          48.293
        ]
      },
      "properties": {
        "title": "FIRMS thermal anomaly (FRP 4.21 MW)",
        "summary": "VIIRS S-NPP NRT, sat N, acquired 2026-08-09 1013Z, FRP 4.21 MW",
        "date": "2026-08-09",
        "severity": 8,
        "source": "firms"
      }
    },
    {
      "type": "Feature",
      "geometry": {
        "type": "Point",
        "coordinates": [
          29.332,
          48.548
        ]
      },
      "properties": {
        "title": "FIRMS thermal anomaly (FRP 9.42 MW)",
        "summary": "VIIRS S-NPP NRT, sat N, acquired 2026-08-09 1013Z, FRP 9.42 MW",
        "date": "2026-08-09",
        "severity": 10,
        "source": "firms"
      }
    },
    {
      "type": "Feature",
      "geometry": {
        "type": "Point",
        "coordinates": [
          30.456,
          49.205
        ]
      },
      "properties": {
        "title": "FIRMS thermal anomaly (FRP 7.04 MW)",
        "summary": "VIIRS S-NPP NRT, sat N, acquired 2026-08-09 1013Z, FRP 7.04 MW",
        "date": "2026-08-09",
        "severity": 10,
        "source": "firms"
      }
    },
    {
      "type": "Feature",
      "geometry": {
        "type": "Point",
        "coordinates": [
          30.45,
          49.203
        ]
      },
      "properties": {
        "title": "FIRMS thermal anomaly (FRP 4.07 MW)",
        "summary": "VIIRS S-NPP NRT, sat N, acquired 2026-08-09 1013Z, FRP 4.07 MW",
        "date": "2026-08-09",
        "severity": 8,
        "source": "firms"
      }
    },
    {
      "type": "Feature",
      "geometry": {
        "type": "Point",
        "coordinates": [
          30.454,
          49.209
        ]
      },
      "properties": {
        "title": "FIRMS thermal anomaly (FRP 26.17 MW)",
        "summary": "VIIRS S-NPP NRT, sat N, acquired 2026-08-09 1013Z, FRP 26.17 MW",
        "date": "2026-08-09",
        "severity": 10,
        "source": "firms"
      }
    },
    {
      "type": "Feature",
      "geometry": {
        "type": "Point",
        "coordinates": [
          30.447,
          49.208
        ]
      },
      "properties": {
        "title": "FIRMS thermal anomaly (FRP 12.37 MW)",
        "summary": "VIIRS S-NPP NRT, sat N, acquired 2026-08-09 1013Z, FRP 12.37 MW",
        "date": "2026-08-09",
        "severity": 10,
        "source": "firms"
      }
    },
    {
      "type": "Feature",
      "geometry": {
        "type": "Point",
        "coordinates": [
          26.218,
          48.213
        ]
      },
      "properties": {
        "title": "FIRMS thermal anomaly (FRP 6.51 MW)",
        "summary": "VIIRS S-NPP NRT, sat N, acquired 2026-08-09 1013Z, FRP 6.51 MW",
        "date": "2026-08-09",
        "severity": 10,
        "source": "firms"
      }
    },
    {
      "type": "Feature",
      "geometry": {
        "type": "Point",
        "coordinates": [
          26.222,
          48.211
        ]
      },
      "properties": {
        "title": "FIRMS thermal anomaly (FRP 6.09 MW)",
        "summary": "VIIRS S-NPP NRT, sat N, acquired 2026-08-09 1013Z, FRP 6.09 MW",
        "date": "2026-08-09",
        "severity": 10,
        "source": "firms"
      }
    },
    {
      "type": "Feature",
      "geometry": {
        "type": "Point",
        "coordinates": [
          26.218,
          48.21
        ]
      },
      "properties": {
        "title": "FIRMS thermal anomaly (FRP 6.43 MW)",
        "summary": "VIIRS S-NPP NRT, sat N, acquired 2026-08-09 1013Z, FRP 6.43 MW",
        "date": "2026-08-09",
        "severity": 10,
        "source": "firms"
      }
    },
    {
      "type": "Feature",
      "geometry": {
        "type": "Point",
        "coordinates": [
          34.134,
          52.061
        ]
      },
      "properties": {
        "title": "FIRMS thermal anomaly (FRP 5.71 MW)",
        "summary": "VIIRS S-NPP NRT, sat N, acquired 2026-08-09 1013Z, FRP 5.71 MW",
        "date": "2026-08-09",
        "severity": 10,
        "source": "firms"
      }
    },
    {
      "type": "Feature",
      "geometry": {
        "type": "Point",
        "coordinates": [
          34.128,
          52.06
        ]
      },
      "properties": {
        "title": "FIRMS thermal anomaly (FRP 3.42 MW)",
        "summary": "VIIRS S-NPP NRT, sat N, acquired 2026-08-09 1013Z, FRP 3.42 MW",
        "date": "2026-08-09",
        "severity": 6,
        "source": "firms"
      }
    },
    {
      "type": "Feature",
      "geometry": {
        "type": "Point",
        "coordinates": [
          29.342,
          51.893
        ]
      },
      "properties": {
        "title": "FIRMS thermal anomaly (FRP 9.6 MW)",
        "summary": "VIIRS S-NPP NRT, sat N, acquired 2026-08-09 1013Z, FRP 9.6 MW",
        "date": "2026-08-09",
        "severity": 10,
        "source": "firms"
      }
    },
    {
      "type": "Feature",
      "geometry": {
        "type": "Point",
        "coordinates": [
          30.995,
          52.86
        ]
      },
      "properties": {
        "title": "FIRMS thermal anomaly (FRP 41.68 MW)",
        "summary": "VIIRS S-NPP NRT, sat N, acquired 2026-08-09 1013Z, FRP 41.68 MW",
        "date": "2026-08-09",
        "severity": 10,
        "source": "firms"
      }
    },
    {
      "type": "Feature",
      "geometry": {
        "type": "Point",
        "coordinates": [
          27.811,
          44.221
        ]
      },
      "properties": {
        "title": "FIRMS thermal anomaly (FRP 2.87 MW)",
        "summary": "VIIRS S-NPP NRT, sat N, acquired 2026-08-09 1153Z, FRP 2.87 MW",
        "date": "2026-08-09",
        "severity": 5,
        "source": "firms"
      }
    },
    {
      "type": "Feature",
      "geometry": {
        "type": "Point",
        "coordinates": [
          28.582,
          44.394
        ]
      },
      "properties": {
        "title": "FIRMS thermal anomaly (FRP 4.42 MW)",
        "summary": "VIIRS S-NPP NRT, sat N, acquired 2026-08-09 1153Z, FRP 4.42 MW",
        "date": "2026-08-09",
        "severity": 8,
        "source": "firms"
      }
    },
    {
      "type": "Feature",
      "geometry": {
        "type": "Point",
        "coordinates": [
          28.578,
          44.393
        ]
      },
      "properties": {
        "title": "FIRMS thermal anomaly (FRP 4.42 MW)",
        "summary": "VIIRS S-NPP NRT, sat N, acquired 2026-08-09 1153Z, FRP 4.42 MW",
        "date": "2026-08-09",
        "severity": 8,
        "source": "firms"
      }
    },
    {
      "type": "Feature",
      "geometry": {
        "type": "Point",
        "coordinates": [
          28.57,
          44.393
        ]
      },
      "properties": {
        "title": "FIRMS thermal anomaly (FRP 4.62 MW)",
        "summary": "VIIRS S-NPP NRT, sat N, acquired 2026-08-09 1153Z, FRP 4.62 MW",
        "date": "2026-08-09",
        "severity": 9,
        "source": "firms"
      }
    },
    {
      "type": "Feature",
      "geometry": {
        "type": "Point",
        "coordinates": [
          28.573,
          44.398
        ]
      },
      "properties": {
        "title": "FIRMS thermal anomaly (FRP 4.62 MW)",
        "summary": "VIIRS S-NPP NRT, sat N, acquired 2026-08-09 1153Z, FRP 4.62 MW",
        "date": "2026-08-09",
        "severity": 9,
        "source": "firms"
      }
    },
    {
      "type": "Feature",
      "geometry": {
        "type": "Point",
        "coordinates": [
          22.71,
          44.252
        ]
      },
      "properties": {
        "title": "FIRMS thermal anomaly (FRP 7.55 MW)",
        "summary": "VIIRS S-NPP NRT, sat N, acquired 2026-08-09 1153Z, FRP 7.55 MW",
        "date": "2026-08-09",
        "severity": 10,
        "source": "firms"
      }
    },
    {
      "type": "Feature",
      "geometry": {
        "type": "Point",
        "coordinates": [
          22.703,
          44.252
        ]
      },
      "properties": {
        "title": "FIRMS thermal anomaly (FRP 7.52 MW)",
        "summary": "VIIRS S-NPP NRT, sat N, acquired 2026-08-09 1153Z, FRP 7.52 MW",
        "date": "2026-08-09",
        "severity": 10,
        "source": "firms"
      }
    },
    {
      "type": "Feature",
      "geometry": {
        "type": "Point",
        "coordinates": [
          23.652,
          44.595
        ]
      },
      "properties": {
        "title": "FIRMS thermal anomaly (FRP 15.91 MW)",
        "summary": "VIIRS S-NPP NRT, sat N, acquired 2026-08-09 1153Z, FRP 15.91 MW",
        "date": "2026-08-09",
        "severity": 10,
        "source": "firms"
      }
    },
    {
      "type": "Feature",
      "geometry": {
        "type": "Point",
        "coordinates": [
          23.651,
          44.599
        ]
      },
      "properties": {
        "title": "FIRMS thermal anomaly (FRP 15.91 MW)",
        "summary": "VIIRS S-NPP NRT, sat N, acquired 2026-08-09 1153Z, FRP 15.91 MW",
        "date": "2026-08-09",
        "severity": 10,
        "source": "firms"
      }
    },
    {
      "type": "Feature",
      "geometry": {
        "type": "Point",
        "coordinates": [
          33.882,
          45.474
        ]
      },
      "properties": {
        "title": "FIRMS thermal anomaly (FRP 14.81 MW)",
        "summary": "VIIRS S-NPP NRT, sat N, acquired 2026-08-09 1153Z, FRP 14.81 MW",
        "date": "2026-08-09",
        "severity": 10,
        "source": "firms"
      }
    },
    {
      "type": "Feature",
      "geometry": {
        "type": "Point",
        "coordinates": [
          28.956,
          45.382
        ]
      },
      "properties": {
        "title": "FIRMS thermal anomaly (FRP 6.56 MW)",
        "summary": "VIIRS S-NPP NRT, sat N, acquired 2026-08-09 1153Z, FRP 6.56 MW",
        "date": "2026-08-09",
        "severity": 10,
        "source": "firms"
      }
    },
    {
      "type": "Feature",
      "geometry": {
        "type": "Point",
        "coordinates": [
          28.955,
          45.387
        ]
      },
      "properties": {
        "title": "FIRMS thermal anomaly (FRP 5.97 MW)",
        "summary": "VIIRS S-NPP NRT, sat N, acquired 2026-08-09 1153Z, FRP 5.97 MW",
        "date": "2026-08-09",
        "severity": 10,
        "source": "firms"
      }
    },
    {
      "type": "Feature",
      "geometry": {
        "type": "Point",
        "coordinates": [
          28.955,
          45.392
        ]
      },
      "properties": {
        "title": "FIRMS thermal anomaly (FRP 5.97 MW)",
        "summary": "VIIRS S-NPP NRT, sat N, acquired 2026-08-09 1153Z, FRP 5.97 MW",
        "date": "2026-08-09",
        "severity": 10,
        "source": "firms"
      }
    },
    {
      "type": "Feature",
      "geometry": {
        "type": "Point",
        "coordinates": [
          29.527,
          45.908
        ]
      },
      "properties": {
        "title": "FIRMS thermal anomaly (FRP 5.83 MW)",
        "summary": "VIIRS S-NPP NRT, sat N, acquired 2026-08-09 1153Z, FRP 5.83 MW",
        "date": "2026-08-09",
        "severity": 10,
        "source": "firms"
      }
    },
    {
      "type": "Feature",
      "geometry": {
        "type": "Point",
        "coordinates": [
          29.522,
          45.908
        ]
      },
      "properties": {
        "title": "FIRMS thermal anomaly (FRP 5.83 MW)",
        "summary": "VIIRS S-NPP NRT, sat N, acquired 2026-08-09 1153Z, FRP 5.83 MW",
        "date": "2026-08-09",
        "severity": 10,
        "source": "firms"
      }
    },
    {
      "type": "Feature",
      "geometry": {
        "type": "Point",
        "coordinates": [
          29.512,
          45.907
        ]
      },
      "properties": {
        "title": "FIRMS thermal anomaly (FRP 8.73 MW)",
        "summary": "VIIRS S-NPP NRT, sat N, acquired 2026-08-09 1153Z, FRP 8.73 MW",
        "date": "2026-08-09",
        "severity": 10,
        "source": "firms"
      }
    },
    {
      "type": "Feature",
      "geometry": {
        "type": "Point",
        "coordinates": [
          29.507,
          45.907
        ]
      },
      "properties": {
        "title": "FIRMS thermal anomaly (FRP 4.96 MW)",
        "summary": "VIIRS S-NPP NRT, sat N, acquired 2026-08-09 1153Z, FRP 4.96 MW",
        "date": "2026-08-09",
        "severity": 9,
        "source": "firms"
      }
    },
    {
      "type": "Feature",
      "geometry": {
        "type": "Point",
        "coordinates": [
          33.778,
          46.035
        ]
      },
      "properties": {
        "title": "FIRMS thermal anomaly (FRP 8.29 MW)",
        "summary": "VIIRS S-NPP NRT, sat N, acquired 2026-08-09 1153Z, FRP 8.29 MW",
        "date": "2026-08-09",
        "severity": 10,
        "source": "firms"
      }
    },
    {
      "type": "Feature",
      "geometry": {
        "type": "Point",
        "coordinates": [
          33.77,
          46.035
        ]
      },
      "properties": {
        "title": "FIRMS thermal anomaly (FRP 8.29 MW)",
        "summary": "VIIRS S-NPP NRT, sat N, acquired 2026-08-09 1153Z, FRP 8.29 MW",
        "date": "2026-08-09",
        "severity": 10,
        "source": "firms"
      }
    },
    {
      "type": "Feature",
      "geometry": {
        "type": "Point",
        "coordinates": [
          28.936,
          45.952
        ]
      },
      "properties": {
        "title": "FIRMS thermal anomaly (FRP 6.05 MW)",
        "summary": "VIIRS S-NPP NRT, sat N, acquired 2026-08-09 1153Z, FRP 6.05 MW",
        "date": "2026-08-09",
        "severity": 10,
        "source": "firms"
      }
    },
    {
      "type": "Feature",
      "geometry": {
        "type": "Point",
        "coordinates": [
          22.442,
          45.467
        ]
      },
      "properties": {
        "title": "FIRMS thermal anomaly (FRP 8.29 MW)",
        "summary": "VIIRS S-NPP NRT, sat N, acquired 2026-08-09 1153Z, FRP 8.29 MW",
        "date": "2026-08-09",
        "severity": 10,
        "source": "firms"
      }
    },
    {
      "type": "Feature",
      "geometry": {
        "type": "Point",
        "coordinates": [
          22.442,
          45.469
        ]
      },
      "properties": {
        "title": "FIRMS thermal anomaly (FRP 5.27 MW)",
        "summary": "VIIRS S-NPP NRT, sat N, acquired 2026-08-09 1153Z, FRP 5.27 MW",
        "date": "2026-08-09",
        "severity": 10,
        "source": "firms"
      }
    },
    {
      "type": "Feature",
      "geometry": {
        "type": "Point",
        "coordinates": [
          33.774,
          46.039
        ]
      },
      "properties": {
        "title": "FIRMS thermal anomaly (FRP 5.4 MW)",
        "summary": "VIIRS S-NPP NRT, sat N, acquired 2026-08-09 1153Z, FRP 5.4 MW",
        "date": "2026-08-09",
        "severity": 10,
        "source": "firms"
      }
    },
    {
      "type": "Feature",
      "geometry": {
        "type": "Point",
        "coordinates": [
          28.935,
          45.956
        ]
      },
      "properties": {
        "title": "FIRMS thermal anomaly (FRP 6.09 MW)",
        "summary": "VIIRS S-NPP NRT, sat N, acquired 2026-08-09 1153Z, FRP 6.09 MW",
        "date": "2026-08-09",
        "severity": 10,
        "source": "firms"
      }
    },
    {
      "type": "Feature",
      "geometry": {
        "type": "Point",
        "coordinates": [
          22.37,
          45.841
        ]
      },
      "properties": {
        "title": "FIRMS thermal anomaly (FRP 6.29 MW)",
        "summary": "VIIRS S-NPP NRT, sat N, acquired 2026-08-09 1153Z, FRP 6.29 MW",
        "date": "2026-08-09",
        "severity": 10,
        "source": "firms"
      }
    },
    {
      "type": "Feature",
      "geometry": {
        "type": "Point",
        "coordinates": [
          22.363,
          45.84
        ]
      },
      "properties": {
        "title": "FIRMS thermal anomaly (FRP 6.29 MW)",
        "summary": "VIIRS S-NPP NRT, sat N, acquired 2026-08-09 1153Z, FRP 6.29 MW",
        "date": "2026-08-09",
        "severity": 10,
        "source": "firms"
      }
    },
    {
      "type": "Feature",
      "geometry": {
        "type": "Point",
        "coordinates": [
          30.322,
          46.381
        ]
      },
      "properties": {
        "title": "FIRMS thermal anomaly (FRP 9.83 MW)",
        "summary": "VIIRS S-NPP NRT, sat N, acquired 2026-08-09 1153Z, FRP 9.83 MW",
        "date": "2026-08-09",
        "severity": 10,
        "source": "firms"
      }
    },
    {
      "type": "Feature",
      "geometry": {
        "type": "Point",
        "coordinates": [
          30.316,
          46.381
        ]
      },
      "properties": {
        "title": "FIRMS thermal anomaly (FRP 9.83 MW)",
        "summary": "VIIRS S-NPP NRT, sat N, acquired 2026-08-09 1153Z, FRP 9.83 MW",
        "date": "2026-08-09",
        "severity": 10,
        "source": "firms"
      }
    },
    {
      "type": "Feature",
      "geometry": {
        "type": "Point",
        "coordinates": [
          31.72,
          46.491
        ]
      },
      "properties": {
        "title": "FIRMS thermal anomaly (FRP 7.67 MW)",
        "summary": "VIIRS S-NPP NRT, sat N, acquired 2026-08-09 1153Z, FRP 7.67 MW",
        "date": "2026-08-09",
        "severity": 10,
        "source": "firms"
      }
    },
    {
      "type": "Feature",
      "geometry": {
        "type": "Point",
        "coordinates": [
          31.72,
          46.497
        ]
      },
      "properties": {
        "title": "FIRMS thermal anomaly (FRP 4.55 MW)",
        "summary": "VIIRS S-NPP NRT, sat N, acquired 2026-08-09 1153Z, FRP 4.55 MW",
        "date": "2026-08-09",
        "severity": 9,
        "source": "firms"
      }
    },
    {
      "type": "Feature",
      "geometry": {
        "type": "Point",
        "coordinates": [
          33.991,
          46.587
        ]
      },
      "properties": {
        "title": "FIRMS thermal anomaly (FRP 5.32 MW)",
        "summary": "VIIRS S-NPP NRT, sat N, acquired 2026-08-09 1153Z, FRP 5.32 MW",
        "date": "2026-08-09",
        "severity": 10,
        "source": "firms"
      }
    },
    {
      "type": "Feature",
      "geometry": {
        "type": "Point",
        "coordinates": [
          32.147,
          46.737
        ]
      },
      "properties": {
        "title": "FIRMS thermal anomaly (FRP 7.08 MW)",
        "summary": "VIIRS S-NPP NRT, sat N, acquired 2026-08-09 1153Z, FRP 7.08 MW",
        "date": "2026-08-09",
        "severity": 10,
        "source": "firms"
      }
    },
    {
      "type": "Feature",
      "geometry": {
        "type": "Point",
        "coordinates": [
          32.14,
          46.736
        ]
      },
      "properties": {
        "title": "FIRMS thermal anomaly (FRP 7.08 MW)",
        "summary": "VIIRS S-NPP NRT, sat N, acquired 2026-08-09 1153Z, FRP 7.08 MW",
        "date": "2026-08-09",
        "severity": 10,
        "source": "firms"
      }
    },
    {
      "type": "Feature",
      "geometry": {
        "type": "Point",
        "coordinates": [
          32.826,
          46.854
        ]
      },
      "properties": {
        "title": "FIRMS thermal anomaly (FRP 4.33 MW)",
        "summary": "VIIRS S-NPP NRT, sat N, acquired 2026-08-09 1153Z, FRP 4.33 MW",
        "date": "2026-08-09",
        "severity": 8,
        "source": "firms"
      }
    },
    {
      "type": "Feature",
      "geometry": {
        "type": "Point",
        "coordinates": [
          33.548,
          46.892
        ]
      },
      "properties": {
        "title": "FIRMS thermal anomaly (FRP 5.04 MW)",
        "summary": "VIIRS S-NPP NRT, sat N, acquired 2026-08-09 1153Z, FRP 5.04 MW",
        "date": "2026-08-09",
        "severity": 10,
        "source": "firms"
      }
    },
    {
      "type": "Feature",
      "geometry": {
        "type": "Point",
        "coordinates": [
          32.641,
          46.897
        ]
      },
      "properties": {
        "title": "FIRMS thermal anomaly (FRP 3.73 MW)",
        "summary": "VIIRS S-NPP NRT, sat N, acquired 2026-08-09 1153Z, FRP 3.73 MW",
        "date": "2026-08-09",
        "severity": 7,
        "source": "firms"
      }
    },
    {
      "type": "Feature",
      "geometry": {
        "type": "Point",
        "coordinates": [
          33.549,
          46.896
        ]
      },
      "properties": {
        "title": "FIRMS thermal anomaly (FRP 3.96 MW)",
        "summary": "VIIRS S-NPP NRT, sat N, acquired 2026-08-09 1153Z, FRP 3.96 MW",
        "date": "2026-08-09",
        "severity": 7,
        "source": "firms"
      }
    },
    {
      "type": "Feature",
      "geometry": {
        "type": "Point",
        "coordinates": [
          28.302,
          46.854
        ]
      },
      "properties": {
        "title": "FIRMS thermal anomaly (FRP 2.27 MW)",
        "summary": "VIIRS S-NPP NRT, sat N, acquired 2026-08-09 1153Z, FRP 2.27 MW",
        "date": "2026-08-09",
        "severity": 4,
        "source": "firms"
      }
    },
    {
      "type": "Feature",
      "geometry": {
        "type": "Point",
        "coordinates": [
          33.838,
          47.025
        ]
      },
      "properties": {
        "title": "FIRMS thermal anomaly (FRP 26.01 MW)",
        "summary": "VIIRS S-NPP NRT, sat N, acquired 2026-08-09 1153Z, FRP 26.01 MW",
        "date": "2026-08-09",
        "severity": 10,
        "source": "firms"
      }
    },
    {
      "type": "Feature",
      "geometry": {
        "type": "Point",
        "coordinates": [
          33.863,
          47.032
        ]
      },
      "properties": {
        "title": "FIRMS thermal anomaly (FRP 4.78 MW)",
        "summary": "VIIRS S-NPP NRT, sat N, acquired 2026-08-09 1153Z, FRP 4.78 MW",
        "date": "2026-08-09",
        "severity": 9,
        "source": "firms"
      }
    },
    {
      "type": "Feature",
      "geometry": {
        "type": "Point",
        "coordinates": [
          33.846,
          47.032
        ]
      },
      "properties": {
        "title": "FIRMS thermal anomaly (FRP 14.98 MW)",
        "summary": "VIIRS S-NPP NRT, sat N, acquired 2026-08-09 1153Z, FRP 14.98 MW",
        "date": "2026-08-09",
        "severity": 10,
        "source": "firms"
      }
    },
    {
      "type": "Feature",
      "geometry": {
        "type": "Point",
        "coordinates": [
          33.838,
          47.032
        ]
      },
      "properties": {
        "title": "FIRMS thermal anomaly (FRP 7.33 MW)",
        "summary": "VIIRS S-NPP NRT, sat N, acquired 2026-08-09 1153Z, FRP 7.33 MW",
        "date": "2026-08-09",
        "severity": 10,
        "source": "firms"
      }
    },
    {
      "type": "Feature",
      "geometry": {
        "type": "Point",
        "coordinates": [
          33.544,
          47.078
        ]
      },
      "properties": {
        "title": "FIRMS thermal anomaly (FRP 8.55 MW)",
        "summary": "VIIRS S-NPP NRT, sat N, acquired 2026-08-09 1153Z, FRP 8.55 MW",
        "date": "2026-08-09",
        "severity": 10,
        "source": "firms"
      }
    },
    {
      "type": "Feature",
      "geometry": {
        "type": "Point",
        "coordinates": [
          33.536,
          47.078
        ]
      },
      "properties": {
        "title": "FIRMS thermal anomaly (FRP 8.55 MW)",
        "summary": "VIIRS S-NPP NRT, sat N, acquired 2026-08-09 1153Z, FRP 8.55 MW",
        "date": "2026-08-09",
        "severity": 10,
        "source": "firms"
      }
    },
    {
      "type": "Feature",
      "geometry": {
        "type": "Point",
        "coordinates": [
          33.536,
          47.085
        ]
      },
      "properties": {
        "title": "FIRMS thermal anomaly (FRP 11.99 MW)",
        "summary": "VIIRS S-NPP NRT, sat N, acquired 2026-08-09 1153Z, FRP 11.99 MW",
        "date": "2026-08-09",
        "severity": 10,
        "source": "firms"
      }
    },
    {
      "type": "Feature",
      "geometry": {
        "type": "Point",
        "coordinates": [
          33.544,
          47.085
        ]
      },
      "properties": {
        "title": "FIRMS thermal anomaly (FRP 11.99 MW)",
        "summary": "VIIRS S-NPP NRT, sat N, acquired 2026-08-09 1153Z, FRP 11.99 MW",
        "date": "2026-08-09",
        "severity": 10,
        "source": "firms"
      }
    },
    {
      "type": "Feature",
      "geometry": {
        "type": "Point",
        "coordinates": [
          33.536,
          47.091
        ]
      },
      "properties": {
        "title": "FIRMS thermal anomaly (FRP 11.99 MW)",
        "summary": "VIIRS S-NPP NRT, sat N, acquired 2026-08-09 1153Z, FRP 11.99 MW",
        "date": "2026-08-09",
        "severity": 10,
        "source": "firms"
      }
    },
    {
      "type": "Feature",
      "geometry": {
        "type": "Point",
        "coordinates": [
          33.536,
          47.083
        ]
      },
      "properties": {
        "title": "FIRMS thermal anomaly (FRP 14.51 MW)",
        "summary": "VIIRS S-NPP NRT, sat N, acquired 2026-08-09 1153Z, FRP 14.51 MW",
        "date": "2026-08-09",
        "severity": 10,
        "source": "firms"
      }
    },
    {
      "type": "Feature",
      "geometry": {
        "type": "Point",
        "coordinates": [
          33.544,
          47.089
        ]
      },
      "properties": {
        "title": "FIRMS thermal anomaly (FRP 18.54 MW)",
        "summary": "VIIRS S-NPP NRT, sat N, acquired 2026-08-09 1153Z, FRP 18.54 MW",
        "date": "2026-08-09",
        "severity": 10,
        "source": "firms"
      }
    },
    {
      "type": "Feature",
      "geometry": {
        "type": "Point",
        "coordinates": [
          33.536,
          47.089
        ]
      },
      "properties": {
        "title": "FIRMS thermal anomaly (FRP 14.51 MW)",
        "summary": "VIIRS S-NPP NRT, sat N, acquired 2026-08-09 1153Z, FRP 14.51 MW",
        "date": "2026-08-09",
        "severity": 10,
        "source": "firms"
      }
    },
    {
      "type": "Feature",
      "geometry": {
        "type": "Point",
        "coordinates": [
          33.625,
          47.148
        ]
      },
      "properties": {
        "title": "FIRMS thermal anomaly (FRP 20.71 MW)",
        "summary": "VIIRS S-NPP NRT, sat N, acquired 2026-08-09 1153Z, FRP 20.71 MW",
        "date": "2026-08-09",
        "severity": 10,
        "source": "firms"
      }
    },
    {
      "type": "Feature",
      "geometry": {
        "type": "Point",
        "coordinates": [
          33.634,
          47.148
        ]
      },
      "properties": {
        "title": "FIRMS thermal anomaly (FRP 20.71 MW)",
        "summary": "VIIRS S-NPP NRT, sat N, acquired 2026-08-09 1153Z, FRP 20.71 MW",
        "date": "2026-08-09",
        "severity": 10,
        "source": "firms"
      }
    },
    {
      "type": "Feature",
      "geometry": {
        "type": "Point",
        "coordinates": [
          33.617,
          47.148
        ]
      },
      "properties": {
        "title": "FIRMS thermal anomaly (FRP 14.29 MW)",
        "summary": "VIIRS S-NPP NRT, sat N, acquired 2026-08-09 1153Z, FRP 14.29 MW",
        "date": "2026-08-09",
        "severity": 10,
        "source": "firms"
      }
    },
    {
      "type": "Feature",
      "geometry": {
        "type": "Point",
        "coordinates": [
          33.625,
          47.155
        ]
      },
      "properties": {
        "title": "FIRMS thermal anomaly (FRP 20.71 MW)",
        "summary": "VIIRS S-NPP NRT, sat N, acquired 2026-08-09 1153Z, FRP 20.71 MW",
        "date": "2026-08-09",
        "severity": 10,
        "source": "firms"
      }
    },
    {
      "type": "Feature",
      "geometry": {
        "type": "Point",
        "coordinates": [
          33.634,
          47.155
        ]
      },
      "properties": {
        "title": "FIRMS thermal anomaly (FRP 20.71 MW)",
        "summary": "VIIRS S-NPP NRT, sat N, acquired 2026-08-09 1153Z, FRP 20.71 MW",
        "date": "2026-08-09",
        "severity": 10,
        "source": "firms"
      }
    },
    {
      "type": "Feature",
      "geometry": {
        "type": "Point",
        "coordinates": [
          33.617,
          47.155
        ]
      },
      "properties": {
        "title": "FIRMS thermal anomaly (FRP 14.29 MW)",
        "summary": "VIIRS S-NPP NRT, sat N, acquired 2026-08-09 1153Z, FRP 14.29 MW",
        "date": "2026-08-09",
        "severity": 10,
        "source": "firms"
      }
    },
    {
      "type": "Feature",
      "geometry": {
        "type": "Point",
        "coordinates": [
          33.625,
          47.162
        ]
      },
      "properties": {
        "title": "FIRMS thermal anomaly (FRP 4.95 MW)",
        "summary": "VIIRS S-NPP NRT, sat N, acquired 2026-08-09 1153Z, FRP 4.95 MW",
        "date": "2026-08-09",
        "severity": 9,
        "source": "firms"
      }
    },
    {
      "type": "Feature",
      "geometry": {
        "type": "Point",
        "coordinates": [
          32.522,
          47.168
        ]
      },
      "properties": {
        "title": "FIRMS thermal anomaly (FRP 29.36 MW)",
        "summary": "VIIRS S-NPP NRT, sat N, acquired 2026-08-09 1153Z, FRP 29.36 MW",
        "date": "2026-08-09",
        "severity": 10,
        "source": "firms"
      }
    },
    {
      "type": "Feature",
      "geometry": {
        "type": "Point",
        "coordinates": [
          32.52,
          47.17
        ]
      },
      "properties": {
        "title": "FIRMS thermal anomaly (FRP 23.98 MW)",
        "summary": "VIIRS S-NPP NRT, sat N, acquired 2026-08-09 1153Z, FRP 23.98 MW",
        "date": "2026-08-09",
        "severity": 10,
        "source": "firms"
      }
    },
    {
      "type": "Feature",
      "geometry": {
        "type": "Point",
        "coordinates": [
          29.321,
          47.137
        ]
      },
      "properties": {
        "title": "FIRMS thermal anomaly (FRP 6.31 MW)",
        "summary": "VIIRS S-NPP NRT, sat N, acquired 2026-08-09 1153Z, FRP 6.31 MW",
        "date": "2026-08-09",
        "severity": 10,
        "source": "firms"
      }
    },
    {
      "type": "Feature",
      "geometry": {
        "type": "Point",
        "coordinates": [
          29.321,
          47.142
        ]
      },
      "properties": {
        "title": "FIRMS thermal anomaly (FRP 6.31 MW)",
        "summary": "VIIRS S-NPP NRT, sat N, acquired 2026-08-09 1153Z, FRP 6.31 MW",
        "date": "2026-08-09",
        "severity": 10,
        "source": "firms"
      }
    },
    {
      "type": "Feature",
      "geometry": {
        "type": "Point",
        "coordinates": [
          29.316,
          47.142
        ]
      },
      "properties": {
        "title": "FIRMS thermal anomaly (FRP 6.31 MW)",
        "summary": "VIIRS S-NPP NRT, sat N, acquired 2026-08-09 1153Z, FRP 6.31 MW",
        "date": "2026-08-09",
        "severity": 10,
        "source": "firms"
      }
    },
    {
      "type": "Feature",
      "geometry": {
        "type": "Point",
        "coordinates": [
          34.383,
          47.249
        ]
      },
      "properties": {
        "title": "FIRMS thermal anomaly (FRP 16.09 MW)",
        "summary": "VIIRS S-NPP NRT, sat N, acquired 2026-08-09 1153Z, FRP 16.09 MW",
        "date": "2026-08-09",
        "severity": 10,
        "source": "firms"
      }
    },
    {
      "type": "Feature",
      "geometry": {
        "type": "Point",
        "coordinates": [
          33.716,
          47.295
        ]
      },
      "properties": {
        "title": "FIRMS thermal anomaly (FRP 17.24 MW)",
        "summary": "VIIRS S-NPP NRT, sat N, acquired 2026-08-09 1153Z, FRP 17.24 MW",
        "date": "2026-08-09",
        "severity": 10,
        "source": "firms"
      }
    },
    {
      "type": "Feature",
      "geometry": {
        "type": "Point",
        "coordinates": [
          33.545,
          47.414
        ]
      },
      "properties": {
        "title": "FIRMS thermal anomaly (FRP 10.89 MW)",
        "summary": "VIIRS S-NPP NRT, sat N, acquired 2026-08-09 1153Z, FRP 10.89 MW",
        "date": "2026-08-09",
        "severity": 10,
        "source": "firms"
      }
    },
    {
      "type": "Feature",
      "geometry": {
        "type": "Point",
        "coordinates": [
          34.643,
          47.541
        ]
      },
      "properties": {
        "title": "FIRMS thermal anomaly (FRP 14.69 MW)",
        "summary": "VIIRS S-NPP NRT, sat N, acquired 2026-08-09 1153Z, FRP 14.69 MW",
        "date": "2026-08-09",
        "severity": 10,
        "source": "firms"
      }
    },
    {
      "type": "Feature",
      "geometry": {
        "type": "Point",
        "coordinates": [
          34.633,
          47.542
        ]
      },
      "properties": {
        "title": "FIRMS thermal anomaly (FRP 11.24 MW)",
        "summary": "VIIRS S-NPP NRT, sat N, acquired 2026-08-09 1153Z, FRP 11.24 MW",
        "date": "2026-08-09",
        "severity": 10,
        "source": "firms"
      }
    },
    {
      "type": "Feature",
      "geometry": {
        "type": "Point",
        "coordinates": [
          29.88,
          47.623
        ]
      },
      "properties": {
        "title": "FIRMS thermal anomaly (FRP 3.55 MW)",
        "summary": "VIIRS S-NPP NRT, sat N, acquired 2026-08-09 1153Z, FRP 3.55 MW",
        "date": "2026-08-09",
        "severity": 7,
        "source": "firms"
      }
    },
    {
      "type": "Feature",
      "geometry": {
        "type": "Point",
        "coordinates": [
          31.553,
          47.89
        ]
      },
      "properties": {
        "title": "FIRMS thermal anomaly (FRP 11.94 MW)",
        "summary": "VIIRS S-NPP NRT, sat N, acquired 2026-08-09 1153Z, FRP 11.94 MW",
        "date": "2026-08-09",
        "severity": 10,
        "source": "firms"
      }
    },
    {
      "type": "Feature",
      "geometry": {
        "type": "Point",
        "coordinates": [
          31.552,
          47.896
        ]
      },
      "properties": {
        "title": "FIRMS thermal anomaly (FRP 11.94 MW)",
        "summary": "VIIRS S-NPP NRT, sat N, acquired 2026-08-09 1153Z, FRP 11.94 MW",
        "date": "2026-08-09",
        "severity": 10,
        "source": "firms"
      }
    },
    {
      "type": "Feature",
      "geometry": {
        "type": "Point",
        "coordinates": [
          31.546,
          47.896
        ]
      },
      "properties": {
        "title": "FIRMS thermal anomaly (FRP 12.49 MW)",
        "summary": "VIIRS S-NPP NRT, sat N, acquired 2026-08-09 1153Z, FRP 12.49 MW",
        "date": "2026-08-09",
        "severity": 10,
        "source": "firms"
      }
    },
    {
      "type": "Feature",
      "geometry": {
        "type": "Point",
        "coordinates": [
          30.057,
          47.871
        ]
      },
      "properties": {
        "title": "FIRMS thermal anomaly (FRP 10.12 MW)",
        "summary": "VIIRS S-NPP NRT, sat N, acquired 2026-08-09 1153Z, FRP 10.12 MW",
        "date": "2026-08-09",
        "severity": 10,
        "source": "firms"
      }
    },
    {
      "type": "Feature",
      "geometry": {
        "type": "Point",
        "coordinates": [
          31.551,
          47.891
        ]
      },
      "properties": {
        "title": "FIRMS thermal anomaly (FRP 20.93 MW)",
        "summary": "VIIRS S-NPP NRT, sat N, acquired 2026-08-09 1153Z, FRP 20.93 MW",
        "date": "2026-08-09",
        "severity": 10,
        "source": "firms"
      }
    },
    {
      "type": "Feature",
      "geometry": {
        "type": "Point",
        "coordinates": [
          30.054,
          47.873
        ]
      },
      "properties": {
        "title": "FIRMS thermal anomaly (FRP 13.44 MW)",
        "summary": "VIIRS S-NPP NRT, sat N, acquired 2026-08-09 1153Z, FRP 13.44 MW",
        "date": "2026-08-09",
        "severity": 10,
        "source": "firms"
      }
    },
    {
      "type": "Feature",
      "geometry": {
        "type": "Point",
        "coordinates": [
          28.652,
          47.952
        ]
      },
      "properties": {
        "title": "FIRMS thermal anomaly (FRP 6.75 MW)",
        "summary": "VIIRS S-NPP NRT, sat N, acquired 2026-08-09 1153Z, FRP 6.75 MW",
        "date": "2026-08-09",
        "severity": 10,
        "source": "firms"
      }
    },
    {
      "type": "Feature",
      "geometry": {
        "type": "Point",
        "coordinates": [
          29.143,
          48.042
        ]
      },
      "properties": {
        "title": "FIRMS thermal anomaly (FRP 10.71 MW)",
        "summary": "VIIRS S-NPP NRT, sat N, acquired 2026-08-09 1153Z, FRP 10.71 MW",
        "date": "2026-08-09",
        "severity": 10,
        "source": "firms"
      }
    },
    {
      "type": "Feature",
      "geometry": {
        "type": "Point",
        "coordinates": [
          29.138,
          48.041
        ]
      },
      "properties": {
        "title": "FIRMS thermal anomaly (FRP 3.34 MW)",
        "summary": "VIIRS S-NPP NRT, sat N, acquired 2026-08-09 1153Z, FRP 3.34 MW",
        "date": "2026-08-09",
        "severity": 6,
        "source": "firms"
      }
    },
    {
      "type": "Feature",
      "geometry": {
        "type": "Point",
        "coordinates": [
          29.137,
          48.047
        ]
      },
      "properties": {
        "title": "FIRMS thermal anomaly (FRP 3.34 MW)",
        "summary": "VIIRS S-NPP NRT, sat N, acquired 2026-08-09 1153Z, FRP 3.34 MW",
        "date": "2026-08-09",
        "severity": 6,
        "source": "firms"
      }
    },
    {
      "type": "Feature",
      "geometry": {
        "type": "Point",
        "coordinates": [
          29.14,
          48.043
        ]
      },
      "properties": {
        "title": "FIRMS thermal anomaly (FRP 9.18 MW)",
        "summary": "VIIRS S-NPP NRT, sat N, acquired 2026-08-09 1153Z, FRP 9.18 MW",
        "date": "2026-08-09",
        "severity": 10,
        "source": "firms"
      }
    },
    {
      "type": "Feature",
      "geometry": {
        "type": "Point",
        "coordinates": [
          30.73,
          48.334
        ]
      },
      "properties": {
        "title": "FIRMS thermal anomaly (FRP 4.29 MW)",
        "summary": "VIIRS S-NPP NRT, sat N, acquired 2026-08-09 1153Z, FRP 4.29 MW",
        "date": "2026-08-09",
        "severity": 8,
        "source": "firms"
      }
    },
    {
      "type": "Feature",
      "geometry": {
        "type": "Point",
        "coordinates": [
          26.219,
          48.208
        ]
      },
      "properties": {
        "title": "FIRMS thermal anomaly (FRP 4.04 MW)",
        "summary": "VIIRS S-NPP NRT, sat N, acquired 2026-08-09 1153Z, FRP 4.04 MW",
        "date": "2026-08-09",
        "severity": 8,
        "source": "firms"
      }
    },
    {
      "type": "Feature",
      "geometry": {
        "type": "Point",
        "coordinates": [
          26.218,
          48.208
        ]
      },
      "properties": {
        "title": "FIRMS thermal anomaly (FRP 3.78 MW)",
        "summary": "VIIRS S-NPP NRT, sat N, acquired 2026-08-09 1153Z, FRP 3.78 MW",
        "date": "2026-08-09",
        "severity": 7,
        "source": "firms"
      }
    },
    {
      "type": "Feature",
      "geometry": {
        "type": "Point",
        "coordinates": [
          29.487,
          48.602
        ]
      },
      "properties": {
        "title": "FIRMS thermal anomaly (FRP 2.85 MW)",
        "summary": "VIIRS S-NPP NRT, sat N, acquired 2026-08-09 1153Z, FRP 2.85 MW",
        "date": "2026-08-09",
        "severity": 5,
        "source": "firms"
      }
    },
    {
      "type": "Feature",
      "geometry": {
        "type": "Point",
        "coordinates": [
          33.836,
          48.795
        ]
      },
      "properties": {
        "title": "FIRMS thermal anomaly (FRP 4.22 MW)",
        "summary": "VIIRS S-NPP NRT, sat N, acquired 2026-08-09 1153Z, FRP 4.22 MW",
        "date": "2026-08-09",
        "severity": 8,
        "source": "firms"
      }
    },
    {
      "type": "Feature",
      "geometry": {
        "type": "Point",
        "coordinates": [
          30.014,
          49.42
        ]
      },
      "properties": {
        "title": "FIRMS thermal anomaly (FRP 3.48 MW)",
        "summary": "VIIRS S-NPP NRT, sat N, acquired 2026-08-09 1153Z, FRP 3.48 MW",
        "date": "2026-08-09",
        "severity": 6,
        "source": "firms"
      }
    },
    {
      "type": "Feature",
      "geometry": {
        "type": "Point",
        "coordinates": [
          30.016,
          49.421
        ]
      },
      "properties": {
        "title": "FIRMS thermal anomaly (FRP 5.06 MW)",
        "summary": "VIIRS S-NPP NRT, sat N, acquired 2026-08-09 1153Z, FRP 5.06 MW",
        "date": "2026-08-09",
        "severity": 10,
        "source": "firms"
      }
    },
    {
      "type": "Feature",
      "geometry": {
        "type": "Point",
        "coordinates": [
          24.62,
          49.81
        ]
      },
      "properties": {
        "title": "FIRMS thermal anomaly (FRP 6.63 MW)",
        "summary": "VIIRS S-NPP NRT, sat N, acquired 2026-08-09 1153Z, FRP 6.63 MW",
        "date": "2026-08-09",
        "severity": 10,
        "source": "firms"
      }
    },
    {
      "type": "Feature",
      "geometry": {
        "type": "Point",
        "coordinates": [
          26.259,
          50.544
        ]
      },
      "properties": {
        "title": "FIRMS thermal anomaly (FRP 4.1 MW)",
        "summary": "VIIRS S-NPP NRT, sat N, acquired 2026-08-09 1155Z, FRP 4.1 MW",
        "date": "2026-08-09",
        "severity": 8,
        "source": "firms"
      }
    },
    {
      "type": "Feature",
      "geometry": {
        "type": "Point",
        "coordinates": [
          28.896,
          52.138
        ]
      },
      "properties": {
        "title": "FIRMS thermal anomaly (FRP 10.53 MW)",
        "summary": "VIIRS S-NPP NRT, sat N, acquired 2026-08-09 1155Z, FRP 10.53 MW",
        "date": "2026-08-09",
        "severity": 10,
        "source": "firms"
      }
    },
    {
      "type": "Feature",
      "geometry": {
        "type": "Point",
        "coordinates": [
          32.195,
          52.175
        ]
      },
      "properties": {
        "title": "FIRMS thermal anomaly (FRP 4.44 MW)",
        "summary": "VIIRS S-NPP NRT, sat N, acquired 2026-08-09 1155Z, FRP 4.44 MW",
        "date": "2026-08-09",
        "severity": 8,
        "source": "firms"
      }
    },
    {
      "type": "Feature",
      "geometry": {
        "type": "Point",
        "coordinates": [
          32.187,
          52.175
        ]
      },
      "properties": {
        "title": "FIRMS thermal anomaly (FRP 4.44 MW)",
        "summary": "VIIRS S-NPP NRT, sat N, acquired 2026-08-09 1155Z, FRP 4.44 MW",
        "date": "2026-08-09",
        "severity": 8,
        "source": "firms"
      }
    },
    {
      "type": "Feature",
      "geometry": {
        "type": "Point",
        "coordinates": [
          28.89,
          52.138
        ]
      },
      "properties": {
        "title": "FIRMS thermal anomaly (FRP 5.13 MW)",
        "summary": "VIIRS S-NPP NRT, sat N, acquired 2026-08-09 1155Z, FRP 5.13 MW",
        "date": "2026-08-09",
        "severity": 10,
        "source": "firms"
      }
    },
    {
      "type": "Feature",
      "geometry": {
        "type": "Point",
        "coordinates": [
          29.547,
          52.679
        ]
      },
      "properties": {
        "title": "FIRMS thermal anomaly (FRP 5.11 MW)",
        "summary": "VIIRS S-NPP NRT, sat N, acquired 2026-08-09 1155Z, FRP 5.11 MW",
        "date": "2026-08-09",
        "severity": 10,
        "source": "firms"
      }
    },
    {
      "type": "Feature",
      "geometry": {
        "type": "Point",
        "coordinates": [
          29.991,
          52.846
        ]
      },
      "properties": {
        "title": "FIRMS thermal anomaly (FRP 2.33 MW)",
        "summary": "VIIRS S-NPP NRT, sat N, acquired 2026-08-10 0007Z, FRP 2.33 MW",
        "date": "2026-08-10",
        "severity": 4,
        "source": "firms"
      }
    },
    {
      "type": "Feature",
      "geometry": {
        "type": "Point",
        "coordinates": [
          32.796,
          52.297
        ]
      },
      "properties": {
        "title": "FIRMS thermal anomaly (FRP 11.92 MW)",
        "summary": "VIIRS S-NPP NRT, sat N, acquired 2026-08-10 0007Z, FRP 11.92 MW",
        "date": "2026-08-10",
        "severity": 10,
        "source": "firms"
      }
    },
    {
      "type": "Feature",
      "geometry": {
        "type": "Point",
        "coordinates": [
          34.263,
          51.928
        ]
      },
      "properties": {
        "title": "FIRMS thermal anomaly (FRP 2.77 MW)",
        "summary": "VIIRS S-NPP NRT, sat N, acquired 2026-08-10 0007Z, FRP 2.77 MW",
        "date": "2026-08-10",
        "severity": 5,
        "source": "firms"
      }
    },
    {
      "type": "Feature",
      "geometry": {
        "type": "Point",
        "coordinates": [
          29.342,
          51.893
        ]
      },
      "properties": {
        "title": "FIRMS thermal anomaly (FRP 2.28 MW)",
        "summary": "VIIRS S-NPP NRT, sat N, acquired 2026-08-10 0007Z, FRP 2.28 MW",
        "date": "2026-08-10",
        "severity": 4,
        "source": "firms"
      }
    },
    {
      "type": "Feature",
      "geometry": {
        "type": "Point",
        "coordinates": [
          29.34,
          51.89
        ]
      },
      "properties": {
        "title": "FIRMS thermal anomaly (FRP 2.28 MW)",
        "summary": "VIIRS S-NPP NRT, sat N, acquired 2026-08-10 0007Z, FRP 2.28 MW",
        "date": "2026-08-10",
        "severity": 4,
        "source": "firms"
      }
    },
    {
      "type": "Feature",
      "geometry": {
        "type": "Point",
        "coordinates": [
          33.397,
          47.879
        ]
      },
      "properties": {
        "title": "FIRMS thermal anomaly (FRP 2.2 MW)",
        "summary": "VIIRS S-NPP NRT, sat N, acquired 2026-08-10 0007Z, FRP 2.2 MW",
        "date": "2026-08-10",
        "severity": 4,
        "source": "firms"
      }
    },
    {
      "type": "Feature",
      "geometry": {
        "type": "Point",
        "coordinates": [
          33.633,
          47.276
        ]
      },
      "properties": {
        "title": "FIRMS thermal anomaly (FRP 2.32 MW)",
        "summary": "VIIRS S-NPP NRT, sat N, acquired 2026-08-10 0007Z, FRP 2.32 MW",
        "date": "2026-08-10",
        "severity": 4,
        "source": "firms"
      }
    },
    {
      "type": "Feature",
      "geometry": {
        "type": "Point",
        "coordinates": [
          33.632,
          47.273
        ]
      },
      "properties": {
        "title": "FIRMS thermal anomaly (FRP 2.59 MW)",
        "summary": "VIIRS S-NPP NRT, sat N, acquired 2026-08-10 0007Z, FRP 2.59 MW",
        "date": "2026-08-10",
        "severity": 5,
        "source": "firms"
      }
    },
    {
      "type": "Feature",
      "geometry": {
        "type": "Point",
        "coordinates": [
          33.598,
          47.201
        ]
      },
      "properties": {
        "title": "FIRMS thermal anomaly (FRP 2.44 MW)",
        "summary": "VIIRS S-NPP NRT, sat N, acquired 2026-08-10 0007Z, FRP 2.44 MW",
        "date": "2026-08-10",
        "severity": 4,
        "source": "firms"
      }
    },
    {
      "type": "Feature",
      "geometry": {
        "type": "Point",
        "coordinates": [
          33.597,
          47.198
        ]
      },
      "properties": {
        "title": "FIRMS thermal anomaly (FRP 2.44 MW)",
        "summary": "VIIRS S-NPP NRT, sat N, acquired 2026-08-10 0007Z, FRP 2.44 MW",
        "date": "2026-08-10",
        "severity": 4,
        "source": "firms"
      }
    },
    {
      "type": "Feature",
      "geometry": {
        "type": "Point",
        "coordinates": [
          33.596,
          47.198
        ]
      },
      "properties": {
        "title": "FIRMS thermal anomaly (FRP 3.12 MW)",
        "summary": "VIIRS S-NPP NRT, sat N, acquired 2026-08-10 0007Z, FRP 3.12 MW",
        "date": "2026-08-10",
        "severity": 6,
        "source": "firms"
      }
    },
    {
      "type": "Feature",
      "geometry": {
        "type": "Point",
        "coordinates": [
          33.594,
          47.194
        ]
      },
      "properties": {
        "title": "FIRMS thermal anomaly (FRP 3.12 MW)",
        "summary": "VIIRS S-NPP NRT, sat N, acquired 2026-08-10 0007Z, FRP 3.12 MW",
        "date": "2026-08-10",
        "severity": 6,
        "source": "firms"
      }
    },
    {
      "type": "Feature",
      "geometry": {
        "type": "Point",
        "coordinates": [
          33.553,
          47.188
        ]
      },
      "properties": {
        "title": "FIRMS thermal anomaly (FRP 2.28 MW)",
        "summary": "VIIRS S-NPP NRT, sat N, acquired 2026-08-10 0007Z, FRP 2.28 MW",
        "date": "2026-08-10",
        "severity": 4,
        "source": "firms"
      }
    },
    {
      "type": "Feature",
      "geometry": {
        "type": "Point",
        "coordinates": [
          33.552,
          47.184
        ]
      },
      "properties": {
        "title": "FIRMS thermal anomaly (FRP 2.09 MW)",
        "summary": "VIIRS S-NPP NRT, sat N, acquired 2026-08-10 0007Z, FRP 2.09 MW",
        "date": "2026-08-10",
        "severity": 4,
        "source": "firms"
      }
    },
    {
      "type": "Feature",
      "geometry": {
        "type": "Point",
        "coordinates": [
          33.551,
          47.181
        ]
      },
      "properties": {
        "title": "FIRMS thermal anomaly (FRP 2.09 MW)",
        "summary": "VIIRS S-NPP NRT, sat N, acquired 2026-08-10 0007Z, FRP 2.09 MW",
        "date": "2026-08-10",
        "severity": 4,
        "source": "firms"
      }
    },
    {
      "type": "Feature",
      "geometry": {
        "type": "Point",
        "coordinates": [
          33.832,
          47.045
        ]
      },
      "properties": {
        "title": "FIRMS thermal anomaly (FRP 4.69 MW)",
        "summary": "VIIRS S-NPP NRT, sat N, acquired 2026-08-10 0007Z, FRP 4.69 MW",
        "date": "2026-08-10",
        "severity": 9,
        "source": "firms"
      }
    },
    {
      "type": "Feature",
      "geometry": {
        "type": "Point",
        "coordinates": [
          33.838,
          47.044
        ]
      },
      "properties": {
        "title": "FIRMS thermal anomaly (FRP 4.69 MW)",
        "summary": "VIIRS S-NPP NRT, sat N, acquired 2026-08-10 0007Z, FRP 4.69 MW",
        "date": "2026-08-10",
        "severity": 9,
        "source": "firms"
      }
    },
    {
      "type": "Feature",
      "geometry": {
        "type": "Point",
        "coordinates": [
          33.843,
          47.043
        ]
      },
      "properties": {
        "title": "FIRMS thermal anomaly (FRP 4.03 MW)",
        "summary": "VIIRS S-NPP NRT, sat N, acquired 2026-08-10 0007Z, FRP 4.03 MW",
        "date": "2026-08-10",
        "severity": 8,
        "source": "firms"
      }
    },
    {
      "type": "Feature",
      "geometry": {
        "type": "Point",
        "coordinates": [
          33.835,
          47.044
        ]
      },
      "properties": {
        "title": "FIRMS thermal anomaly (FRP 6.23 MW)",
        "summary": "VIIRS S-NPP NRT, sat N, acquired 2026-08-10 0007Z, FRP 6.23 MW",
        "date": "2026-08-10",
        "severity": 10,
        "source": "firms"
      }
    },
    {
      "type": "Feature",
      "geometry": {
        "type": "Point",
        "coordinates": [
          33.841,
          47.043
        ]
      },
      "properties": {
        "title": "FIRMS thermal anomaly (FRP 6.23 MW)",
        "summary": "VIIRS S-NPP NRT, sat N, acquired 2026-08-10 0007Z, FRP 6.23 MW",
        "date": "2026-08-10",
        "severity": 10,
        "source": "firms"
      }
    },
    {
      "type": "Feature",
      "geometry": {
        "type": "Point",
        "coordinates": [
          33.872,
          47.038
        ]
      },
      "properties": {
        "title": "FIRMS thermal anomaly (FRP 2.4 MW)",
        "summary": "VIIRS S-NPP NRT, sat N, acquired 2026-08-10 0007Z, FRP 2.4 MW",
        "date": "2026-08-10",
        "severity": 4,
        "source": "firms"
      }
    },
    {
      "type": "Feature",
      "geometry": {
        "type": "Point",
        "coordinates": [
          33.876,
          47.033
        ]
      },
      "properties": {
        "title": "FIRMS thermal anomaly (FRP 2.24 MW)",
        "summary": "VIIRS S-NPP NRT, sat N, acquired 2026-08-10 0007Z, FRP 2.24 MW",
        "date": "2026-08-10",
        "severity": 4,
        "source": "firms"
      }
    },
    {
      "type": "Feature",
      "geometry": {
        "type": "Point",
        "coordinates": [
          32.726,
          46.606
        ]
      },
      "properties": {
        "title": "FIRMS thermal anomaly (FRP 4.6 MW)",
        "summary": "VIIRS S-NPP NRT, sat N, acquired 2026-08-10 0007Z, FRP 4.6 MW",
        "date": "2026-08-10",
        "severity": 9,
        "source": "firms"
      }
    },
    {
      "type": "Feature",
      "geometry": {
        "type": "Point",
        "coordinates": [
          32.084,
          46.414
        ]
      },
      "properties": {
        "title": "FIRMS thermal anomaly (FRP 3.09 MW)",
        "summary": "VIIRS S-NPP NRT, sat N, acquired 2026-08-10 0007Z, FRP 3.09 MW",
        "date": "2026-08-10",
        "severity": 6,
        "source": "firms"
      }
    },
    {
      "type": "Feature",
      "geometry": {
        "type": "Point",
        "coordinates": [
          32.089,
          46.413
        ]
      },
      "properties": {
        "title": "FIRMS thermal anomaly (FRP 3.09 MW)",
        "summary": "VIIRS S-NPP NRT, sat N, acquired 2026-08-10 0007Z, FRP 3.09 MW",
        "date": "2026-08-10",
        "severity": 6,
        "source": "firms"
      }
    },
    {
      "type": "Feature",
      "geometry": {
        "type": "Point",
        "coordinates": [
          32.334,
          46.344
        ]
      },
      "properties": {
        "title": "FIRMS thermal anomaly (FRP 2.93 MW)",
        "summary": "VIIRS S-NPP NRT, sat N, acquired 2026-08-10 0007Z, FRP 2.93 MW",
        "date": "2026-08-10",
        "severity": 5,
        "source": "firms"
      }
    },
    {
      "type": "Feature",
      "geometry": {
        "type": "Point",
        "coordinates": [
          32.339,
          46.343
        ]
      },
      "properties": {
        "title": "FIRMS thermal anomaly (FRP 2.93 MW)",
        "summary": "VIIRS S-NPP NRT, sat N, acquired 2026-08-10 0007Z, FRP 2.93 MW",
        "date": "2026-08-10",
        "severity": 5,
        "source": "firms"
      }
    },
    {
      "type": "Feature",
      "geometry": {
        "type": "Point",
        "coordinates": [
          32.333,
          46.341
        ]
      },
      "properties": {
        "title": "FIRMS thermal anomaly (FRP 2.93 MW)",
        "summary": "VIIRS S-NPP NRT, sat N, acquired 2026-08-10 0007Z, FRP 2.93 MW",
        "date": "2026-08-10",
        "severity": 5,
        "source": "firms"
      }
    },
    {
      "type": "Feature",
      "geometry": {
        "type": "Point",
        "coordinates": [
          31.837,
          46.288
        ]
      },
      "properties": {
        "title": "FIRMS thermal anomaly (FRP 2.15 MW)",
        "summary": "VIIRS S-NPP NRT, sat N, acquired 2026-08-10 0007Z, FRP 2.15 MW",
        "date": "2026-08-10",
        "severity": 4,
        "source": "firms"
      }
    },
    {
      "type": "Feature",
      "geometry": {
        "type": "Point",
        "coordinates": [
          33.784,
          45.944
        ]
      },
      "properties": {
        "title": "FIRMS thermal anomaly (FRP 6.57 MW)",
        "summary": "VIIRS S-NPP NRT, sat N, acquired 2026-08-10 0007Z, FRP 6.57 MW",
        "date": "2026-08-10",
        "severity": 10,
        "source": "firms"
      }
    },
    {
      "type": "Feature",
      "geometry": {
        "type": "Point",
        "coordinates": [
          29.554,
          46.107
        ]
      },
      "properties": {
        "title": "FIRMS thermal anomaly (FRP 2.65 MW)",
        "summary": "VIIRS S-NPP NRT, sat N, acquired 2026-08-10 0007Z, FRP 2.65 MW",
        "date": "2026-08-10",
        "severity": 5,
        "source": "firms"
      }
    },
    {
      "type": "Feature",
      "geometry": {
        "type": "Point",
        "coordinates": [
          29.548,
          46.105
        ]
      },
      "properties": {
        "title": "FIRMS thermal anomaly (FRP 2.65 MW)",
        "summary": "VIIRS S-NPP NRT, sat N, acquired 2026-08-10 0007Z, FRP 2.65 MW",
        "date": "2026-08-10",
        "severity": 5,
        "source": "firms"
      }
    },
    {
      "type": "Feature",
      "geometry": {
        "type": "Point",
        "coordinates": [
          29.553,
          46.104
        ]
      },
      "properties": {
        "title": "FIRMS thermal anomaly (FRP 2.65 MW)",
        "summary": "VIIRS S-NPP NRT, sat N, acquired 2026-08-10 0007Z, FRP 2.65 MW",
        "date": "2026-08-10",
        "severity": 5,
        "source": "firms"
      }
    },
    {
      "type": "Feature",
      "geometry": {
        "type": "Point",
        "coordinates": [
          29.551,
          46.103
        ]
      },
      "properties": {
        "title": "FIRMS thermal anomaly (FRP 2.86 MW)",
        "summary": "VIIRS S-NPP NRT, sat N, acquired 2026-08-10 0007Z, FRP 2.86 MW",
        "date": "2026-08-10",
        "severity": 5,
        "source": "firms"
      }
    },
    {
      "type": "Feature",
      "geometry": {
        "type": "Point",
        "coordinates": [
          31.671,
          45.257
        ]
      },
      "properties": {
        "title": "FIRMS thermal anomaly (FRP 4.54 MW)",
        "summary": "VIIRS S-NPP NRT, sat N, acquired 2026-08-10 0009Z, FRP 4.54 MW",
        "date": "2026-08-10",
        "severity": 9,
        "source": "firms"
      }
    },
    {
      "type": "Feature",
      "geometry": {
        "type": "Point",
        "coordinates": [
          31.675,
          45.256
        ]
      },
      "properties": {
        "title": "FIRMS thermal anomaly (FRP 4.54 MW)",
        "summary": "VIIRS S-NPP NRT, sat N, acquired 2026-08-10 0009Z, FRP 4.54 MW",
        "date": "2026-08-10",
        "severity": 9,
        "source": "firms"
      }
    },
    {
      "type": "Feature",
      "geometry": {
        "type": "Point",
        "coordinates": [
          22.126,
          45.322
        ]
      },
      "properties": {
        "title": "FIRMS thermal anomaly (FRP 2.54 MW)",
        "summary": "VIIRS S-NPP NRT, sat N, acquired 2026-08-10 0009Z, FRP 2.54 MW",
        "date": "2026-08-10",
        "severity": 5,
        "source": "firms"
      }
    },
    {
      "type": "Feature",
      "geometry": {
        "type": "Point",
        "coordinates": [
          22.963,
          44.4
        ]
      },
      "properties": {
        "title": "FIRMS thermal anomaly (FRP 2.02 MW)",
        "summary": "VIIRS S-NPP NRT, sat N, acquired 2026-08-10 0009Z, FRP 2.02 MW",
        "date": "2026-08-10",
        "severity": 4,
        "source": "firms"
      }
    },
    {
      "type": "Feature",
      "geometry": {
        "type": "Point",
        "coordinates": [
          51.83,
          55.63
        ]
      },
      "properties": {
        "title": "Ukraine drone strike - Nizhnekamsk TANEKO refinery",
        "summary": "13 killed, 38 wounded. Major drone barrage hit Russia's largest refinery complex. Tatarstan, Russia.",
        "date": "2026-08-10",
        "severity": 9,
        "source": "acled"
      }
    },
    {
      "type": "Feature",
      "geometry": {
        "type": "Point",
        "coordinates": [
          42.55,
          16.9
        ]
      },
      "properties": {
        "title": "Houthi drone attack - Saudi Aramco Jazan refinery",
        "summary": "Houthis struck the 400,000 bpd Jazan refinery; fire extinguished, no casualties reported.",
        "date": "2026-08-09",
        "severity": 7,
        "source": "acled"
      }
    },
    {
      "type": "Feature",
      "geometry": {
        "type": "Point",
        "coordinates": [
          56.47,
          26.57
        ]
      },
      "properties": {
        "title": "Strait of Hormuz - U.S. naval blockade active",
        "summary": "55 commercial vessels redirected as of Aug 10. Iran-US conflict: 0.35% market probability of reopening by Aug 15.",
        "date": "2026-08-10",
        "severity": 10,
        "source": "gdacs"
      }
    },
    {
      "type": "Feature",
      "geometry": {
        "type": "Point",
        "coordinates": [
          -119.64,
          49.65
        ]
      },
      "properties": {
        "title": "British Columbia wildfires - provincial state of emergency",
        "summary": "21,700 displaced. Summerland fully evacuated. Federal assistance requested.",
        "date": "2026-08-09",
        "severity": 7,
        "source": "gdacs"
      }
    },
    {
      "type": "Feature",
      "geometry": {
        "type": "Point",
        "coordinates": [
          121.2,
          28.15
        ]
      },
      "properties": {
        "title": "Typhoon Dolphin - Zhejiang landfall",
        "summary": "1M+ evacuated. Wenzhou 900,000 relocated. Shanghai 1,500 flights cancelled. Record heat in Hong Kong.",
        "date": "2026-08-09",
        "severity": 8,
        "source": "gdacs"
      }
    }
  ]
}